--------------------------------------------------------
--  File created - Saturday-September-04-2010   
--------------------------------------------------------
---------------------------------------------------
--   DATA FOR TABLE CERTIFICATE
--   FILTER = none used
---------------------------------------------------
REM INSERTING into CERTIFICATE
Insert into CERTIFICATE (SKUID,CERTIFICATIONTYPEID,CERTIFICATENUMBER,DATESUBMITED,ACTIVESTATUS,DATEASSIGNED_EGI,DATEAPPROVED_CEGI,RENEWALREQUIRED_CGIN,SUPPLEMENTALREQUIRED_EI,SUPPLEMENTALNUMBER_EI,JOBREPORTNUMBER_CEN,EXTENSION_EN,SUPPLEMENTALEXTENSION_EN,SUPPLEMENTALMOLDSTAMPING_E,SUPPLEMENTALDATEASSIGNED_E,SUPPLEMENTALDATESUBMITTED_E,SUPPLEMENTALDATEAPPROVED_E,EMARKREFERENCE_I,EXPIRYDATE_I,FAMILY_I,PRODUCTLOCATION_C,COUNTRYOFMANUFACTURE_N,CUSTOMER_N,CUSTOMERSPECIFIC_N,IMPORTER_N,IMPORTERADDRESS_N,IMPORTERREPRESENTATIVE_N,COUNTRYLOCATION_N,BATCHNUMBER_G,CREATEDBY,CREATEDON,MODIFIEDBY,MODIFIEDON) values (391,1,'ecert001',null,'y',to_timestamp('04-SEP-10 12.00.00.000000000 AM','DD-MON-RR HH.MI.SS.FF AM'),null,'y','y','99','job01','1',null,'mold',to_timestamp('04-SEP-10 12.00.00.000000000 AM','DD-MON-RR HH.MI.SS.FF AM'),to_timestamp('04-SEP-10 12.00.00.000000000 AM','DD-MON-RR HH.MI.SS.FF AM'),null,null,null,null,null,null,null,'y',null,null,null,null,null,'ICSDEV',to_timestamp('04-SEP-10 11.31.44.990000000 AM','DD-MON-RR HH.MI.SS.FF AM'),'ICSDEV',to_timestamp('04-SEP-10 11.31.44.990000000 AM','DD-MON-RR HH.MI.SS.FF AM'));
Insert into CERTIFICATE (SKUID,CERTIFICATIONTYPEID,CERTIFICATENUMBER,DATESUBMITED,ACTIVESTATUS,DATEASSIGNED_EGI,DATEAPPROVED_CEGI,RENEWALREQUIRED_CGIN,SUPPLEMENTALREQUIRED_EI,SUPPLEMENTALNUMBER_EI,JOBREPORTNUMBER_CEN,EXTENSION_EN,SUPPLEMENTALEXTENSION_EN,SUPPLEMENTALMOLDSTAMPING_E,SUPPLEMENTALDATEASSIGNED_E,SUPPLEMENTALDATESUBMITTED_E,SUPPLEMENTALDATEAPPROVED_E,EMARKREFERENCE_I,EXPIRYDATE_I,FAMILY_I,PRODUCTLOCATION_C,COUNTRYOFMANUFACTURE_N,CUSTOMER_N,CUSTOMERSPECIFIC_N,IMPORTER_N,IMPORTERADDRESS_N,IMPORTERREPRESENTATIVE_N,COUNTRYLOCATION_N,BATCHNUMBER_G,CREATEDBY,CREATEDON,MODIFIEDBY,MODIFIEDON) values (391,2,'GSO-001',null,'n',to_timestamp('04-SEP-10 12.00.00.000000000 AM','DD-MON-RR HH.MI.SS.FF AM'),null,'y','y',null,null,'0',null,null,null,null,null,null,null,null,null,null,null,'y',null,null,null,null,'B033-044','ICSDEV',to_timestamp('04-SEP-10 11.34.39.812000000 AM','DD-MON-RR HH.MI.SS.FF AM'),'ICSDEV',to_timestamp('04-SEP-10 11.34.39.812000000 AM','DD-MON-RR HH.MI.SS.FF AM'));
Insert into CERTIFICATE (SKUID,CERTIFICATIONTYPEID,CERTIFICATENUMBER,DATESUBMITED,ACTIVESTATUS,DATEASSIGNED_EGI,DATEAPPROVED_CEGI,RENEWALREQUIRED_CGIN,SUPPLEMENTALREQUIRED_EI,SUPPLEMENTALNUMBER_EI,JOBREPORTNUMBER_CEN,EXTENSION_EN,SUPPLEMENTALEXTENSION_EN,SUPPLEMENTALMOLDSTAMPING_E,SUPPLEMENTALDATEASSIGNED_E,SUPPLEMENTALDATESUBMITTED_E,SUPPLEMENTALDATEAPPROVED_E,EMARKREFERENCE_I,EXPIRYDATE_I,FAMILY_I,PRODUCTLOCATION_C,COUNTRYOFMANUFACTURE_N,CUSTOMER_N,CUSTOMERSPECIFIC_N,IMPORTER_N,IMPORTERADDRESS_N,IMPORTERREPRESENTATIVE_N,COUNTRYLOCATION_N,BATCHNUMBER_G,CREATEDBY,CREATEDON,MODIFIEDBY,MODIFIEDON) values (391,3,'Nom001',null,'y',null,null,'y','y',null,'job001','1',null,null,null,null,null,null,null,null,null,'Moldavia,MotorCity','Padilha Pneus','y','Ze mané','Rua del Desporto 123','Juan pablo Montoia','Mexico City',null,'ICSDEV',to_timestamp('04-SEP-10 11.37.20.755000000 AM','DD-MON-RR HH.MI.SS.FF AM'),'ICSDEV',to_timestamp('04-SEP-10 11.37.20.755000000 AM','DD-MON-RR HH.MI.SS.FF AM'));
Insert into CERTIFICATE (SKUID,CERTIFICATIONTYPEID,CERTIFICATENUMBER,DATESUBMITED,ACTIVESTATUS,DATEASSIGNED_EGI,DATEAPPROVED_CEGI,RENEWALREQUIRED_CGIN,SUPPLEMENTALREQUIRED_EI,SUPPLEMENTALNUMBER_EI,JOBREPORTNUMBER_CEN,EXTENSION_EN,SUPPLEMENTALEXTENSION_EN,SUPPLEMENTALMOLDSTAMPING_E,SUPPLEMENTALDATEASSIGNED_E,SUPPLEMENTALDATESUBMITTED_E,SUPPLEMENTALDATEAPPROVED_E,EMARKREFERENCE_I,EXPIRYDATE_I,FAMILY_I,PRODUCTLOCATION_C,COUNTRYOFMANUFACTURE_N,CUSTOMER_N,CUSTOMERSPECIFIC_N,IMPORTER_N,IMPORTERADDRESS_N,IMPORTERREPRESENTATIVE_N,COUNTRYLOCATION_N,BATCHNUMBER_G,CREATEDBY,CREATEDON,MODIFIEDBY,MODIFIEDON) values (392,1,'Ecert001',null,'y',to_timestamp('04-SEP-10 12.00.00.000000000 AM','DD-MON-RR HH.MI.SS.FF AM'),null,'y','y','123','001','3',null,'Mold 2',to_timestamp('13-SEP-10 12.00.00.000000000 AM','DD-MON-RR HH.MI.SS.FF AM'),null,null,null,null,null,null,null,null,'y',null,null,null,null,null,'ICSDEV',to_timestamp('04-SEP-10 11.38.24.435000000 AM','DD-MON-RR HH.MI.SS.FF AM'),'ICSDEV',to_timestamp('04-SEP-10 11.38.24.435000000 AM','DD-MON-RR HH.MI.SS.FF AM'));
Insert into CERTIFICATE (SKUID,CERTIFICATIONTYPEID,CERTIFICATENUMBER,DATESUBMITED,ACTIVESTATUS,DATEASSIGNED_EGI,DATEAPPROVED_CEGI,RENEWALREQUIRED_CGIN,SUPPLEMENTALREQUIRED_EI,SUPPLEMENTALNUMBER_EI,JOBREPORTNUMBER_CEN,EXTENSION_EN,SUPPLEMENTALEXTENSION_EN,SUPPLEMENTALMOLDSTAMPING_E,SUPPLEMENTALDATEASSIGNED_E,SUPPLEMENTALDATESUBMITTED_E,SUPPLEMENTALDATEAPPROVED_E,EMARKREFERENCE_I,EXPIRYDATE_I,FAMILY_I,PRODUCTLOCATION_C,COUNTRYOFMANUFACTURE_N,CUSTOMER_N,CUSTOMERSPECIFIC_N,IMPORTER_N,IMPORTERADDRESS_N,IMPORTERREPRESENTATIVE_N,COUNTRYLOCATION_N,BATCHNUMBER_G,CREATEDBY,CREATEDON,MODIFIEDBY,MODIFIEDON) values (392,2,'GSO002',null,'n',to_timestamp('04-SEP-10 12.00.00.000000000 AM','DD-MON-RR HH.MI.SS.FF AM'),null,'y','y',null,null,'0',null,null,null,null,null,null,null,null,null,null,null,'y',null,null,null,null,'B0334455','ICSDEV',to_timestamp('04-SEP-10 11.39.12.912000000 AM','DD-MON-RR HH.MI.SS.FF AM'),'ICSDEV',to_timestamp('04-SEP-10 11.39.12.912000000 AM','DD-MON-RR HH.MI.SS.FF AM'));
Insert into CERTIFICATE (SKUID,CERTIFICATIONTYPEID,CERTIFICATENUMBER,DATESUBMITED,ACTIVESTATUS,DATEASSIGNED_EGI,DATEAPPROVED_CEGI,RENEWALREQUIRED_CGIN,SUPPLEMENTALREQUIRED_EI,SUPPLEMENTALNUMBER_EI,JOBREPORTNUMBER_CEN,EXTENSION_EN,SUPPLEMENTALEXTENSION_EN,SUPPLEMENTALMOLDSTAMPING_E,SUPPLEMENTALDATEASSIGNED_E,SUPPLEMENTALDATESUBMITTED_E,SUPPLEMENTALDATEAPPROVED_E,EMARKREFERENCE_I,EXPIRYDATE_I,FAMILY_I,PRODUCTLOCATION_C,COUNTRYOFMANUFACTURE_N,CUSTOMER_N,CUSTOMERSPECIFIC_N,IMPORTER_N,IMPORTERADDRESS_N,IMPORTERREPRESENTATIVE_N,COUNTRYLOCATION_N,BATCHNUMBER_G,CREATEDBY,CREATEDON,MODIFIEDBY,MODIFIEDON) values (392,3,'Nom003',null,'n',null,null,'y','y',null,'jb001','1',null,null,null,null,null,null,null,null,null,'Paraguai','All','n','Pneus Montoia ltda','Rual del castilho 123','Juan Marguerito sebastian azevedo','Montivideo',null,'ICSDEV',to_timestamp('04-SEP-10 11.41.15.610000000 AM','DD-MON-RR HH.MI.SS.FF AM'),'ICSDEV',to_timestamp('04-SEP-10 11.41.15.610000000 AM','DD-MON-RR HH.MI.SS.FF AM'));
Insert into CERTIFICATE (SKUID,CERTIFICATIONTYPEID,CERTIFICATENUMBER,DATESUBMITED,ACTIVESTATUS,DATEASSIGNED_EGI,DATEAPPROVED_CEGI,RENEWALREQUIRED_CGIN,SUPPLEMENTALREQUIRED_EI,SUPPLEMENTALNUMBER_EI,JOBREPORTNUMBER_CEN,EXTENSION_EN,SUPPLEMENTALEXTENSION_EN,SUPPLEMENTALMOLDSTAMPING_E,SUPPLEMENTALDATEASSIGNED_E,SUPPLEMENTALDATESUBMITTED_E,SUPPLEMENTALDATEAPPROVED_E,EMARKREFERENCE_I,EXPIRYDATE_I,FAMILY_I,PRODUCTLOCATION_C,COUNTRYOFMANUFACTURE_N,CUSTOMER_N,CUSTOMERSPECIFIC_N,IMPORTER_N,IMPORTERADDRESS_N,IMPORTERREPRESENTATIVE_N,COUNTRYLOCATION_N,BATCHNUMBER_G,CREATEDBY,CREATEDON,MODIFIEDBY,MODIFIEDON) values (393,1,'Ecert003',null,'y',to_timestamp('04-SEP-10 12.00.00.000000000 AM','DD-MON-RR HH.MI.SS.FF AM'),null,'y','y','123','jb001','3',null,null,to_timestamp('04-SEP-10 12.00.00.000000000 AM','DD-MON-RR HH.MI.SS.FF AM'),null,null,null,null,null,null,null,null,'y',null,null,null,null,null,'ICSDEV',to_timestamp('04-SEP-10 11.43.06.790000000 AM','DD-MON-RR HH.MI.SS.FF AM'),'ICSDEV',to_timestamp('04-SEP-10 11.43.06.790000000 AM','DD-MON-RR HH.MI.SS.FF AM'));
Insert into CERTIFICATE (SKUID,CERTIFICATIONTYPEID,CERTIFICATENUMBER,DATESUBMITED,ACTIVESTATUS,DATEASSIGNED_EGI,DATEAPPROVED_CEGI,RENEWALREQUIRED_CGIN,SUPPLEMENTALREQUIRED_EI,SUPPLEMENTALNUMBER_EI,JOBREPORTNUMBER_CEN,EXTENSION_EN,SUPPLEMENTALEXTENSION_EN,SUPPLEMENTALMOLDSTAMPING_E,SUPPLEMENTALDATEASSIGNED_E,SUPPLEMENTALDATESUBMITTED_E,SUPPLEMENTALDATEAPPROVED_E,EMARKREFERENCE_I,EXPIRYDATE_I,FAMILY_I,PRODUCTLOCATION_C,COUNTRYOFMANUFACTURE_N,CUSTOMER_N,CUSTOMERSPECIFIC_N,IMPORTER_N,IMPORTERADDRESS_N,IMPORTERREPRESENTATIVE_N,COUNTRYLOCATION_N,BATCHNUMBER_G,CREATEDBY,CREATEDON,MODIFIEDBY,MODIFIEDON) values (393,2,'GSO-003',null,'n',to_timestamp('04-SEP-10 12.00.00.000000000 AM','DD-MON-RR HH.MI.SS.FF AM'),null,'y','y',null,null,'0',null,null,null,null,null,null,null,null,null,null,null,'y',null,null,null,null,'btc03456','ICSDEV',to_timestamp('04-SEP-10 11.48.03.913000000 AM','DD-MON-RR HH.MI.SS.FF AM'),'ICSDEV',to_timestamp('04-SEP-10 11.48.03.913000000 AM','DD-MON-RR HH.MI.SS.FF AM'));
Insert into CERTIFICATE (SKUID,CERTIFICATIONTYPEID,CERTIFICATENUMBER,DATESUBMITED,ACTIVESTATUS,DATEASSIGNED_EGI,DATEAPPROVED_CEGI,RENEWALREQUIRED_CGIN,SUPPLEMENTALREQUIRED_EI,SUPPLEMENTALNUMBER_EI,JOBREPORTNUMBER_CEN,EXTENSION_EN,SUPPLEMENTALEXTENSION_EN,SUPPLEMENTALMOLDSTAMPING_E,SUPPLEMENTALDATEASSIGNED_E,SUPPLEMENTALDATESUBMITTED_E,SUPPLEMENTALDATEAPPROVED_E,EMARKREFERENCE_I,EXPIRYDATE_I,FAMILY_I,PRODUCTLOCATION_C,COUNTRYOFMANUFACTURE_N,CUSTOMER_N,CUSTOMERSPECIFIC_N,IMPORTER_N,IMPORTERADDRESS_N,IMPORTERREPRESENTATIVE_N,COUNTRYLOCATION_N,BATCHNUMBER_G,CREATEDBY,CREATEDON,MODIFIEDBY,MODIFIEDON) values (393,3,'Nom003',null,'n',null,null,'y','y',null,'09871','1',null,null,null,null,null,null,null,null,null,'UK','Xpto tires','n','Macro Export inc.','Main street 112','Charles Windsor III','London',null,'ICSDEV',to_timestamp('04-SEP-10 11.49.56.205000000 AM','DD-MON-RR HH.MI.SS.FF AM'),'ICSDEV',to_timestamp('04-SEP-10 11.49.56.205000000 AM','DD-MON-RR HH.MI.SS.FF AM'));

---------------------------------------------------
--   END DATA FOR TABLE CERTIFICATE
---------------------------------------------------

---------------------------------------------------
--   DATA FOR TABLE PRODUCTCOUNTRY
--   FILTER = none used
---------------------------------------------------
REM INSERTING into PRODUCTCOUNTRY
Insert into PRODUCTCOUNTRY (COUNTRYID,CERTIFICATIONTYPEID,REQUESTSTATUS,SKUID,CREATEDBY,CREATEDON,MODIFIEDBY,MODIFIEDON) values (45,1,'I',391,'ICSDEV',to_timestamp('04-SEP-10 11.28.15.713000000 AM','DD-MON-RR HH.MI.SS.FF AM'),'ICSDEV',to_timestamp('04-SEP-10 11.28.15.713000000 AM','DD-MON-RR HH.MI.SS.FF AM'));
Insert into PRODUCTCOUNTRY (COUNTRYID,CERTIFICATIONTYPEID,REQUESTSTATUS,SKUID,CREATEDBY,CREATEDON,MODIFIEDBY,MODIFIEDON) values (65,1,'I',391,'ICSDEV',to_timestamp('04-SEP-10 11.28.15.713000000 AM','DD-MON-RR HH.MI.SS.FF AM'),'ICSDEV',to_timestamp('04-SEP-10 11.28.15.713000000 AM','DD-MON-RR HH.MI.SS.FF AM'));
Insert into PRODUCTCOUNTRY (COUNTRYID,CERTIFICATIONTYPEID,REQUESTSTATUS,SKUID,CREATEDBY,CREATEDON,MODIFIEDBY,MODIFIEDON) values (121,1,'I',391,'ICSDEV',to_timestamp('04-SEP-10 11.28.15.713000000 AM','DD-MON-RR HH.MI.SS.FF AM'),'ICSDEV',to_timestamp('04-SEP-10 11.28.15.713000000 AM','DD-MON-RR HH.MI.SS.FF AM'));
Insert into PRODUCTCOUNTRY (COUNTRYID,CERTIFICATIONTYPEID,REQUESTSTATUS,SKUID,CREATEDBY,CREATEDON,MODIFIEDBY,MODIFIEDON) values (122,1,'I',391,'ICSDEV',to_timestamp('04-SEP-10 11.28.15.713000000 AM','DD-MON-RR HH.MI.SS.FF AM'),'ICSDEV',to_timestamp('04-SEP-10 11.28.15.713000000 AM','DD-MON-RR HH.MI.SS.FF AM'));
Insert into PRODUCTCOUNTRY (COUNTRYID,CERTIFICATIONTYPEID,REQUESTSTATUS,SKUID,CREATEDBY,CREATEDON,MODIFIEDBY,MODIFIEDON) values (123,1,'I',391,'ICSDEV',to_timestamp('04-SEP-10 11.28.15.713000000 AM','DD-MON-RR HH.MI.SS.FF AM'),'ICSDEV',to_timestamp('04-SEP-10 11.28.15.713000000 AM','DD-MON-RR HH.MI.SS.FF AM'));
Insert into PRODUCTCOUNTRY (COUNTRYID,CERTIFICATIONTYPEID,REQUESTSTATUS,SKUID,CREATEDBY,CREATEDON,MODIFIEDBY,MODIFIEDON) values (124,1,'I',391,'ICSDEV',to_timestamp('04-SEP-10 11.28.15.713000000 AM','DD-MON-RR HH.MI.SS.FF AM'),'ICSDEV',to_timestamp('04-SEP-10 11.28.15.713000000 AM','DD-MON-RR HH.MI.SS.FF AM'));
Insert into PRODUCTCOUNTRY (COUNTRYID,CERTIFICATIONTYPEID,REQUESTSTATUS,SKUID,CREATEDBY,CREATEDON,MODIFIEDBY,MODIFIEDON) values (125,1,'I',391,'ICSDEV',to_timestamp('04-SEP-10 11.28.15.713000000 AM','DD-MON-RR HH.MI.SS.FF AM'),'ICSDEV',to_timestamp('04-SEP-10 11.28.15.713000000 AM','DD-MON-RR HH.MI.SS.FF AM'));
Insert into PRODUCTCOUNTRY (COUNTRYID,CERTIFICATIONTYPEID,REQUESTSTATUS,SKUID,CREATEDBY,CREATEDON,MODIFIEDBY,MODIFIEDON) values (126,1,'I',391,'ICSDEV',to_timestamp('04-SEP-10 11.28.15.713000000 AM','DD-MON-RR HH.MI.SS.FF AM'),'ICSDEV',to_timestamp('04-SEP-10 11.28.15.713000000 AM','DD-MON-RR HH.MI.SS.FF AM'));
Insert into PRODUCTCOUNTRY (COUNTRYID,CERTIFICATIONTYPEID,REQUESTSTATUS,SKUID,CREATEDBY,CREATEDON,MODIFIEDBY,MODIFIEDON) values (128,1,'I',391,'ICSDEV',to_timestamp('04-SEP-10 11.28.15.713000000 AM','DD-MON-RR HH.MI.SS.FF AM'),'ICSDEV',to_timestamp('04-SEP-10 11.28.15.713000000 AM','DD-MON-RR HH.MI.SS.FF AM'));
Insert into PRODUCTCOUNTRY (COUNTRYID,CERTIFICATIONTYPEID,REQUESTSTATUS,SKUID,CREATEDBY,CREATEDON,MODIFIEDBY,MODIFIEDON) values (131,1,'I',391,'ICSDEV',to_timestamp('04-SEP-10 11.28.15.713000000 AM','DD-MON-RR HH.MI.SS.FF AM'),'ICSDEV',to_timestamp('04-SEP-10 11.28.15.713000000 AM','DD-MON-RR HH.MI.SS.FF AM'));
Insert into PRODUCTCOUNTRY (COUNTRYID,CERTIFICATIONTYPEID,REQUESTSTATUS,SKUID,CREATEDBY,CREATEDON,MODIFIEDBY,MODIFIEDON) values (134,1,'I',391,'ICSDEV',to_timestamp('04-SEP-10 11.28.15.713000000 AM','DD-MON-RR HH.MI.SS.FF AM'),'ICSDEV',to_timestamp('04-SEP-10 11.28.15.713000000 AM','DD-MON-RR HH.MI.SS.FF AM'));
Insert into PRODUCTCOUNTRY (COUNTRYID,CERTIFICATIONTYPEID,REQUESTSTATUS,SKUID,CREATEDBY,CREATEDON,MODIFIEDBY,MODIFIEDON) values (135,1,'I',391,'ICSDEV',to_timestamp('04-SEP-10 11.28.15.713000000 AM','DD-MON-RR HH.MI.SS.FF AM'),'ICSDEV',to_timestamp('04-SEP-10 11.28.15.713000000 AM','DD-MON-RR HH.MI.SS.FF AM'));
Insert into PRODUCTCOUNTRY (COUNTRYID,CERTIFICATIONTYPEID,REQUESTSTATUS,SKUID,CREATEDBY,CREATEDON,MODIFIEDBY,MODIFIEDON) values (136,1,'I',391,'ICSDEV',to_timestamp('04-SEP-10 11.28.15.713000000 AM','DD-MON-RR HH.MI.SS.FF AM'),'ICSDEV',to_timestamp('04-SEP-10 11.28.15.713000000 AM','DD-MON-RR HH.MI.SS.FF AM'));
Insert into PRODUCTCOUNTRY (COUNTRYID,CERTIFICATIONTYPEID,REQUESTSTATUS,SKUID,CREATEDBY,CREATEDON,MODIFIEDBY,MODIFIEDON) values (138,1,'I',391,'ICSDEV',to_timestamp('04-SEP-10 11.28.15.713000000 AM','DD-MON-RR HH.MI.SS.FF AM'),'ICSDEV',to_timestamp('04-SEP-10 11.28.15.713000000 AM','DD-MON-RR HH.MI.SS.FF AM'));
Insert into PRODUCTCOUNTRY (COUNTRYID,CERTIFICATIONTYPEID,REQUESTSTATUS,SKUID,CREATEDBY,CREATEDON,MODIFIEDBY,MODIFIEDON) values (139,1,'I',391,'ICSDEV',to_timestamp('04-SEP-10 11.28.15.713000000 AM','DD-MON-RR HH.MI.SS.FF AM'),'ICSDEV',to_timestamp('04-SEP-10 11.28.15.713000000 AM','DD-MON-RR HH.MI.SS.FF AM'));
Insert into PRODUCTCOUNTRY (COUNTRYID,CERTIFICATIONTYPEID,REQUESTSTATUS,SKUID,CREATEDBY,CREATEDON,MODIFIEDBY,MODIFIEDON) values (143,1,'I',391,'ICSDEV',to_timestamp('04-SEP-10 11.28.15.713000000 AM','DD-MON-RR HH.MI.SS.FF AM'),'ICSDEV',to_timestamp('04-SEP-10 11.28.15.713000000 AM','DD-MON-RR HH.MI.SS.FF AM'));
Insert into PRODUCTCOUNTRY (COUNTRYID,CERTIFICATIONTYPEID,REQUESTSTATUS,SKUID,CREATEDBY,CREATEDON,MODIFIEDBY,MODIFIEDON) values (145,1,'I',391,'ICSDEV',to_timestamp('04-SEP-10 11.28.15.713000000 AM','DD-MON-RR HH.MI.SS.FF AM'),'ICSDEV',to_timestamp('04-SEP-10 11.28.15.713000000 AM','DD-MON-RR HH.MI.SS.FF AM'));
Insert into PRODUCTCOUNTRY (COUNTRYID,CERTIFICATIONTYPEID,REQUESTSTATUS,SKUID,CREATEDBY,CREATEDON,MODIFIEDBY,MODIFIEDON) values (158,1,'I',391,'ICSDEV',to_timestamp('04-SEP-10 11.28.15.713000000 AM','DD-MON-RR HH.MI.SS.FF AM'),'ICSDEV',to_timestamp('04-SEP-10 11.28.15.713000000 AM','DD-MON-RR HH.MI.SS.FF AM'));
Insert into PRODUCTCOUNTRY (COUNTRYID,CERTIFICATIONTYPEID,REQUESTSTATUS,SKUID,CREATEDBY,CREATEDON,MODIFIEDBY,MODIFIEDON) values (167,1,'I',391,'ICSDEV',to_timestamp('04-SEP-10 11.28.15.713000000 AM','DD-MON-RR HH.MI.SS.FF AM'),'ICSDEV',to_timestamp('04-SEP-10 11.28.15.713000000 AM','DD-MON-RR HH.MI.SS.FF AM'));
Insert into PRODUCTCOUNTRY (COUNTRYID,CERTIFICATIONTYPEID,REQUESTSTATUS,SKUID,CREATEDBY,CREATEDON,MODIFIEDBY,MODIFIEDON) values (179,1,'I',391,'ICSDEV',to_timestamp('04-SEP-10 11.28.15.713000000 AM','DD-MON-RR HH.MI.SS.FF AM'),'ICSDEV',to_timestamp('04-SEP-10 11.28.15.713000000 AM','DD-MON-RR HH.MI.SS.FF AM'));
Insert into PRODUCTCOUNTRY (COUNTRYID,CERTIFICATIONTYPEID,REQUESTSTATUS,SKUID,CREATEDBY,CREATEDON,MODIFIEDBY,MODIFIEDON) values (215,1,'I',391,'ICSDEV',to_timestamp('04-SEP-10 11.28.15.713000000 AM','DD-MON-RR HH.MI.SS.FF AM'),'ICSDEV',to_timestamp('04-SEP-10 11.28.15.713000000 AM','DD-MON-RR HH.MI.SS.FF AM'));
Insert into PRODUCTCOUNTRY (COUNTRYID,CERTIFICATIONTYPEID,REQUESTSTATUS,SKUID,CREATEDBY,CREATEDON,MODIFIEDBY,MODIFIEDON) values (216,1,'I',391,'ICSDEV',to_timestamp('04-SEP-10 11.28.15.713000000 AM','DD-MON-RR HH.MI.SS.FF AM'),'ICSDEV',to_timestamp('04-SEP-10 11.28.15.713000000 AM','DD-MON-RR HH.MI.SS.FF AM'));
Insert into PRODUCTCOUNTRY (COUNTRYID,CERTIFICATIONTYPEID,REQUESTSTATUS,SKUID,CREATEDBY,CREATEDON,MODIFIEDBY,MODIFIEDON) values (218,1,'I',391,'ICSDEV',to_timestamp('04-SEP-10 11.28.15.713000000 AM','DD-MON-RR HH.MI.SS.FF AM'),'ICSDEV',to_timestamp('04-SEP-10 11.28.15.713000000 AM','DD-MON-RR HH.MI.SS.FF AM'));
Insert into PRODUCTCOUNTRY (COUNTRYID,CERTIFICATIONTYPEID,REQUESTSTATUS,SKUID,CREATEDBY,CREATEDON,MODIFIEDBY,MODIFIEDON) values (220,1,'I',391,'ICSDEV',to_timestamp('04-SEP-10 11.28.15.713000000 AM','DD-MON-RR HH.MI.SS.FF AM'),'ICSDEV',to_timestamp('04-SEP-10 11.28.15.713000000 AM','DD-MON-RR HH.MI.SS.FF AM'));
Insert into PRODUCTCOUNTRY (COUNTRYID,CERTIFICATIONTYPEID,REQUESTSTATUS,SKUID,CREATEDBY,CREATEDON,MODIFIEDBY,MODIFIEDON) values (221,1,'I',391,'ICSDEV',to_timestamp('04-SEP-10 11.28.15.713000000 AM','DD-MON-RR HH.MI.SS.FF AM'),'ICSDEV',to_timestamp('04-SEP-10 11.28.15.713000000 AM','DD-MON-RR HH.MI.SS.FF AM'));
Insert into PRODUCTCOUNTRY (COUNTRYID,CERTIFICATIONTYPEID,REQUESTSTATUS,SKUID,CREATEDBY,CREATEDON,MODIFIEDBY,MODIFIEDON) values (222,1,'I',391,'ICSDEV',to_timestamp('04-SEP-10 11.28.15.713000000 AM','DD-MON-RR HH.MI.SS.FF AM'),'ICSDEV',to_timestamp('04-SEP-10 11.28.15.713000000 AM','DD-MON-RR HH.MI.SS.FF AM'));
Insert into PRODUCTCOUNTRY (COUNTRYID,CERTIFICATIONTYPEID,REQUESTSTATUS,SKUID,CREATEDBY,CREATEDON,MODIFIEDBY,MODIFIEDON) values (224,1,'I',391,'ICSDEV',to_timestamp('04-SEP-10 11.28.15.713000000 AM','DD-MON-RR HH.MI.SS.FF AM'),'ICSDEV',to_timestamp('04-SEP-10 11.28.15.713000000 AM','DD-MON-RR HH.MI.SS.FF AM'));
Insert into PRODUCTCOUNTRY (COUNTRYID,CERTIFICATIONTYPEID,REQUESTSTATUS,SKUID,CREATEDBY,CREATEDON,MODIFIEDBY,MODIFIEDON) values (226,1,'I',391,'ICSDEV',to_timestamp('04-SEP-10 11.28.15.713000000 AM','DD-MON-RR HH.MI.SS.FF AM'),'ICSDEV',to_timestamp('04-SEP-10 11.28.15.713000000 AM','DD-MON-RR HH.MI.SS.FF AM'));
Insert into PRODUCTCOUNTRY (COUNTRYID,CERTIFICATIONTYPEID,REQUESTSTATUS,SKUID,CREATEDBY,CREATEDON,MODIFIEDBY,MODIFIEDON) values (227,1,'I',391,'ICSDEV',to_timestamp('04-SEP-10 11.28.15.713000000 AM','DD-MON-RR HH.MI.SS.FF AM'),'ICSDEV',to_timestamp('04-SEP-10 11.28.15.713000000 AM','DD-MON-RR HH.MI.SS.FF AM'));
Insert into PRODUCTCOUNTRY (COUNTRYID,CERTIFICATIONTYPEID,REQUESTSTATUS,SKUID,CREATEDBY,CREATEDON,MODIFIEDBY,MODIFIEDON) values (229,1,'I',391,'ICSDEV',to_timestamp('04-SEP-10 11.28.15.713000000 AM','DD-MON-RR HH.MI.SS.FF AM'),'ICSDEV',to_timestamp('04-SEP-10 11.28.15.713000000 AM','DD-MON-RR HH.MI.SS.FF AM'));
Insert into PRODUCTCOUNTRY (COUNTRYID,CERTIFICATIONTYPEID,REQUESTSTATUS,SKUID,CREATEDBY,CREATEDON,MODIFIEDBY,MODIFIEDON) values (232,1,'I',391,'ICSDEV',to_timestamp('04-SEP-10 11.28.15.713000000 AM','DD-MON-RR HH.MI.SS.FF AM'),'ICSDEV',to_timestamp('04-SEP-10 11.28.15.713000000 AM','DD-MON-RR HH.MI.SS.FF AM'));
Insert into PRODUCTCOUNTRY (COUNTRYID,CERTIFICATIONTYPEID,REQUESTSTATUS,SKUID,CREATEDBY,CREATEDON,MODIFIEDBY,MODIFIEDON) values (233,1,'I',391,'ICSDEV',to_timestamp('04-SEP-10 11.28.15.713000000 AM','DD-MON-RR HH.MI.SS.FF AM'),'ICSDEV',to_timestamp('04-SEP-10 11.28.15.713000000 AM','DD-MON-RR HH.MI.SS.FF AM'));
Insert into PRODUCTCOUNTRY (COUNTRYID,CERTIFICATIONTYPEID,REQUESTSTATUS,SKUID,CREATEDBY,CREATEDON,MODIFIEDBY,MODIFIEDON) values (234,1,'I',391,'ICSDEV',to_timestamp('04-SEP-10 11.28.15.713000000 AM','DD-MON-RR HH.MI.SS.FF AM'),'ICSDEV',to_timestamp('04-SEP-10 11.28.15.713000000 AM','DD-MON-RR HH.MI.SS.FF AM'));
Insert into PRODUCTCOUNTRY (COUNTRYID,CERTIFICATIONTYPEID,REQUESTSTATUS,SKUID,CREATEDBY,CREATEDON,MODIFIEDBY,MODIFIEDON) values (236,1,'I',391,'ICSDEV',to_timestamp('04-SEP-10 11.28.15.713000000 AM','DD-MON-RR HH.MI.SS.FF AM'),'ICSDEV',to_timestamp('04-SEP-10 11.28.15.713000000 AM','DD-MON-RR HH.MI.SS.FF AM'));
Insert into PRODUCTCOUNTRY (COUNTRYID,CERTIFICATIONTYPEID,REQUESTSTATUS,SKUID,CREATEDBY,CREATEDON,MODIFIEDBY,MODIFIEDON) values (237,1,'I',391,'ICSDEV',to_timestamp('04-SEP-10 11.28.15.713000000 AM','DD-MON-RR HH.MI.SS.FF AM'),'ICSDEV',to_timestamp('04-SEP-10 11.28.15.713000000 AM','DD-MON-RR HH.MI.SS.FF AM'));
Insert into PRODUCTCOUNTRY (COUNTRYID,CERTIFICATIONTYPEID,REQUESTSTATUS,SKUID,CREATEDBY,CREATEDON,MODIFIEDBY,MODIFIEDON) values (238,1,'I',391,'ICSDEV',to_timestamp('04-SEP-10 11.28.15.713000000 AM','DD-MON-RR HH.MI.SS.FF AM'),'ICSDEV',to_timestamp('04-SEP-10 11.28.15.713000000 AM','DD-MON-RR HH.MI.SS.FF AM'));
Insert into PRODUCTCOUNTRY (COUNTRYID,CERTIFICATIONTYPEID,REQUESTSTATUS,SKUID,CREATEDBY,CREATEDON,MODIFIEDBY,MODIFIEDON) values (239,1,'I',391,'ICSDEV',to_timestamp('04-SEP-10 11.28.15.713000000 AM','DD-MON-RR HH.MI.SS.FF AM'),'ICSDEV',to_timestamp('04-SEP-10 11.28.15.713000000 AM','DD-MON-RR HH.MI.SS.FF AM'));
Insert into PRODUCTCOUNTRY (COUNTRYID,CERTIFICATIONTYPEID,REQUESTSTATUS,SKUID,CREATEDBY,CREATEDON,MODIFIEDBY,MODIFIEDON) values (45,1,'I',392,'ICSDEV',to_timestamp('04-SEP-10 11.28.15.738000000 AM','DD-MON-RR HH.MI.SS.FF AM'),'ICSDEV',to_timestamp('04-SEP-10 11.28.15.738000000 AM','DD-MON-RR HH.MI.SS.FF AM'));
Insert into PRODUCTCOUNTRY (COUNTRYID,CERTIFICATIONTYPEID,REQUESTSTATUS,SKUID,CREATEDBY,CREATEDON,MODIFIEDBY,MODIFIEDON) values (65,1,'I',392,'ICSDEV',to_timestamp('04-SEP-10 11.28.15.738000000 AM','DD-MON-RR HH.MI.SS.FF AM'),'ICSDEV',to_timestamp('04-SEP-10 11.28.15.738000000 AM','DD-MON-RR HH.MI.SS.FF AM'));
Insert into PRODUCTCOUNTRY (COUNTRYID,CERTIFICATIONTYPEID,REQUESTSTATUS,SKUID,CREATEDBY,CREATEDON,MODIFIEDBY,MODIFIEDON) values (121,1,'I',392,'ICSDEV',to_timestamp('04-SEP-10 11.28.15.738000000 AM','DD-MON-RR HH.MI.SS.FF AM'),'ICSDEV',to_timestamp('04-SEP-10 11.28.15.738000000 AM','DD-MON-RR HH.MI.SS.FF AM'));
Insert into PRODUCTCOUNTRY (COUNTRYID,CERTIFICATIONTYPEID,REQUESTSTATUS,SKUID,CREATEDBY,CREATEDON,MODIFIEDBY,MODIFIEDON) values (122,1,'I',392,'ICSDEV',to_timestamp('04-SEP-10 11.28.15.738000000 AM','DD-MON-RR HH.MI.SS.FF AM'),'ICSDEV',to_timestamp('04-SEP-10 11.28.15.738000000 AM','DD-MON-RR HH.MI.SS.FF AM'));
Insert into PRODUCTCOUNTRY (COUNTRYID,CERTIFICATIONTYPEID,REQUESTSTATUS,SKUID,CREATEDBY,CREATEDON,MODIFIEDBY,MODIFIEDON) values (123,1,'I',392,'ICSDEV',to_timestamp('04-SEP-10 11.28.15.738000000 AM','DD-MON-RR HH.MI.SS.FF AM'),'ICSDEV',to_timestamp('04-SEP-10 11.28.15.738000000 AM','DD-MON-RR HH.MI.SS.FF AM'));
Insert into PRODUCTCOUNTRY (COUNTRYID,CERTIFICATIONTYPEID,REQUESTSTATUS,SKUID,CREATEDBY,CREATEDON,MODIFIEDBY,MODIFIEDON) values (124,1,'I',392,'ICSDEV',to_timestamp('04-SEP-10 11.28.15.738000000 AM','DD-MON-RR HH.MI.SS.FF AM'),'ICSDEV',to_timestamp('04-SEP-10 11.28.15.738000000 AM','DD-MON-RR HH.MI.SS.FF AM'));
Insert into PRODUCTCOUNTRY (COUNTRYID,CERTIFICATIONTYPEID,REQUESTSTATUS,SKUID,CREATEDBY,CREATEDON,MODIFIEDBY,MODIFIEDON) values (125,1,'I',392,'ICSDEV',to_timestamp('04-SEP-10 11.28.15.738000000 AM','DD-MON-RR HH.MI.SS.FF AM'),'ICSDEV',to_timestamp('04-SEP-10 11.28.15.738000000 AM','DD-MON-RR HH.MI.SS.FF AM'));
Insert into PRODUCTCOUNTRY (COUNTRYID,CERTIFICATIONTYPEID,REQUESTSTATUS,SKUID,CREATEDBY,CREATEDON,MODIFIEDBY,MODIFIEDON) values (126,1,'I',392,'ICSDEV',to_timestamp('04-SEP-10 11.28.15.738000000 AM','DD-MON-RR HH.MI.SS.FF AM'),'ICSDEV',to_timestamp('04-SEP-10 11.28.15.738000000 AM','DD-MON-RR HH.MI.SS.FF AM'));
Insert into PRODUCTCOUNTRY (COUNTRYID,CERTIFICATIONTYPEID,REQUESTSTATUS,SKUID,CREATEDBY,CREATEDON,MODIFIEDBY,MODIFIEDON) values (128,1,'I',392,'ICSDEV',to_timestamp('04-SEP-10 11.28.15.738000000 AM','DD-MON-RR HH.MI.SS.FF AM'),'ICSDEV',to_timestamp('04-SEP-10 11.28.15.738000000 AM','DD-MON-RR HH.MI.SS.FF AM'));
Insert into PRODUCTCOUNTRY (COUNTRYID,CERTIFICATIONTYPEID,REQUESTSTATUS,SKUID,CREATEDBY,CREATEDON,MODIFIEDBY,MODIFIEDON) values (131,1,'I',392,'ICSDEV',to_timestamp('04-SEP-10 11.28.15.738000000 AM','DD-MON-RR HH.MI.SS.FF AM'),'ICSDEV',to_timestamp('04-SEP-10 11.28.15.738000000 AM','DD-MON-RR HH.MI.SS.FF AM'));
Insert into PRODUCTCOUNTRY (COUNTRYID,CERTIFICATIONTYPEID,REQUESTSTATUS,SKUID,CREATEDBY,CREATEDON,MODIFIEDBY,MODIFIEDON) values (134,1,'I',392,'ICSDEV',to_timestamp('04-SEP-10 11.28.15.738000000 AM','DD-MON-RR HH.MI.SS.FF AM'),'ICSDEV',to_timestamp('04-SEP-10 11.28.15.738000000 AM','DD-MON-RR HH.MI.SS.FF AM'));
Insert into PRODUCTCOUNTRY (COUNTRYID,CERTIFICATIONTYPEID,REQUESTSTATUS,SKUID,CREATEDBY,CREATEDON,MODIFIEDBY,MODIFIEDON) values (135,1,'I',392,'ICSDEV',to_timestamp('04-SEP-10 11.28.15.738000000 AM','DD-MON-RR HH.MI.SS.FF AM'),'ICSDEV',to_timestamp('04-SEP-10 11.28.15.738000000 AM','DD-MON-RR HH.MI.SS.FF AM'));
Insert into PRODUCTCOUNTRY (COUNTRYID,CERTIFICATIONTYPEID,REQUESTSTATUS,SKUID,CREATEDBY,CREATEDON,MODIFIEDBY,MODIFIEDON) values (136,1,'I',392,'ICSDEV',to_timestamp('04-SEP-10 11.28.15.738000000 AM','DD-MON-RR HH.MI.SS.FF AM'),'ICSDEV',to_timestamp('04-SEP-10 11.28.15.738000000 AM','DD-MON-RR HH.MI.SS.FF AM'));
Insert into PRODUCTCOUNTRY (COUNTRYID,CERTIFICATIONTYPEID,REQUESTSTATUS,SKUID,CREATEDBY,CREATEDON,MODIFIEDBY,MODIFIEDON) values (138,1,'I',392,'ICSDEV',to_timestamp('04-SEP-10 11.28.15.738000000 AM','DD-MON-RR HH.MI.SS.FF AM'),'ICSDEV',to_timestamp('04-SEP-10 11.28.15.738000000 AM','DD-MON-RR HH.MI.SS.FF AM'));
Insert into PRODUCTCOUNTRY (COUNTRYID,CERTIFICATIONTYPEID,REQUESTSTATUS,SKUID,CREATEDBY,CREATEDON,MODIFIEDBY,MODIFIEDON) values (139,1,'I',392,'ICSDEV',to_timestamp('04-SEP-10 11.28.15.738000000 AM','DD-MON-RR HH.MI.SS.FF AM'),'ICSDEV',to_timestamp('04-SEP-10 11.28.15.738000000 AM','DD-MON-RR HH.MI.SS.FF AM'));
Insert into PRODUCTCOUNTRY (COUNTRYID,CERTIFICATIONTYPEID,REQUESTSTATUS,SKUID,CREATEDBY,CREATEDON,MODIFIEDBY,MODIFIEDON) values (143,1,'I',392,'ICSDEV',to_timestamp('04-SEP-10 11.28.15.738000000 AM','DD-MON-RR HH.MI.SS.FF AM'),'ICSDEV',to_timestamp('04-SEP-10 11.28.15.738000000 AM','DD-MON-RR HH.MI.SS.FF AM'));
Insert into PRODUCTCOUNTRY (COUNTRYID,CERTIFICATIONTYPEID,REQUESTSTATUS,SKUID,CREATEDBY,CREATEDON,MODIFIEDBY,MODIFIEDON) values (145,1,'I',392,'ICSDEV',to_timestamp('04-SEP-10 11.28.15.738000000 AM','DD-MON-RR HH.MI.SS.FF AM'),'ICSDEV',to_timestamp('04-SEP-10 11.28.15.738000000 AM','DD-MON-RR HH.MI.SS.FF AM'));
Insert into PRODUCTCOUNTRY (COUNTRYID,CERTIFICATIONTYPEID,REQUESTSTATUS,SKUID,CREATEDBY,CREATEDON,MODIFIEDBY,MODIFIEDON) values (158,1,'I',392,'ICSDEV',to_timestamp('04-SEP-10 11.28.15.738000000 AM','DD-MON-RR HH.MI.SS.FF AM'),'ICSDEV',to_timestamp('04-SEP-10 11.28.15.738000000 AM','DD-MON-RR HH.MI.SS.FF AM'));
Insert into PRODUCTCOUNTRY (COUNTRYID,CERTIFICATIONTYPEID,REQUESTSTATUS,SKUID,CREATEDBY,CREATEDON,MODIFIEDBY,MODIFIEDON) values (167,1,'I',392,'ICSDEV',to_timestamp('04-SEP-10 11.28.15.738000000 AM','DD-MON-RR HH.MI.SS.FF AM'),'ICSDEV',to_timestamp('04-SEP-10 11.28.15.738000000 AM','DD-MON-RR HH.MI.SS.FF AM'));
Insert into PRODUCTCOUNTRY (COUNTRYID,CERTIFICATIONTYPEID,REQUESTSTATUS,SKUID,CREATEDBY,CREATEDON,MODIFIEDBY,MODIFIEDON) values (179,1,'I',392,'ICSDEV',to_timestamp('04-SEP-10 11.28.15.738000000 AM','DD-MON-RR HH.MI.SS.FF AM'),'ICSDEV',to_timestamp('04-SEP-10 11.28.15.738000000 AM','DD-MON-RR HH.MI.SS.FF AM'));
Insert into PRODUCTCOUNTRY (COUNTRYID,CERTIFICATIONTYPEID,REQUESTSTATUS,SKUID,CREATEDBY,CREATEDON,MODIFIEDBY,MODIFIEDON) values (215,1,'I',392,'ICSDEV',to_timestamp('04-SEP-10 11.28.15.738000000 AM','DD-MON-RR HH.MI.SS.FF AM'),'ICSDEV',to_timestamp('04-SEP-10 11.28.15.738000000 AM','DD-MON-RR HH.MI.SS.FF AM'));
Insert into PRODUCTCOUNTRY (COUNTRYID,CERTIFICATIONTYPEID,REQUESTSTATUS,SKUID,CREATEDBY,CREATEDON,MODIFIEDBY,MODIFIEDON) values (216,1,'I',392,'ICSDEV',to_timestamp('04-SEP-10 11.28.15.738000000 AM','DD-MON-RR HH.MI.SS.FF AM'),'ICSDEV',to_timestamp('04-SEP-10 11.28.15.738000000 AM','DD-MON-RR HH.MI.SS.FF AM'));
Insert into PRODUCTCOUNTRY (COUNTRYID,CERTIFICATIONTYPEID,REQUESTSTATUS,SKUID,CREATEDBY,CREATEDON,MODIFIEDBY,MODIFIEDON) values (218,1,'I',392,'ICSDEV',to_timestamp('04-SEP-10 11.28.15.738000000 AM','DD-MON-RR HH.MI.SS.FF AM'),'ICSDEV',to_timestamp('04-SEP-10 11.28.15.738000000 AM','DD-MON-RR HH.MI.SS.FF AM'));
Insert into PRODUCTCOUNTRY (COUNTRYID,CERTIFICATIONTYPEID,REQUESTSTATUS,SKUID,CREATEDBY,CREATEDON,MODIFIEDBY,MODIFIEDON) values (220,1,'I',392,'ICSDEV',to_timestamp('04-SEP-10 11.28.15.738000000 AM','DD-MON-RR HH.MI.SS.FF AM'),'ICSDEV',to_timestamp('04-SEP-10 11.28.15.738000000 AM','DD-MON-RR HH.MI.SS.FF AM'));
Insert into PRODUCTCOUNTRY (COUNTRYID,CERTIFICATIONTYPEID,REQUESTSTATUS,SKUID,CREATEDBY,CREATEDON,MODIFIEDBY,MODIFIEDON) values (221,1,'I',392,'ICSDEV',to_timestamp('04-SEP-10 11.28.15.738000000 AM','DD-MON-RR HH.MI.SS.FF AM'),'ICSDEV',to_timestamp('04-SEP-10 11.28.15.738000000 AM','DD-MON-RR HH.MI.SS.FF AM'));
Insert into PRODUCTCOUNTRY (COUNTRYID,CERTIFICATIONTYPEID,REQUESTSTATUS,SKUID,CREATEDBY,CREATEDON,MODIFIEDBY,MODIFIEDON) values (222,1,'I',392,'ICSDEV',to_timestamp('04-SEP-10 11.28.15.738000000 AM','DD-MON-RR HH.MI.SS.FF AM'),'ICSDEV',to_timestamp('04-SEP-10 11.28.15.738000000 AM','DD-MON-RR HH.MI.SS.FF AM'));
Insert into PRODUCTCOUNTRY (COUNTRYID,CERTIFICATIONTYPEID,REQUESTSTATUS,SKUID,CREATEDBY,CREATEDON,MODIFIEDBY,MODIFIEDON) values (224,1,'I',392,'ICSDEV',to_timestamp('04-SEP-10 11.28.15.738000000 AM','DD-MON-RR HH.MI.SS.FF AM'),'ICSDEV',to_timestamp('04-SEP-10 11.28.15.738000000 AM','DD-MON-RR HH.MI.SS.FF AM'));
Insert into PRODUCTCOUNTRY (COUNTRYID,CERTIFICATIONTYPEID,REQUESTSTATUS,SKUID,CREATEDBY,CREATEDON,MODIFIEDBY,MODIFIEDON) values (226,1,'I',392,'ICSDEV',to_timestamp('04-SEP-10 11.28.15.738000000 AM','DD-MON-RR HH.MI.SS.FF AM'),'ICSDEV',to_timestamp('04-SEP-10 11.28.15.738000000 AM','DD-MON-RR HH.MI.SS.FF AM'));
Insert into PRODUCTCOUNTRY (COUNTRYID,CERTIFICATIONTYPEID,REQUESTSTATUS,SKUID,CREATEDBY,CREATEDON,MODIFIEDBY,MODIFIEDON) values (227,1,'I',392,'ICSDEV',to_timestamp('04-SEP-10 11.28.15.738000000 AM','DD-MON-RR HH.MI.SS.FF AM'),'ICSDEV',to_timestamp('04-SEP-10 11.28.15.738000000 AM','DD-MON-RR HH.MI.SS.FF AM'));
Insert into PRODUCTCOUNTRY (COUNTRYID,CERTIFICATIONTYPEID,REQUESTSTATUS,SKUID,CREATEDBY,CREATEDON,MODIFIEDBY,MODIFIEDON) values (229,1,'I',392,'ICSDEV',to_timestamp('04-SEP-10 11.28.15.738000000 AM','DD-MON-RR HH.MI.SS.FF AM'),'ICSDEV',to_timestamp('04-SEP-10 11.28.15.738000000 AM','DD-MON-RR HH.MI.SS.FF AM'));
Insert into PRODUCTCOUNTRY (COUNTRYID,CERTIFICATIONTYPEID,REQUESTSTATUS,SKUID,CREATEDBY,CREATEDON,MODIFIEDBY,MODIFIEDON) values (232,1,'I',392,'ICSDEV',to_timestamp('04-SEP-10 11.28.15.738000000 AM','DD-MON-RR HH.MI.SS.FF AM'),'ICSDEV',to_timestamp('04-SEP-10 11.28.15.738000000 AM','DD-MON-RR HH.MI.SS.FF AM'));
Insert into PRODUCTCOUNTRY (COUNTRYID,CERTIFICATIONTYPEID,REQUESTSTATUS,SKUID,CREATEDBY,CREATEDON,MODIFIEDBY,MODIFIEDON) values (233,1,'I',392,'ICSDEV',to_timestamp('04-SEP-10 11.28.15.738000000 AM','DD-MON-RR HH.MI.SS.FF AM'),'ICSDEV',to_timestamp('04-SEP-10 11.28.15.738000000 AM','DD-MON-RR HH.MI.SS.FF AM'));
Insert into PRODUCTCOUNTRY (COUNTRYID,CERTIFICATIONTYPEID,REQUESTSTATUS,SKUID,CREATEDBY,CREATEDON,MODIFIEDBY,MODIFIEDON) values (234,1,'I',392,'ICSDEV',to_timestamp('04-SEP-10 11.28.15.738000000 AM','DD-MON-RR HH.MI.SS.FF AM'),'ICSDEV',to_timestamp('04-SEP-10 11.28.15.738000000 AM','DD-MON-RR HH.MI.SS.FF AM'));
Insert into PRODUCTCOUNTRY (COUNTRYID,CERTIFICATIONTYPEID,REQUESTSTATUS,SKUID,CREATEDBY,CREATEDON,MODIFIEDBY,MODIFIEDON) values (236,1,'I',392,'ICSDEV',to_timestamp('04-SEP-10 11.28.15.738000000 AM','DD-MON-RR HH.MI.SS.FF AM'),'ICSDEV',to_timestamp('04-SEP-10 11.28.15.738000000 AM','DD-MON-RR HH.MI.SS.FF AM'));
Insert into PRODUCTCOUNTRY (COUNTRYID,CERTIFICATIONTYPEID,REQUESTSTATUS,SKUID,CREATEDBY,CREATEDON,MODIFIEDBY,MODIFIEDON) values (237,1,'I',392,'ICSDEV',to_timestamp('04-SEP-10 11.28.15.738000000 AM','DD-MON-RR HH.MI.SS.FF AM'),'ICSDEV',to_timestamp('04-SEP-10 11.28.15.738000000 AM','DD-MON-RR HH.MI.SS.FF AM'));
Insert into PRODUCTCOUNTRY (COUNTRYID,CERTIFICATIONTYPEID,REQUESTSTATUS,SKUID,CREATEDBY,CREATEDON,MODIFIEDBY,MODIFIEDON) values (238,1,'I',392,'ICSDEV',to_timestamp('04-SEP-10 11.28.15.738000000 AM','DD-MON-RR HH.MI.SS.FF AM'),'ICSDEV',to_timestamp('04-SEP-10 11.28.15.738000000 AM','DD-MON-RR HH.MI.SS.FF AM'));
Insert into PRODUCTCOUNTRY (COUNTRYID,CERTIFICATIONTYPEID,REQUESTSTATUS,SKUID,CREATEDBY,CREATEDON,MODIFIEDBY,MODIFIEDON) values (239,1,'I',392,'ICSDEV',to_timestamp('04-SEP-10 11.28.15.738000000 AM','DD-MON-RR HH.MI.SS.FF AM'),'ICSDEV',to_timestamp('04-SEP-10 11.28.15.738000000 AM','DD-MON-RR HH.MI.SS.FF AM'));
Insert into PRODUCTCOUNTRY (COUNTRYID,CERTIFICATIONTYPEID,REQUESTSTATUS,SKUID,CREATEDBY,CREATEDON,MODIFIEDBY,MODIFIEDON) values (45,1,'I',393,'ICSDEV',to_timestamp('04-SEP-10 11.28.15.751000000 AM','DD-MON-RR HH.MI.SS.FF AM'),'ICSDEV',to_timestamp('04-SEP-10 11.28.15.751000000 AM','DD-MON-RR HH.MI.SS.FF AM'));
Insert into PRODUCTCOUNTRY (COUNTRYID,CERTIFICATIONTYPEID,REQUESTSTATUS,SKUID,CREATEDBY,CREATEDON,MODIFIEDBY,MODIFIEDON) values (65,1,'I',393,'ICSDEV',to_timestamp('04-SEP-10 11.28.15.751000000 AM','DD-MON-RR HH.MI.SS.FF AM'),'ICSDEV',to_timestamp('04-SEP-10 11.28.15.751000000 AM','DD-MON-RR HH.MI.SS.FF AM'));
Insert into PRODUCTCOUNTRY (COUNTRYID,CERTIFICATIONTYPEID,REQUESTSTATUS,SKUID,CREATEDBY,CREATEDON,MODIFIEDBY,MODIFIEDON) values (121,1,'I',393,'ICSDEV',to_timestamp('04-SEP-10 11.28.15.751000000 AM','DD-MON-RR HH.MI.SS.FF AM'),'ICSDEV',to_timestamp('04-SEP-10 11.28.15.751000000 AM','DD-MON-RR HH.MI.SS.FF AM'));
Insert into PRODUCTCOUNTRY (COUNTRYID,CERTIFICATIONTYPEID,REQUESTSTATUS,SKUID,CREATEDBY,CREATEDON,MODIFIEDBY,MODIFIEDON) values (122,1,'I',393,'ICSDEV',to_timestamp('04-SEP-10 11.28.15.751000000 AM','DD-MON-RR HH.MI.SS.FF AM'),'ICSDEV',to_timestamp('04-SEP-10 11.28.15.751000000 AM','DD-MON-RR HH.MI.SS.FF AM'));
Insert into PRODUCTCOUNTRY (COUNTRYID,CERTIFICATIONTYPEID,REQUESTSTATUS,SKUID,CREATEDBY,CREATEDON,MODIFIEDBY,MODIFIEDON) values (123,1,'I',393,'ICSDEV',to_timestamp('04-SEP-10 11.28.15.751000000 AM','DD-MON-RR HH.MI.SS.FF AM'),'ICSDEV',to_timestamp('04-SEP-10 11.28.15.751000000 AM','DD-MON-RR HH.MI.SS.FF AM'));
Insert into PRODUCTCOUNTRY (COUNTRYID,CERTIFICATIONTYPEID,REQUESTSTATUS,SKUID,CREATEDBY,CREATEDON,MODIFIEDBY,MODIFIEDON) values (124,1,'I',393,'ICSDEV',to_timestamp('04-SEP-10 11.28.15.751000000 AM','DD-MON-RR HH.MI.SS.FF AM'),'ICSDEV',to_timestamp('04-SEP-10 11.28.15.751000000 AM','DD-MON-RR HH.MI.SS.FF AM'));
Insert into PRODUCTCOUNTRY (COUNTRYID,CERTIFICATIONTYPEID,REQUESTSTATUS,SKUID,CREATEDBY,CREATEDON,MODIFIEDBY,MODIFIEDON) values (125,1,'I',393,'ICSDEV',to_timestamp('04-SEP-10 11.28.15.751000000 AM','DD-MON-RR HH.MI.SS.FF AM'),'ICSDEV',to_timestamp('04-SEP-10 11.28.15.751000000 AM','DD-MON-RR HH.MI.SS.FF AM'));
Insert into PRODUCTCOUNTRY (COUNTRYID,CERTIFICATIONTYPEID,REQUESTSTATUS,SKUID,CREATEDBY,CREATEDON,MODIFIEDBY,MODIFIEDON) values (126,1,'I',393,'ICSDEV',to_timestamp('04-SEP-10 11.28.15.751000000 AM','DD-MON-RR HH.MI.SS.FF AM'),'ICSDEV',to_timestamp('04-SEP-10 11.28.15.751000000 AM','DD-MON-RR HH.MI.SS.FF AM'));
Insert into PRODUCTCOUNTRY (COUNTRYID,CERTIFICATIONTYPEID,REQUESTSTATUS,SKUID,CREATEDBY,CREATEDON,MODIFIEDBY,MODIFIEDON) values (128,1,'I',393,'ICSDEV',to_timestamp('04-SEP-10 11.28.15.751000000 AM','DD-MON-RR HH.MI.SS.FF AM'),'ICSDEV',to_timestamp('04-SEP-10 11.28.15.751000000 AM','DD-MON-RR HH.MI.SS.FF AM'));
Insert into PRODUCTCOUNTRY (COUNTRYID,CERTIFICATIONTYPEID,REQUESTSTATUS,SKUID,CREATEDBY,CREATEDON,MODIFIEDBY,MODIFIEDON) values (131,1,'I',393,'ICSDEV',to_timestamp('04-SEP-10 11.28.15.751000000 AM','DD-MON-RR HH.MI.SS.FF AM'),'ICSDEV',to_timestamp('04-SEP-10 11.28.15.751000000 AM','DD-MON-RR HH.MI.SS.FF AM'));
Insert into PRODUCTCOUNTRY (COUNTRYID,CERTIFICATIONTYPEID,REQUESTSTATUS,SKUID,CREATEDBY,CREATEDON,MODIFIEDBY,MODIFIEDON) values (134,1,'I',393,'ICSDEV',to_timestamp('04-SEP-10 11.28.15.751000000 AM','DD-MON-RR HH.MI.SS.FF AM'),'ICSDEV',to_timestamp('04-SEP-10 11.28.15.751000000 AM','DD-MON-RR HH.MI.SS.FF AM'));
Insert into PRODUCTCOUNTRY (COUNTRYID,CERTIFICATIONTYPEID,REQUESTSTATUS,SKUID,CREATEDBY,CREATEDON,MODIFIEDBY,MODIFIEDON) values (135,1,'I',393,'ICSDEV',to_timestamp('04-SEP-10 11.28.15.751000000 AM','DD-MON-RR HH.MI.SS.FF AM'),'ICSDEV',to_timestamp('04-SEP-10 11.28.15.751000000 AM','DD-MON-RR HH.MI.SS.FF AM'));
Insert into PRODUCTCOUNTRY (COUNTRYID,CERTIFICATIONTYPEID,REQUESTSTATUS,SKUID,CREATEDBY,CREATEDON,MODIFIEDBY,MODIFIEDON) values (136,1,'I',393,'ICSDEV',to_timestamp('04-SEP-10 11.28.15.751000000 AM','DD-MON-RR HH.MI.SS.FF AM'),'ICSDEV',to_timestamp('04-SEP-10 11.28.15.751000000 AM','DD-MON-RR HH.MI.SS.FF AM'));
Insert into PRODUCTCOUNTRY (COUNTRYID,CERTIFICATIONTYPEID,REQUESTSTATUS,SKUID,CREATEDBY,CREATEDON,MODIFIEDBY,MODIFIEDON) values (138,1,'I',393,'ICSDEV',to_timestamp('04-SEP-10 11.28.15.751000000 AM','DD-MON-RR HH.MI.SS.FF AM'),'ICSDEV',to_timestamp('04-SEP-10 11.28.15.751000000 AM','DD-MON-RR HH.MI.SS.FF AM'));
Insert into PRODUCTCOUNTRY (COUNTRYID,CERTIFICATIONTYPEID,REQUESTSTATUS,SKUID,CREATEDBY,CREATEDON,MODIFIEDBY,MODIFIEDON) values (139,1,'I',393,'ICSDEV',to_timestamp('04-SEP-10 11.28.15.751000000 AM','DD-MON-RR HH.MI.SS.FF AM'),'ICSDEV',to_timestamp('04-SEP-10 11.28.15.751000000 AM','DD-MON-RR HH.MI.SS.FF AM'));
Insert into PRODUCTCOUNTRY (COUNTRYID,CERTIFICATIONTYPEID,REQUESTSTATUS,SKUID,CREATEDBY,CREATEDON,MODIFIEDBY,MODIFIEDON) values (143,1,'I',393,'ICSDEV',to_timestamp('04-SEP-10 11.28.15.751000000 AM','DD-MON-RR HH.MI.SS.FF AM'),'ICSDEV',to_timestamp('04-SEP-10 11.28.15.751000000 AM','DD-MON-RR HH.MI.SS.FF AM'));
Insert into PRODUCTCOUNTRY (COUNTRYID,CERTIFICATIONTYPEID,REQUESTSTATUS,SKUID,CREATEDBY,CREATEDON,MODIFIEDBY,MODIFIEDON) values (145,1,'I',393,'ICSDEV',to_timestamp('04-SEP-10 11.28.15.751000000 AM','DD-MON-RR HH.MI.SS.FF AM'),'ICSDEV',to_timestamp('04-SEP-10 11.28.15.751000000 AM','DD-MON-RR HH.MI.SS.FF AM'));
Insert into PRODUCTCOUNTRY (COUNTRYID,CERTIFICATIONTYPEID,REQUESTSTATUS,SKUID,CREATEDBY,CREATEDON,MODIFIEDBY,MODIFIEDON) values (158,1,'I',393,'ICSDEV',to_timestamp('04-SEP-10 11.28.15.751000000 AM','DD-MON-RR HH.MI.SS.FF AM'),'ICSDEV',to_timestamp('04-SEP-10 11.28.15.751000000 AM','DD-MON-RR HH.MI.SS.FF AM'));
Insert into PRODUCTCOUNTRY (COUNTRYID,CERTIFICATIONTYPEID,REQUESTSTATUS,SKUID,CREATEDBY,CREATEDON,MODIFIEDBY,MODIFIEDON) values (167,1,'I',393,'ICSDEV',to_timestamp('04-SEP-10 11.28.15.751000000 AM','DD-MON-RR HH.MI.SS.FF AM'),'ICSDEV',to_timestamp('04-SEP-10 11.28.15.751000000 AM','DD-MON-RR HH.MI.SS.FF AM'));
Insert into PRODUCTCOUNTRY (COUNTRYID,CERTIFICATIONTYPEID,REQUESTSTATUS,SKUID,CREATEDBY,CREATEDON,MODIFIEDBY,MODIFIEDON) values (179,1,'I',393,'ICSDEV',to_timestamp('04-SEP-10 11.28.15.751000000 AM','DD-MON-RR HH.MI.SS.FF AM'),'ICSDEV',to_timestamp('04-SEP-10 11.28.15.751000000 AM','DD-MON-RR HH.MI.SS.FF AM'));
Insert into PRODUCTCOUNTRY (COUNTRYID,CERTIFICATIONTYPEID,REQUESTSTATUS,SKUID,CREATEDBY,CREATEDON,MODIFIEDBY,MODIFIEDON) values (215,1,'I',393,'ICSDEV',to_timestamp('04-SEP-10 11.28.15.751000000 AM','DD-MON-RR HH.MI.SS.FF AM'),'ICSDEV',to_timestamp('04-SEP-10 11.28.15.751000000 AM','DD-MON-RR HH.MI.SS.FF AM'));
Insert into PRODUCTCOUNTRY (COUNTRYID,CERTIFICATIONTYPEID,REQUESTSTATUS,SKUID,CREATEDBY,CREATEDON,MODIFIEDBY,MODIFIEDON) values (216,1,'I',393,'ICSDEV',to_timestamp('04-SEP-10 11.28.15.751000000 AM','DD-MON-RR HH.MI.SS.FF AM'),'ICSDEV',to_timestamp('04-SEP-10 11.28.15.751000000 AM','DD-MON-RR HH.MI.SS.FF AM'));
Insert into PRODUCTCOUNTRY (COUNTRYID,CERTIFICATIONTYPEID,REQUESTSTATUS,SKUID,CREATEDBY,CREATEDON,MODIFIEDBY,MODIFIEDON) values (218,1,'I',393,'ICSDEV',to_timestamp('04-SEP-10 11.28.15.751000000 AM','DD-MON-RR HH.MI.SS.FF AM'),'ICSDEV',to_timestamp('04-SEP-10 11.28.15.751000000 AM','DD-MON-RR HH.MI.SS.FF AM'));
Insert into PRODUCTCOUNTRY (COUNTRYID,CERTIFICATIONTYPEID,REQUESTSTATUS,SKUID,CREATEDBY,CREATEDON,MODIFIEDBY,MODIFIEDON) values (220,1,'I',393,'ICSDEV',to_timestamp('04-SEP-10 11.28.15.751000000 AM','DD-MON-RR HH.MI.SS.FF AM'),'ICSDEV',to_timestamp('04-SEP-10 11.28.15.751000000 AM','DD-MON-RR HH.MI.SS.FF AM'));
Insert into PRODUCTCOUNTRY (COUNTRYID,CERTIFICATIONTYPEID,REQUESTSTATUS,SKUID,CREATEDBY,CREATEDON,MODIFIEDBY,MODIFIEDON) values (221,1,'I',393,'ICSDEV',to_timestamp('04-SEP-10 11.28.15.751000000 AM','DD-MON-RR HH.MI.SS.FF AM'),'ICSDEV',to_timestamp('04-SEP-10 11.28.15.751000000 AM','DD-MON-RR HH.MI.SS.FF AM'));
Insert into PRODUCTCOUNTRY (COUNTRYID,CERTIFICATIONTYPEID,REQUESTSTATUS,SKUID,CREATEDBY,CREATEDON,MODIFIEDBY,MODIFIEDON) values (222,1,'I',393,'ICSDEV',to_timestamp('04-SEP-10 11.28.15.751000000 AM','DD-MON-RR HH.MI.SS.FF AM'),'ICSDEV',to_timestamp('04-SEP-10 11.28.15.751000000 AM','DD-MON-RR HH.MI.SS.FF AM'));
Insert into PRODUCTCOUNTRY (COUNTRYID,CERTIFICATIONTYPEID,REQUESTSTATUS,SKUID,CREATEDBY,CREATEDON,MODIFIEDBY,MODIFIEDON) values (224,1,'I',393,'ICSDEV',to_timestamp('04-SEP-10 11.28.15.751000000 AM','DD-MON-RR HH.MI.SS.FF AM'),'ICSDEV',to_timestamp('04-SEP-10 11.28.15.751000000 AM','DD-MON-RR HH.MI.SS.FF AM'));
Insert into PRODUCTCOUNTRY (COUNTRYID,CERTIFICATIONTYPEID,REQUESTSTATUS,SKUID,CREATEDBY,CREATEDON,MODIFIEDBY,MODIFIEDON) values (226,1,'I',393,'ICSDEV',to_timestamp('04-SEP-10 11.28.15.751000000 AM','DD-MON-RR HH.MI.SS.FF AM'),'ICSDEV',to_timestamp('04-SEP-10 11.28.15.751000000 AM','DD-MON-RR HH.MI.SS.FF AM'));
Insert into PRODUCTCOUNTRY (COUNTRYID,CERTIFICATIONTYPEID,REQUESTSTATUS,SKUID,CREATEDBY,CREATEDON,MODIFIEDBY,MODIFIEDON) values (227,1,'I',393,'ICSDEV',to_timestamp('04-SEP-10 11.28.15.751000000 AM','DD-MON-RR HH.MI.SS.FF AM'),'ICSDEV',to_timestamp('04-SEP-10 11.28.15.751000000 AM','DD-MON-RR HH.MI.SS.FF AM'));
Insert into PRODUCTCOUNTRY (COUNTRYID,CERTIFICATIONTYPEID,REQUESTSTATUS,SKUID,CREATEDBY,CREATEDON,MODIFIEDBY,MODIFIEDON) values (229,1,'I',393,'ICSDEV',to_timestamp('04-SEP-10 11.28.15.751000000 AM','DD-MON-RR HH.MI.SS.FF AM'),'ICSDEV',to_timestamp('04-SEP-10 11.28.15.751000000 AM','DD-MON-RR HH.MI.SS.FF AM'));
Insert into PRODUCTCOUNTRY (COUNTRYID,CERTIFICATIONTYPEID,REQUESTSTATUS,SKUID,CREATEDBY,CREATEDON,MODIFIEDBY,MODIFIEDON) values (232,1,'I',393,'ICSDEV',to_timestamp('04-SEP-10 11.28.15.751000000 AM','DD-MON-RR HH.MI.SS.FF AM'),'ICSDEV',to_timestamp('04-SEP-10 11.28.15.751000000 AM','DD-MON-RR HH.MI.SS.FF AM'));
Insert into PRODUCTCOUNTRY (COUNTRYID,CERTIFICATIONTYPEID,REQUESTSTATUS,SKUID,CREATEDBY,CREATEDON,MODIFIEDBY,MODIFIEDON) values (233,1,'I',393,'ICSDEV',to_timestamp('04-SEP-10 11.28.15.751000000 AM','DD-MON-RR HH.MI.SS.FF AM'),'ICSDEV',to_timestamp('04-SEP-10 11.28.15.751000000 AM','DD-MON-RR HH.MI.SS.FF AM'));
Insert into PRODUCTCOUNTRY (COUNTRYID,CERTIFICATIONTYPEID,REQUESTSTATUS,SKUID,CREATEDBY,CREATEDON,MODIFIEDBY,MODIFIEDON) values (234,1,'I',393,'ICSDEV',to_timestamp('04-SEP-10 11.28.15.751000000 AM','DD-MON-RR HH.MI.SS.FF AM'),'ICSDEV',to_timestamp('04-SEP-10 11.28.15.751000000 AM','DD-MON-RR HH.MI.SS.FF AM'));
Insert into PRODUCTCOUNTRY (COUNTRYID,CERTIFICATIONTYPEID,REQUESTSTATUS,SKUID,CREATEDBY,CREATEDON,MODIFIEDBY,MODIFIEDON) values (236,1,'I',393,'ICSDEV',to_timestamp('04-SEP-10 11.28.15.751000000 AM','DD-MON-RR HH.MI.SS.FF AM'),'ICSDEV',to_timestamp('04-SEP-10 11.28.15.751000000 AM','DD-MON-RR HH.MI.SS.FF AM'));
Insert into PRODUCTCOUNTRY (COUNTRYID,CERTIFICATIONTYPEID,REQUESTSTATUS,SKUID,CREATEDBY,CREATEDON,MODIFIEDBY,MODIFIEDON) values (237,1,'I',393,'ICSDEV',to_timestamp('04-SEP-10 11.28.15.751000000 AM','DD-MON-RR HH.MI.SS.FF AM'),'ICSDEV',to_timestamp('04-SEP-10 11.28.15.751000000 AM','DD-MON-RR HH.MI.SS.FF AM'));
Insert into PRODUCTCOUNTRY (COUNTRYID,CERTIFICATIONTYPEID,REQUESTSTATUS,SKUID,CREATEDBY,CREATEDON,MODIFIEDBY,MODIFIEDON) values (238,1,'I',393,'ICSDEV',to_timestamp('04-SEP-10 11.28.15.751000000 AM','DD-MON-RR HH.MI.SS.FF AM'),'ICSDEV',to_timestamp('04-SEP-10 11.28.15.751000000 AM','DD-MON-RR HH.MI.SS.FF AM'));
Insert into PRODUCTCOUNTRY (COUNTRYID,CERTIFICATIONTYPEID,REQUESTSTATUS,SKUID,CREATEDBY,CREATEDON,MODIFIEDBY,MODIFIEDON) values (239,1,'I',393,'ICSDEV',to_timestamp('04-SEP-10 11.28.15.751000000 AM','DD-MON-RR HH.MI.SS.FF AM'),'ICSDEV',to_timestamp('04-SEP-10 11.28.15.751000000 AM','DD-MON-RR HH.MI.SS.FF AM'));
Insert into PRODUCTCOUNTRY (COUNTRYID,CERTIFICATIONTYPEID,REQUESTSTATUS,SKUID,CREATEDBY,CREATEDON,MODIFIEDBY,MODIFIEDON) values (45,null,null,394,'ICSDEV',to_timestamp('04-SEP-10 11.28.15.764000000 AM','DD-MON-RR HH.MI.SS.FF AM'),'ICSDEV',to_timestamp('04-SEP-10 11.28.15.764000000 AM','DD-MON-RR HH.MI.SS.FF AM'));
Insert into PRODUCTCOUNTRY (COUNTRYID,CERTIFICATIONTYPEID,REQUESTSTATUS,SKUID,CREATEDBY,CREATEDON,MODIFIEDBY,MODIFIEDON) values (65,null,null,394,'ICSDEV',to_timestamp('04-SEP-10 11.28.15.764000000 AM','DD-MON-RR HH.MI.SS.FF AM'),'ICSDEV',to_timestamp('04-SEP-10 11.28.15.764000000 AM','DD-MON-RR HH.MI.SS.FF AM'));
Insert into PRODUCTCOUNTRY (COUNTRYID,CERTIFICATIONTYPEID,REQUESTSTATUS,SKUID,CREATEDBY,CREATEDON,MODIFIEDBY,MODIFIEDON) values (121,null,null,394,'ICSDEV',to_timestamp('04-SEP-10 11.28.15.764000000 AM','DD-MON-RR HH.MI.SS.FF AM'),'ICSDEV',to_timestamp('04-SEP-10 11.28.15.764000000 AM','DD-MON-RR HH.MI.SS.FF AM'));
Insert into PRODUCTCOUNTRY (COUNTRYID,CERTIFICATIONTYPEID,REQUESTSTATUS,SKUID,CREATEDBY,CREATEDON,MODIFIEDBY,MODIFIEDON) values (122,null,null,394,'ICSDEV',to_timestamp('04-SEP-10 11.28.15.764000000 AM','DD-MON-RR HH.MI.SS.FF AM'),'ICSDEV',to_timestamp('04-SEP-10 11.28.15.764000000 AM','DD-MON-RR HH.MI.SS.FF AM'));
Insert into PRODUCTCOUNTRY (COUNTRYID,CERTIFICATIONTYPEID,REQUESTSTATUS,SKUID,CREATEDBY,CREATEDON,MODIFIEDBY,MODIFIEDON) values (123,null,null,394,'ICSDEV',to_timestamp('04-SEP-10 11.28.15.764000000 AM','DD-MON-RR HH.MI.SS.FF AM'),'ICSDEV',to_timestamp('04-SEP-10 11.28.15.764000000 AM','DD-MON-RR HH.MI.SS.FF AM'));
Insert into PRODUCTCOUNTRY (COUNTRYID,CERTIFICATIONTYPEID,REQUESTSTATUS,SKUID,CREATEDBY,CREATEDON,MODIFIEDBY,MODIFIEDON) values (124,null,null,394,'ICSDEV',to_timestamp('04-SEP-10 11.28.15.764000000 AM','DD-MON-RR HH.MI.SS.FF AM'),'ICSDEV',to_timestamp('04-SEP-10 11.28.15.764000000 AM','DD-MON-RR HH.MI.SS.FF AM'));
Insert into PRODUCTCOUNTRY (COUNTRYID,CERTIFICATIONTYPEID,REQUESTSTATUS,SKUID,CREATEDBY,CREATEDON,MODIFIEDBY,MODIFIEDON) values (125,null,null,394,'ICSDEV',to_timestamp('04-SEP-10 11.28.15.764000000 AM','DD-MON-RR HH.MI.SS.FF AM'),'ICSDEV',to_timestamp('04-SEP-10 11.28.15.764000000 AM','DD-MON-RR HH.MI.SS.FF AM'));
Insert into PRODUCTCOUNTRY (COUNTRYID,CERTIFICATIONTYPEID,REQUESTSTATUS,SKUID,CREATEDBY,CREATEDON,MODIFIEDBY,MODIFIEDON) values (126,null,null,394,'ICSDEV',to_timestamp('04-SEP-10 11.28.15.764000000 AM','DD-MON-RR HH.MI.SS.FF AM'),'ICSDEV',to_timestamp('04-SEP-10 11.28.15.764000000 AM','DD-MON-RR HH.MI.SS.FF AM'));
Insert into PRODUCTCOUNTRY (COUNTRYID,CERTIFICATIONTYPEID,REQUESTSTATUS,SKUID,CREATEDBY,CREATEDON,MODIFIEDBY,MODIFIEDON) values (128,null,null,394,'ICSDEV',to_timestamp('04-SEP-10 11.28.15.764000000 AM','DD-MON-RR HH.MI.SS.FF AM'),'ICSDEV',to_timestamp('04-SEP-10 11.28.15.764000000 AM','DD-MON-RR HH.MI.SS.FF AM'));
Insert into PRODUCTCOUNTRY (COUNTRYID,CERTIFICATIONTYPEID,REQUESTSTATUS,SKUID,CREATEDBY,CREATEDON,MODIFIEDBY,MODIFIEDON) values (131,null,null,394,'ICSDEV',to_timestamp('04-SEP-10 11.28.15.764000000 AM','DD-MON-RR HH.MI.SS.FF AM'),'ICSDEV',to_timestamp('04-SEP-10 11.28.15.764000000 AM','DD-MON-RR HH.MI.SS.FF AM'));
Insert into PRODUCTCOUNTRY (COUNTRYID,CERTIFICATIONTYPEID,REQUESTSTATUS,SKUID,CREATEDBY,CREATEDON,MODIFIEDBY,MODIFIEDON) values (134,null,null,394,'ICSDEV',to_timestamp('04-SEP-10 11.28.15.764000000 AM','DD-MON-RR HH.MI.SS.FF AM'),'ICSDEV',to_timestamp('04-SEP-10 11.28.15.764000000 AM','DD-MON-RR HH.MI.SS.FF AM'));
Insert into PRODUCTCOUNTRY (COUNTRYID,CERTIFICATIONTYPEID,REQUESTSTATUS,SKUID,CREATEDBY,CREATEDON,MODIFIEDBY,MODIFIEDON) values (135,null,null,394,'ICSDEV',to_timestamp('04-SEP-10 11.28.15.764000000 AM','DD-MON-RR HH.MI.SS.FF AM'),'ICSDEV',to_timestamp('04-SEP-10 11.28.15.764000000 AM','DD-MON-RR HH.MI.SS.FF AM'));
Insert into PRODUCTCOUNTRY (COUNTRYID,CERTIFICATIONTYPEID,REQUESTSTATUS,SKUID,CREATEDBY,CREATEDON,MODIFIEDBY,MODIFIEDON) values (136,null,null,394,'ICSDEV',to_timestamp('04-SEP-10 11.28.15.764000000 AM','DD-MON-RR HH.MI.SS.FF AM'),'ICSDEV',to_timestamp('04-SEP-10 11.28.15.764000000 AM','DD-MON-RR HH.MI.SS.FF AM'));
Insert into PRODUCTCOUNTRY (COUNTRYID,CERTIFICATIONTYPEID,REQUESTSTATUS,SKUID,CREATEDBY,CREATEDON,MODIFIEDBY,MODIFIEDON) values (138,null,null,394,'ICSDEV',to_timestamp('04-SEP-10 11.28.15.764000000 AM','DD-MON-RR HH.MI.SS.FF AM'),'ICSDEV',to_timestamp('04-SEP-10 11.28.15.764000000 AM','DD-MON-RR HH.MI.SS.FF AM'));
Insert into PRODUCTCOUNTRY (COUNTRYID,CERTIFICATIONTYPEID,REQUESTSTATUS,SKUID,CREATEDBY,CREATEDON,MODIFIEDBY,MODIFIEDON) values (139,null,null,394,'ICSDEV',to_timestamp('04-SEP-10 11.28.15.764000000 AM','DD-MON-RR HH.MI.SS.FF AM'),'ICSDEV',to_timestamp('04-SEP-10 11.28.15.764000000 AM','DD-MON-RR HH.MI.SS.FF AM'));
Insert into PRODUCTCOUNTRY (COUNTRYID,CERTIFICATIONTYPEID,REQUESTSTATUS,SKUID,CREATEDBY,CREATEDON,MODIFIEDBY,MODIFIEDON) values (143,null,null,394,'ICSDEV',to_timestamp('04-SEP-10 11.28.15.764000000 AM','DD-MON-RR HH.MI.SS.FF AM'),'ICSDEV',to_timestamp('04-SEP-10 11.28.15.764000000 AM','DD-MON-RR HH.MI.SS.FF AM'));
Insert into PRODUCTCOUNTRY (COUNTRYID,CERTIFICATIONTYPEID,REQUESTSTATUS,SKUID,CREATEDBY,CREATEDON,MODIFIEDBY,MODIFIEDON) values (145,null,null,394,'ICSDEV',to_timestamp('04-SEP-10 11.28.15.764000000 AM','DD-MON-RR HH.MI.SS.FF AM'),'ICSDEV',to_timestamp('04-SEP-10 11.28.15.764000000 AM','DD-MON-RR HH.MI.SS.FF AM'));
Insert into PRODUCTCOUNTRY (COUNTRYID,CERTIFICATIONTYPEID,REQUESTSTATUS,SKUID,CREATEDBY,CREATEDON,MODIFIEDBY,MODIFIEDON) values (158,null,null,394,'ICSDEV',to_timestamp('04-SEP-10 11.28.15.764000000 AM','DD-MON-RR HH.MI.SS.FF AM'),'ICSDEV',to_timestamp('04-SEP-10 11.28.15.764000000 AM','DD-MON-RR HH.MI.SS.FF AM'));
Insert into PRODUCTCOUNTRY (COUNTRYID,CERTIFICATIONTYPEID,REQUESTSTATUS,SKUID,CREATEDBY,CREATEDON,MODIFIEDBY,MODIFIEDON) values (167,null,null,394,'ICSDEV',to_timestamp('04-SEP-10 11.28.15.764000000 AM','DD-MON-RR HH.MI.SS.FF AM'),'ICSDEV',to_timestamp('04-SEP-10 11.28.15.764000000 AM','DD-MON-RR HH.MI.SS.FF AM'));
Insert into PRODUCTCOUNTRY (COUNTRYID,CERTIFICATIONTYPEID,REQUESTSTATUS,SKUID,CREATEDBY,CREATEDON,MODIFIEDBY,MODIFIEDON) values (179,null,null,394,'ICSDEV',to_timestamp('04-SEP-10 11.28.15.764000000 AM','DD-MON-RR HH.MI.SS.FF AM'),'ICSDEV',to_timestamp('04-SEP-10 11.28.15.764000000 AM','DD-MON-RR HH.MI.SS.FF AM'));
Insert into PRODUCTCOUNTRY (COUNTRYID,CERTIFICATIONTYPEID,REQUESTSTATUS,SKUID,CREATEDBY,CREATEDON,MODIFIEDBY,MODIFIEDON) values (215,null,null,394,'ICSDEV',to_timestamp('04-SEP-10 11.28.15.764000000 AM','DD-MON-RR HH.MI.SS.FF AM'),'ICSDEV',to_timestamp('04-SEP-10 11.28.15.764000000 AM','DD-MON-RR HH.MI.SS.FF AM'));
Insert into PRODUCTCOUNTRY (COUNTRYID,CERTIFICATIONTYPEID,REQUESTSTATUS,SKUID,CREATEDBY,CREATEDON,MODIFIEDBY,MODIFIEDON) values (216,null,null,394,'ICSDEV',to_timestamp('04-SEP-10 11.28.15.764000000 AM','DD-MON-RR HH.MI.SS.FF AM'),'ICSDEV',to_timestamp('04-SEP-10 11.28.15.764000000 AM','DD-MON-RR HH.MI.SS.FF AM'));
Insert into PRODUCTCOUNTRY (COUNTRYID,CERTIFICATIONTYPEID,REQUESTSTATUS,SKUID,CREATEDBY,CREATEDON,MODIFIEDBY,MODIFIEDON) values (218,null,null,394,'ICSDEV',to_timestamp('04-SEP-10 11.28.15.764000000 AM','DD-MON-RR HH.MI.SS.FF AM'),'ICSDEV',to_timestamp('04-SEP-10 11.28.15.764000000 AM','DD-MON-RR HH.MI.SS.FF AM'));
Insert into PRODUCTCOUNTRY (COUNTRYID,CERTIFICATIONTYPEID,REQUESTSTATUS,SKUID,CREATEDBY,CREATEDON,MODIFIEDBY,MODIFIEDON) values (220,null,null,394,'ICSDEV',to_timestamp('04-SEP-10 11.28.15.764000000 AM','DD-MON-RR HH.MI.SS.FF AM'),'ICSDEV',to_timestamp('04-SEP-10 11.28.15.764000000 AM','DD-MON-RR HH.MI.SS.FF AM'));
Insert into PRODUCTCOUNTRY (COUNTRYID,CERTIFICATIONTYPEID,REQUESTSTATUS,SKUID,CREATEDBY,CREATEDON,MODIFIEDBY,MODIFIEDON) values (221,null,null,394,'ICSDEV',to_timestamp('04-SEP-10 11.28.15.764000000 AM','DD-MON-RR HH.MI.SS.FF AM'),'ICSDEV',to_timestamp('04-SEP-10 11.28.15.764000000 AM','DD-MON-RR HH.MI.SS.FF AM'));
Insert into PRODUCTCOUNTRY (COUNTRYID,CERTIFICATIONTYPEID,REQUESTSTATUS,SKUID,CREATEDBY,CREATEDON,MODIFIEDBY,MODIFIEDON) values (222,null,null,394,'ICSDEV',to_timestamp('04-SEP-10 11.28.15.764000000 AM','DD-MON-RR HH.MI.SS.FF AM'),'ICSDEV',to_timestamp('04-SEP-10 11.28.15.764000000 AM','DD-MON-RR HH.MI.SS.FF AM'));
Insert into PRODUCTCOUNTRY (COUNTRYID,CERTIFICATIONTYPEID,REQUESTSTATUS,SKUID,CREATEDBY,CREATEDON,MODIFIEDBY,MODIFIEDON) values (224,null,null,394,'ICSDEV',to_timestamp('04-SEP-10 11.28.15.764000000 AM','DD-MON-RR HH.MI.SS.FF AM'),'ICSDEV',to_timestamp('04-SEP-10 11.28.15.764000000 AM','DD-MON-RR HH.MI.SS.FF AM'));
Insert into PRODUCTCOUNTRY (COUNTRYID,CERTIFICATIONTYPEID,REQUESTSTATUS,SKUID,CREATEDBY,CREATEDON,MODIFIEDBY,MODIFIEDON) values (226,null,null,394,'ICSDEV',to_timestamp('04-SEP-10 11.28.15.764000000 AM','DD-MON-RR HH.MI.SS.FF AM'),'ICSDEV',to_timestamp('04-SEP-10 11.28.15.764000000 AM','DD-MON-RR HH.MI.SS.FF AM'));
Insert into PRODUCTCOUNTRY (COUNTRYID,CERTIFICATIONTYPEID,REQUESTSTATUS,SKUID,CREATEDBY,CREATEDON,MODIFIEDBY,MODIFIEDON) values (227,null,null,394,'ICSDEV',to_timestamp('04-SEP-10 11.28.15.764000000 AM','DD-MON-RR HH.MI.SS.FF AM'),'ICSDEV',to_timestamp('04-SEP-10 11.28.15.764000000 AM','DD-MON-RR HH.MI.SS.FF AM'));
Insert into PRODUCTCOUNTRY (COUNTRYID,CERTIFICATIONTYPEID,REQUESTSTATUS,SKUID,CREATEDBY,CREATEDON,MODIFIEDBY,MODIFIEDON) values (229,null,null,394,'ICSDEV',to_timestamp('04-SEP-10 11.28.15.764000000 AM','DD-MON-RR HH.MI.SS.FF AM'),'ICSDEV',to_timestamp('04-SEP-10 11.28.15.764000000 AM','DD-MON-RR HH.MI.SS.FF AM'));
Insert into PRODUCTCOUNTRY (COUNTRYID,CERTIFICATIONTYPEID,REQUESTSTATUS,SKUID,CREATEDBY,CREATEDON,MODIFIEDBY,MODIFIEDON) values (232,null,null,394,'ICSDEV',to_timestamp('04-SEP-10 11.28.15.764000000 AM','DD-MON-RR HH.MI.SS.FF AM'),'ICSDEV',to_timestamp('04-SEP-10 11.28.15.764000000 AM','DD-MON-RR HH.MI.SS.FF AM'));
Insert into PRODUCTCOUNTRY (COUNTRYID,CERTIFICATIONTYPEID,REQUESTSTATUS,SKUID,CREATEDBY,CREATEDON,MODIFIEDBY,MODIFIEDON) values (233,null,null,394,'ICSDEV',to_timestamp('04-SEP-10 11.28.15.764000000 AM','DD-MON-RR HH.MI.SS.FF AM'),'ICSDEV',to_timestamp('04-SEP-10 11.28.15.764000000 AM','DD-MON-RR HH.MI.SS.FF AM'));
Insert into PRODUCTCOUNTRY (COUNTRYID,CERTIFICATIONTYPEID,REQUESTSTATUS,SKUID,CREATEDBY,CREATEDON,MODIFIEDBY,MODIFIEDON) values (234,null,null,394,'ICSDEV',to_timestamp('04-SEP-10 11.28.15.764000000 AM','DD-MON-RR HH.MI.SS.FF AM'),'ICSDEV',to_timestamp('04-SEP-10 11.28.15.764000000 AM','DD-MON-RR HH.MI.SS.FF AM'));
Insert into PRODUCTCOUNTRY (COUNTRYID,CERTIFICATIONTYPEID,REQUESTSTATUS,SKUID,CREATEDBY,CREATEDON,MODIFIEDBY,MODIFIEDON) values (236,null,null,394,'ICSDEV',to_timestamp('04-SEP-10 11.28.15.764000000 AM','DD-MON-RR HH.MI.SS.FF AM'),'ICSDEV',to_timestamp('04-SEP-10 11.28.15.764000000 AM','DD-MON-RR HH.MI.SS.FF AM'));
Insert into PRODUCTCOUNTRY (COUNTRYID,CERTIFICATIONTYPEID,REQUESTSTATUS,SKUID,CREATEDBY,CREATEDON,MODIFIEDBY,MODIFIEDON) values (237,null,null,394,'ICSDEV',to_timestamp('04-SEP-10 11.28.15.764000000 AM','DD-MON-RR HH.MI.SS.FF AM'),'ICSDEV',to_timestamp('04-SEP-10 11.28.15.764000000 AM','DD-MON-RR HH.MI.SS.FF AM'));
Insert into PRODUCTCOUNTRY (COUNTRYID,CERTIFICATIONTYPEID,REQUESTSTATUS,SKUID,CREATEDBY,CREATEDON,MODIFIEDBY,MODIFIEDON) values (238,null,null,394,'ICSDEV',to_timestamp('04-SEP-10 11.28.15.764000000 AM','DD-MON-RR HH.MI.SS.FF AM'),'ICSDEV',to_timestamp('04-SEP-10 11.28.15.764000000 AM','DD-MON-RR HH.MI.SS.FF AM'));
Insert into PRODUCTCOUNTRY (COUNTRYID,CERTIFICATIONTYPEID,REQUESTSTATUS,SKUID,CREATEDBY,CREATEDON,MODIFIEDBY,MODIFIEDON) values (239,null,null,394,'ICSDEV',to_timestamp('04-SEP-10 11.28.15.764000000 AM','DD-MON-RR HH.MI.SS.FF AM'),'ICSDEV',to_timestamp('04-SEP-10 11.28.15.764000000 AM','DD-MON-RR HH.MI.SS.FF AM'));
Insert into PRODUCTCOUNTRY (COUNTRYID,CERTIFICATIONTYPEID,REQUESTSTATUS,SKUID,CREATEDBY,CREATEDON,MODIFIEDBY,MODIFIEDON) values (45,null,null,395,'ICSDEV',to_timestamp('04-SEP-10 11.28.15.778000000 AM','DD-MON-RR HH.MI.SS.FF AM'),'ICSDEV',to_timestamp('04-SEP-10 11.28.15.778000000 AM','DD-MON-RR HH.MI.SS.FF AM'));
Insert into PRODUCTCOUNTRY (COUNTRYID,CERTIFICATIONTYPEID,REQUESTSTATUS,SKUID,CREATEDBY,CREATEDON,MODIFIEDBY,MODIFIEDON) values (65,null,null,395,'ICSDEV',to_timestamp('04-SEP-10 11.28.15.778000000 AM','DD-MON-RR HH.MI.SS.FF AM'),'ICSDEV',to_timestamp('04-SEP-10 11.28.15.778000000 AM','DD-MON-RR HH.MI.SS.FF AM'));
Insert into PRODUCTCOUNTRY (COUNTRYID,CERTIFICATIONTYPEID,REQUESTSTATUS,SKUID,CREATEDBY,CREATEDON,MODIFIEDBY,MODIFIEDON) values (121,null,null,395,'ICSDEV',to_timestamp('04-SEP-10 11.28.15.778000000 AM','DD-MON-RR HH.MI.SS.FF AM'),'ICSDEV',to_timestamp('04-SEP-10 11.28.15.778000000 AM','DD-MON-RR HH.MI.SS.FF AM'));
Insert into PRODUCTCOUNTRY (COUNTRYID,CERTIFICATIONTYPEID,REQUESTSTATUS,SKUID,CREATEDBY,CREATEDON,MODIFIEDBY,MODIFIEDON) values (122,null,null,395,'ICSDEV',to_timestamp('04-SEP-10 11.28.15.778000000 AM','DD-MON-RR HH.MI.SS.FF AM'),'ICSDEV',to_timestamp('04-SEP-10 11.28.15.778000000 AM','DD-MON-RR HH.MI.SS.FF AM'));
Insert into PRODUCTCOUNTRY (COUNTRYID,CERTIFICATIONTYPEID,REQUESTSTATUS,SKUID,CREATEDBY,CREATEDON,MODIFIEDBY,MODIFIEDON) values (123,null,null,395,'ICSDEV',to_timestamp('04-SEP-10 11.28.15.778000000 AM','DD-MON-RR HH.MI.SS.FF AM'),'ICSDEV',to_timestamp('04-SEP-10 11.28.15.778000000 AM','DD-MON-RR HH.MI.SS.FF AM'));
Insert into PRODUCTCOUNTRY (COUNTRYID,CERTIFICATIONTYPEID,REQUESTSTATUS,SKUID,CREATEDBY,CREATEDON,MODIFIEDBY,MODIFIEDON) values (124,null,null,395,'ICSDEV',to_timestamp('04-SEP-10 11.28.15.778000000 AM','DD-MON-RR HH.MI.SS.FF AM'),'ICSDEV',to_timestamp('04-SEP-10 11.28.15.778000000 AM','DD-MON-RR HH.MI.SS.FF AM'));
Insert into PRODUCTCOUNTRY (COUNTRYID,CERTIFICATIONTYPEID,REQUESTSTATUS,SKUID,CREATEDBY,CREATEDON,MODIFIEDBY,MODIFIEDON) values (125,null,null,395,'ICSDEV',to_timestamp('04-SEP-10 11.28.15.778000000 AM','DD-MON-RR HH.MI.SS.FF AM'),'ICSDEV',to_timestamp('04-SEP-10 11.28.15.778000000 AM','DD-MON-RR HH.MI.SS.FF AM'));
Insert into PRODUCTCOUNTRY (COUNTRYID,CERTIFICATIONTYPEID,REQUESTSTATUS,SKUID,CREATEDBY,CREATEDON,MODIFIEDBY,MODIFIEDON) values (126,null,null,395,'ICSDEV',to_timestamp('04-SEP-10 11.28.15.778000000 AM','DD-MON-RR HH.MI.SS.FF AM'),'ICSDEV',to_timestamp('04-SEP-10 11.28.15.778000000 AM','DD-MON-RR HH.MI.SS.FF AM'));
Insert into PRODUCTCOUNTRY (COUNTRYID,CERTIFICATIONTYPEID,REQUESTSTATUS,SKUID,CREATEDBY,CREATEDON,MODIFIEDBY,MODIFIEDON) values (128,null,null,395,'ICSDEV',to_timestamp('04-SEP-10 11.28.15.778000000 AM','DD-MON-RR HH.MI.SS.FF AM'),'ICSDEV',to_timestamp('04-SEP-10 11.28.15.778000000 AM','DD-MON-RR HH.MI.SS.FF AM'));
Insert into PRODUCTCOUNTRY (COUNTRYID,CERTIFICATIONTYPEID,REQUESTSTATUS,SKUID,CREATEDBY,CREATEDON,MODIFIEDBY,MODIFIEDON) values (131,null,null,395,'ICSDEV',to_timestamp('04-SEP-10 11.28.15.778000000 AM','DD-MON-RR HH.MI.SS.FF AM'),'ICSDEV',to_timestamp('04-SEP-10 11.28.15.778000000 AM','DD-MON-RR HH.MI.SS.FF AM'));
Insert into PRODUCTCOUNTRY (COUNTRYID,CERTIFICATIONTYPEID,REQUESTSTATUS,SKUID,CREATEDBY,CREATEDON,MODIFIEDBY,MODIFIEDON) values (134,null,null,395,'ICSDEV',to_timestamp('04-SEP-10 11.28.15.778000000 AM','DD-MON-RR HH.MI.SS.FF AM'),'ICSDEV',to_timestamp('04-SEP-10 11.28.15.778000000 AM','DD-MON-RR HH.MI.SS.FF AM'));
Insert into PRODUCTCOUNTRY (COUNTRYID,CERTIFICATIONTYPEID,REQUESTSTATUS,SKUID,CREATEDBY,CREATEDON,MODIFIEDBY,MODIFIEDON) values (135,null,null,395,'ICSDEV',to_timestamp('04-SEP-10 11.28.15.778000000 AM','DD-MON-RR HH.MI.SS.FF AM'),'ICSDEV',to_timestamp('04-SEP-10 11.28.15.778000000 AM','DD-MON-RR HH.MI.SS.FF AM'));
Insert into PRODUCTCOUNTRY (COUNTRYID,CERTIFICATIONTYPEID,REQUESTSTATUS,SKUID,CREATEDBY,CREATEDON,MODIFIEDBY,MODIFIEDON) values (136,null,null,395,'ICSDEV',to_timestamp('04-SEP-10 11.28.15.778000000 AM','DD-MON-RR HH.MI.SS.FF AM'),'ICSDEV',to_timestamp('04-SEP-10 11.28.15.778000000 AM','DD-MON-RR HH.MI.SS.FF AM'));
Insert into PRODUCTCOUNTRY (COUNTRYID,CERTIFICATIONTYPEID,REQUESTSTATUS,SKUID,CREATEDBY,CREATEDON,MODIFIEDBY,MODIFIEDON) values (138,null,null,395,'ICSDEV',to_timestamp('04-SEP-10 11.28.15.778000000 AM','DD-MON-RR HH.MI.SS.FF AM'),'ICSDEV',to_timestamp('04-SEP-10 11.28.15.778000000 AM','DD-MON-RR HH.MI.SS.FF AM'));
Insert into PRODUCTCOUNTRY (COUNTRYID,CERTIFICATIONTYPEID,REQUESTSTATUS,SKUID,CREATEDBY,CREATEDON,MODIFIEDBY,MODIFIEDON) values (139,null,null,395,'ICSDEV',to_timestamp('04-SEP-10 11.28.15.778000000 AM','DD-MON-RR HH.MI.SS.FF AM'),'ICSDEV',to_timestamp('04-SEP-10 11.28.15.778000000 AM','DD-MON-RR HH.MI.SS.FF AM'));
Insert into PRODUCTCOUNTRY (COUNTRYID,CERTIFICATIONTYPEID,REQUESTSTATUS,SKUID,CREATEDBY,CREATEDON,MODIFIEDBY,MODIFIEDON) values (143,null,null,395,'ICSDEV',to_timestamp('04-SEP-10 11.28.15.778000000 AM','DD-MON-RR HH.MI.SS.FF AM'),'ICSDEV',to_timestamp('04-SEP-10 11.28.15.778000000 AM','DD-MON-RR HH.MI.SS.FF AM'));
Insert into PRODUCTCOUNTRY (COUNTRYID,CERTIFICATIONTYPEID,REQUESTSTATUS,SKUID,CREATEDBY,CREATEDON,MODIFIEDBY,MODIFIEDON) values (145,null,null,395,'ICSDEV',to_timestamp('04-SEP-10 11.28.15.778000000 AM','DD-MON-RR HH.MI.SS.FF AM'),'ICSDEV',to_timestamp('04-SEP-10 11.28.15.778000000 AM','DD-MON-RR HH.MI.SS.FF AM'));
Insert into PRODUCTCOUNTRY (COUNTRYID,CERTIFICATIONTYPEID,REQUESTSTATUS,SKUID,CREATEDBY,CREATEDON,MODIFIEDBY,MODIFIEDON) values (158,null,null,395,'ICSDEV',to_timestamp('04-SEP-10 11.28.15.778000000 AM','DD-MON-RR HH.MI.SS.FF AM'),'ICSDEV',to_timestamp('04-SEP-10 11.28.15.778000000 AM','DD-MON-RR HH.MI.SS.FF AM'));
Insert into PRODUCTCOUNTRY (COUNTRYID,CERTIFICATIONTYPEID,REQUESTSTATUS,SKUID,CREATEDBY,CREATEDON,MODIFIEDBY,MODIFIEDON) values (167,null,null,395,'ICSDEV',to_timestamp('04-SEP-10 11.28.15.778000000 AM','DD-MON-RR HH.MI.SS.FF AM'),'ICSDEV',to_timestamp('04-SEP-10 11.28.15.778000000 AM','DD-MON-RR HH.MI.SS.FF AM'));
Insert into PRODUCTCOUNTRY (COUNTRYID,CERTIFICATIONTYPEID,REQUESTSTATUS,SKUID,CREATEDBY,CREATEDON,MODIFIEDBY,MODIFIEDON) values (179,null,null,395,'ICSDEV',to_timestamp('04-SEP-10 11.28.15.778000000 AM','DD-MON-RR HH.MI.SS.FF AM'),'ICSDEV',to_timestamp('04-SEP-10 11.28.15.778000000 AM','DD-MON-RR HH.MI.SS.FF AM'));
Insert into PRODUCTCOUNTRY (COUNTRYID,CERTIFICATIONTYPEID,REQUESTSTATUS,SKUID,CREATEDBY,CREATEDON,MODIFIEDBY,MODIFIEDON) values (215,null,null,395,'ICSDEV',to_timestamp('04-SEP-10 11.28.15.778000000 AM','DD-MON-RR HH.MI.SS.FF AM'),'ICSDEV',to_timestamp('04-SEP-10 11.28.15.778000000 AM','DD-MON-RR HH.MI.SS.FF AM'));
Insert into PRODUCTCOUNTRY (COUNTRYID,CERTIFICATIONTYPEID,REQUESTSTATUS,SKUID,CREATEDBY,CREATEDON,MODIFIEDBY,MODIFIEDON) values (216,null,null,395,'ICSDEV',to_timestamp('04-SEP-10 11.28.15.778000000 AM','DD-MON-RR HH.MI.SS.FF AM'),'ICSDEV',to_timestamp('04-SEP-10 11.28.15.778000000 AM','DD-MON-RR HH.MI.SS.FF AM'));
Insert into PRODUCTCOUNTRY (COUNTRYID,CERTIFICATIONTYPEID,REQUESTSTATUS,SKUID,CREATEDBY,CREATEDON,MODIFIEDBY,MODIFIEDON) values (218,null,null,395,'ICSDEV',to_timestamp('04-SEP-10 11.28.15.778000000 AM','DD-MON-RR HH.MI.SS.FF AM'),'ICSDEV',to_timestamp('04-SEP-10 11.28.15.778000000 AM','DD-MON-RR HH.MI.SS.FF AM'));
Insert into PRODUCTCOUNTRY (COUNTRYID,CERTIFICATIONTYPEID,REQUESTSTATUS,SKUID,CREATEDBY,CREATEDON,MODIFIEDBY,MODIFIEDON) values (220,null,null,395,'ICSDEV',to_timestamp('04-SEP-10 11.28.15.778000000 AM','DD-MON-RR HH.MI.SS.FF AM'),'ICSDEV',to_timestamp('04-SEP-10 11.28.15.778000000 AM','DD-MON-RR HH.MI.SS.FF AM'));
Insert into PRODUCTCOUNTRY (COUNTRYID,CERTIFICATIONTYPEID,REQUESTSTATUS,SKUID,CREATEDBY,CREATEDON,MODIFIEDBY,MODIFIEDON) values (221,null,null,395,'ICSDEV',to_timestamp('04-SEP-10 11.28.15.778000000 AM','DD-MON-RR HH.MI.SS.FF AM'),'ICSDEV',to_timestamp('04-SEP-10 11.28.15.778000000 AM','DD-MON-RR HH.MI.SS.FF AM'));
Insert into PRODUCTCOUNTRY (COUNTRYID,CERTIFICATIONTYPEID,REQUESTSTATUS,SKUID,CREATEDBY,CREATEDON,MODIFIEDBY,MODIFIEDON) values (222,null,null,395,'ICSDEV',to_timestamp('04-SEP-10 11.28.15.778000000 AM','DD-MON-RR HH.MI.SS.FF AM'),'ICSDEV',to_timestamp('04-SEP-10 11.28.15.778000000 AM','DD-MON-RR HH.MI.SS.FF AM'));
Insert into PRODUCTCOUNTRY (COUNTRYID,CERTIFICATIONTYPEID,REQUESTSTATUS,SKUID,CREATEDBY,CREATEDON,MODIFIEDBY,MODIFIEDON) values (224,null,null,395,'ICSDEV',to_timestamp('04-SEP-10 11.28.15.778000000 AM','DD-MON-RR HH.MI.SS.FF AM'),'ICSDEV',to_timestamp('04-SEP-10 11.28.15.778000000 AM','DD-MON-RR HH.MI.SS.FF AM'));
Insert into PRODUCTCOUNTRY (COUNTRYID,CERTIFICATIONTYPEID,REQUESTSTATUS,SKUID,CREATEDBY,CREATEDON,MODIFIEDBY,MODIFIEDON) values (226,null,null,395,'ICSDEV',to_timestamp('04-SEP-10 11.28.15.778000000 AM','DD-MON-RR HH.MI.SS.FF AM'),'ICSDEV',to_timestamp('04-SEP-10 11.28.15.778000000 AM','DD-MON-RR HH.MI.SS.FF AM'));
Insert into PRODUCTCOUNTRY (COUNTRYID,CERTIFICATIONTYPEID,REQUESTSTATUS,SKUID,CREATEDBY,CREATEDON,MODIFIEDBY,MODIFIEDON) values (227,null,null,395,'ICSDEV',to_timestamp('04-SEP-10 11.28.15.778000000 AM','DD-MON-RR HH.MI.SS.FF AM'),'ICSDEV',to_timestamp('04-SEP-10 11.28.15.778000000 AM','DD-MON-RR HH.MI.SS.FF AM'));
Insert into PRODUCTCOUNTRY (COUNTRYID,CERTIFICATIONTYPEID,REQUESTSTATUS,SKUID,CREATEDBY,CREATEDON,MODIFIEDBY,MODIFIEDON) values (229,null,null,395,'ICSDEV',to_timestamp('04-SEP-10 11.28.15.778000000 AM','DD-MON-RR HH.MI.SS.FF AM'),'ICSDEV',to_timestamp('04-SEP-10 11.28.15.778000000 AM','DD-MON-RR HH.MI.SS.FF AM'));
Insert into PRODUCTCOUNTRY (COUNTRYID,CERTIFICATIONTYPEID,REQUESTSTATUS,SKUID,CREATEDBY,CREATEDON,MODIFIEDBY,MODIFIEDON) values (232,null,null,395,'ICSDEV',to_timestamp('04-SEP-10 11.28.15.778000000 AM','DD-MON-RR HH.MI.SS.FF AM'),'ICSDEV',to_timestamp('04-SEP-10 11.28.15.778000000 AM','DD-MON-RR HH.MI.SS.FF AM'));
Insert into PRODUCTCOUNTRY (COUNTRYID,CERTIFICATIONTYPEID,REQUESTSTATUS,SKUID,CREATEDBY,CREATEDON,MODIFIEDBY,MODIFIEDON) values (233,null,null,395,'ICSDEV',to_timestamp('04-SEP-10 11.28.15.778000000 AM','DD-MON-RR HH.MI.SS.FF AM'),'ICSDEV',to_timestamp('04-SEP-10 11.28.15.778000000 AM','DD-MON-RR HH.MI.SS.FF AM'));
Insert into PRODUCTCOUNTRY (COUNTRYID,CERTIFICATIONTYPEID,REQUESTSTATUS,SKUID,CREATEDBY,CREATEDON,MODIFIEDBY,MODIFIEDON) values (234,null,null,395,'ICSDEV',to_timestamp('04-SEP-10 11.28.15.778000000 AM','DD-MON-RR HH.MI.SS.FF AM'),'ICSDEV',to_timestamp('04-SEP-10 11.28.15.778000000 AM','DD-MON-RR HH.MI.SS.FF AM'));
Insert into PRODUCTCOUNTRY (COUNTRYID,CERTIFICATIONTYPEID,REQUESTSTATUS,SKUID,CREATEDBY,CREATEDON,MODIFIEDBY,MODIFIEDON) values (236,null,null,395,'ICSDEV',to_timestamp('04-SEP-10 11.28.15.778000000 AM','DD-MON-RR HH.MI.SS.FF AM'),'ICSDEV',to_timestamp('04-SEP-10 11.28.15.778000000 AM','DD-MON-RR HH.MI.SS.FF AM'));
Insert into PRODUCTCOUNTRY (COUNTRYID,CERTIFICATIONTYPEID,REQUESTSTATUS,SKUID,CREATEDBY,CREATEDON,MODIFIEDBY,MODIFIEDON) values (237,null,null,395,'ICSDEV',to_timestamp('04-SEP-10 11.28.15.778000000 AM','DD-MON-RR HH.MI.SS.FF AM'),'ICSDEV',to_timestamp('04-SEP-10 11.28.15.778000000 AM','DD-MON-RR HH.MI.SS.FF AM'));
Insert into PRODUCTCOUNTRY (COUNTRYID,CERTIFICATIONTYPEID,REQUESTSTATUS,SKUID,CREATEDBY,CREATEDON,MODIFIEDBY,MODIFIEDON) values (238,null,null,395,'ICSDEV',to_timestamp('04-SEP-10 11.28.15.778000000 AM','DD-MON-RR HH.MI.SS.FF AM'),'ICSDEV',to_timestamp('04-SEP-10 11.28.15.778000000 AM','DD-MON-RR HH.MI.SS.FF AM'));
Insert into PRODUCTCOUNTRY (COUNTRYID,CERTIFICATIONTYPEID,REQUESTSTATUS,SKUID,CREATEDBY,CREATEDON,MODIFIEDBY,MODIFIEDON) values (239,null,null,395,'ICSDEV',to_timestamp('04-SEP-10 11.28.15.778000000 AM','DD-MON-RR HH.MI.SS.FF AM'),'ICSDEV',to_timestamp('04-SEP-10 11.28.15.778000000 AM','DD-MON-RR HH.MI.SS.FF AM'));
Insert into PRODUCTCOUNTRY (COUNTRYID,CERTIFICATIONTYPEID,REQUESTSTATUS,SKUID,CREATEDBY,CREATEDON,MODIFIEDBY,MODIFIEDON) values (45,null,null,397,'ICSDEV',to_timestamp('04-SEP-10 11.28.15.793000000 AM','DD-MON-RR HH.MI.SS.FF AM'),'ICSDEV',to_timestamp('04-SEP-10 11.28.15.793000000 AM','DD-MON-RR HH.MI.SS.FF AM'));
Insert into PRODUCTCOUNTRY (COUNTRYID,CERTIFICATIONTYPEID,REQUESTSTATUS,SKUID,CREATEDBY,CREATEDON,MODIFIEDBY,MODIFIEDON) values (65,null,null,397,'ICSDEV',to_timestamp('04-SEP-10 11.28.15.793000000 AM','DD-MON-RR HH.MI.SS.FF AM'),'ICSDEV',to_timestamp('04-SEP-10 11.28.15.793000000 AM','DD-MON-RR HH.MI.SS.FF AM'));
Insert into PRODUCTCOUNTRY (COUNTRYID,CERTIFICATIONTYPEID,REQUESTSTATUS,SKUID,CREATEDBY,CREATEDON,MODIFIEDBY,MODIFIEDON) values (121,null,null,397,'ICSDEV',to_timestamp('04-SEP-10 11.28.15.793000000 AM','DD-MON-RR HH.MI.SS.FF AM'),'ICSDEV',to_timestamp('04-SEP-10 11.28.15.793000000 AM','DD-MON-RR HH.MI.SS.FF AM'));
Insert into PRODUCTCOUNTRY (COUNTRYID,CERTIFICATIONTYPEID,REQUESTSTATUS,SKUID,CREATEDBY,CREATEDON,MODIFIEDBY,MODIFIEDON) values (122,null,null,397,'ICSDEV',to_timestamp('04-SEP-10 11.28.15.793000000 AM','DD-MON-RR HH.MI.SS.FF AM'),'ICSDEV',to_timestamp('04-SEP-10 11.28.15.793000000 AM','DD-MON-RR HH.MI.SS.FF AM'));
Insert into PRODUCTCOUNTRY (COUNTRYID,CERTIFICATIONTYPEID,REQUESTSTATUS,SKUID,CREATEDBY,CREATEDON,MODIFIEDBY,MODIFIEDON) values (123,null,null,397,'ICSDEV',to_timestamp('04-SEP-10 11.28.15.793000000 AM','DD-MON-RR HH.MI.SS.FF AM'),'ICSDEV',to_timestamp('04-SEP-10 11.28.15.793000000 AM','DD-MON-RR HH.MI.SS.FF AM'));
Insert into PRODUCTCOUNTRY (COUNTRYID,CERTIFICATIONTYPEID,REQUESTSTATUS,SKUID,CREATEDBY,CREATEDON,MODIFIEDBY,MODIFIEDON) values (124,null,null,397,'ICSDEV',to_timestamp('04-SEP-10 11.28.15.793000000 AM','DD-MON-RR HH.MI.SS.FF AM'),'ICSDEV',to_timestamp('04-SEP-10 11.28.15.793000000 AM','DD-MON-RR HH.MI.SS.FF AM'));
Insert into PRODUCTCOUNTRY (COUNTRYID,CERTIFICATIONTYPEID,REQUESTSTATUS,SKUID,CREATEDBY,CREATEDON,MODIFIEDBY,MODIFIEDON) values (125,null,null,397,'ICSDEV',to_timestamp('04-SEP-10 11.28.15.793000000 AM','DD-MON-RR HH.MI.SS.FF AM'),'ICSDEV',to_timestamp('04-SEP-10 11.28.15.793000000 AM','DD-MON-RR HH.MI.SS.FF AM'));
Insert into PRODUCTCOUNTRY (COUNTRYID,CERTIFICATIONTYPEID,REQUESTSTATUS,SKUID,CREATEDBY,CREATEDON,MODIFIEDBY,MODIFIEDON) values (126,null,null,397,'ICSDEV',to_timestamp('04-SEP-10 11.28.15.793000000 AM','DD-MON-RR HH.MI.SS.FF AM'),'ICSDEV',to_timestamp('04-SEP-10 11.28.15.793000000 AM','DD-MON-RR HH.MI.SS.FF AM'));
Insert into PRODUCTCOUNTRY (COUNTRYID,CERTIFICATIONTYPEID,REQUESTSTATUS,SKUID,CREATEDBY,CREATEDON,MODIFIEDBY,MODIFIEDON) values (128,null,null,397,'ICSDEV',to_timestamp('04-SEP-10 11.28.15.793000000 AM','DD-MON-RR HH.MI.SS.FF AM'),'ICSDEV',to_timestamp('04-SEP-10 11.28.15.793000000 AM','DD-MON-RR HH.MI.SS.FF AM'));
Insert into PRODUCTCOUNTRY (COUNTRYID,CERTIFICATIONTYPEID,REQUESTSTATUS,SKUID,CREATEDBY,CREATEDON,MODIFIEDBY,MODIFIEDON) values (131,null,null,397,'ICSDEV',to_timestamp('04-SEP-10 11.28.15.793000000 AM','DD-MON-RR HH.MI.SS.FF AM'),'ICSDEV',to_timestamp('04-SEP-10 11.28.15.793000000 AM','DD-MON-RR HH.MI.SS.FF AM'));
Insert into PRODUCTCOUNTRY (COUNTRYID,CERTIFICATIONTYPEID,REQUESTSTATUS,SKUID,CREATEDBY,CREATEDON,MODIFIEDBY,MODIFIEDON) values (134,null,null,397,'ICSDEV',to_timestamp('04-SEP-10 11.28.15.793000000 AM','DD-MON-RR HH.MI.SS.FF AM'),'ICSDEV',to_timestamp('04-SEP-10 11.28.15.793000000 AM','DD-MON-RR HH.MI.SS.FF AM'));
Insert into PRODUCTCOUNTRY (COUNTRYID,CERTIFICATIONTYPEID,REQUESTSTATUS,SKUID,CREATEDBY,CREATEDON,MODIFIEDBY,MODIFIEDON) values (135,null,null,397,'ICSDEV',to_timestamp('04-SEP-10 11.28.15.793000000 AM','DD-MON-RR HH.MI.SS.FF AM'),'ICSDEV',to_timestamp('04-SEP-10 11.28.15.793000000 AM','DD-MON-RR HH.MI.SS.FF AM'));
Insert into PRODUCTCOUNTRY (COUNTRYID,CERTIFICATIONTYPEID,REQUESTSTATUS,SKUID,CREATEDBY,CREATEDON,MODIFIEDBY,MODIFIEDON) values (136,null,null,397,'ICSDEV',to_timestamp('04-SEP-10 11.28.15.793000000 AM','DD-MON-RR HH.MI.SS.FF AM'),'ICSDEV',to_timestamp('04-SEP-10 11.28.15.793000000 AM','DD-MON-RR HH.MI.SS.FF AM'));
Insert into PRODUCTCOUNTRY (COUNTRYID,CERTIFICATIONTYPEID,REQUESTSTATUS,SKUID,CREATEDBY,CREATEDON,MODIFIEDBY,MODIFIEDON) values (138,null,null,397,'ICSDEV',to_timestamp('04-SEP-10 11.28.15.793000000 AM','DD-MON-RR HH.MI.SS.FF AM'),'ICSDEV',to_timestamp('04-SEP-10 11.28.15.793000000 AM','DD-MON-RR HH.MI.SS.FF AM'));
Insert into PRODUCTCOUNTRY (COUNTRYID,CERTIFICATIONTYPEID,REQUESTSTATUS,SKUID,CREATEDBY,CREATEDON,MODIFIEDBY,MODIFIEDON) values (139,null,null,397,'ICSDEV',to_timestamp('04-SEP-10 11.28.15.793000000 AM','DD-MON-RR HH.MI.SS.FF AM'),'ICSDEV',to_timestamp('04-SEP-10 11.28.15.793000000 AM','DD-MON-RR HH.MI.SS.FF AM'));
Insert into PRODUCTCOUNTRY (COUNTRYID,CERTIFICATIONTYPEID,REQUESTSTATUS,SKUID,CREATEDBY,CREATEDON,MODIFIEDBY,MODIFIEDON) values (143,null,null,397,'ICSDEV',to_timestamp('04-SEP-10 11.28.15.793000000 AM','DD-MON-RR HH.MI.SS.FF AM'),'ICSDEV',to_timestamp('04-SEP-10 11.28.15.793000000 AM','DD-MON-RR HH.MI.SS.FF AM'));
Insert into PRODUCTCOUNTRY (COUNTRYID,CERTIFICATIONTYPEID,REQUESTSTATUS,SKUID,CREATEDBY,CREATEDON,MODIFIEDBY,MODIFIEDON) values (145,null,null,397,'ICSDEV',to_timestamp('04-SEP-10 11.28.15.793000000 AM','DD-MON-RR HH.MI.SS.FF AM'),'ICSDEV',to_timestamp('04-SEP-10 11.28.15.793000000 AM','DD-MON-RR HH.MI.SS.FF AM'));
Insert into PRODUCTCOUNTRY (COUNTRYID,CERTIFICATIONTYPEID,REQUESTSTATUS,SKUID,CREATEDBY,CREATEDON,MODIFIEDBY,MODIFIEDON) values (158,null,null,397,'ICSDEV',to_timestamp('04-SEP-10 11.28.15.793000000 AM','DD-MON-RR HH.MI.SS.FF AM'),'ICSDEV',to_timestamp('04-SEP-10 11.28.15.793000000 AM','DD-MON-RR HH.MI.SS.FF AM'));
Insert into PRODUCTCOUNTRY (COUNTRYID,CERTIFICATIONTYPEID,REQUESTSTATUS,SKUID,CREATEDBY,CREATEDON,MODIFIEDBY,MODIFIEDON) values (167,null,null,397,'ICSDEV',to_timestamp('04-SEP-10 11.28.15.793000000 AM','DD-MON-RR HH.MI.SS.FF AM'),'ICSDEV',to_timestamp('04-SEP-10 11.28.15.793000000 AM','DD-MON-RR HH.MI.SS.FF AM'));
Insert into PRODUCTCOUNTRY (COUNTRYID,CERTIFICATIONTYPEID,REQUESTSTATUS,SKUID,CREATEDBY,CREATEDON,MODIFIEDBY,MODIFIEDON) values (179,null,null,397,'ICSDEV',to_timestamp('04-SEP-10 11.28.15.793000000 AM','DD-MON-RR HH.MI.SS.FF AM'),'ICSDEV',to_timestamp('04-SEP-10 11.28.15.793000000 AM','DD-MON-RR HH.MI.SS.FF AM'));
Insert into PRODUCTCOUNTRY (COUNTRYID,CERTIFICATIONTYPEID,REQUESTSTATUS,SKUID,CREATEDBY,CREATEDON,MODIFIEDBY,MODIFIEDON) values (215,null,null,397,'ICSDEV',to_timestamp('04-SEP-10 11.28.15.793000000 AM','DD-MON-RR HH.MI.SS.FF AM'),'ICSDEV',to_timestamp('04-SEP-10 11.28.15.793000000 AM','DD-MON-RR HH.MI.SS.FF AM'));
Insert into PRODUCTCOUNTRY (COUNTRYID,CERTIFICATIONTYPEID,REQUESTSTATUS,SKUID,CREATEDBY,CREATEDON,MODIFIEDBY,MODIFIEDON) values (216,null,null,397,'ICSDEV',to_timestamp('04-SEP-10 11.28.15.793000000 AM','DD-MON-RR HH.MI.SS.FF AM'),'ICSDEV',to_timestamp('04-SEP-10 11.28.15.793000000 AM','DD-MON-RR HH.MI.SS.FF AM'));
Insert into PRODUCTCOUNTRY (COUNTRYID,CERTIFICATIONTYPEID,REQUESTSTATUS,SKUID,CREATEDBY,CREATEDON,MODIFIEDBY,MODIFIEDON) values (218,null,null,397,'ICSDEV',to_timestamp('04-SEP-10 11.28.15.793000000 AM','DD-MON-RR HH.MI.SS.FF AM'),'ICSDEV',to_timestamp('04-SEP-10 11.28.15.793000000 AM','DD-MON-RR HH.MI.SS.FF AM'));
Insert into PRODUCTCOUNTRY (COUNTRYID,CERTIFICATIONTYPEID,REQUESTSTATUS,SKUID,CREATEDBY,CREATEDON,MODIFIEDBY,MODIFIEDON) values (220,null,null,397,'ICSDEV',to_timestamp('04-SEP-10 11.28.15.793000000 AM','DD-MON-RR HH.MI.SS.FF AM'),'ICSDEV',to_timestamp('04-SEP-10 11.28.15.793000000 AM','DD-MON-RR HH.MI.SS.FF AM'));
Insert into PRODUCTCOUNTRY (COUNTRYID,CERTIFICATIONTYPEID,REQUESTSTATUS,SKUID,CREATEDBY,CREATEDON,MODIFIEDBY,MODIFIEDON) values (221,null,null,397,'ICSDEV',to_timestamp('04-SEP-10 11.28.15.793000000 AM','DD-MON-RR HH.MI.SS.FF AM'),'ICSDEV',to_timestamp('04-SEP-10 11.28.15.793000000 AM','DD-MON-RR HH.MI.SS.FF AM'));
Insert into PRODUCTCOUNTRY (COUNTRYID,CERTIFICATIONTYPEID,REQUESTSTATUS,SKUID,CREATEDBY,CREATEDON,MODIFIEDBY,MODIFIEDON) values (222,null,null,397,'ICSDEV',to_timestamp('04-SEP-10 11.28.15.793000000 AM','DD-MON-RR HH.MI.SS.FF AM'),'ICSDEV',to_timestamp('04-SEP-10 11.28.15.793000000 AM','DD-MON-RR HH.MI.SS.FF AM'));
Insert into PRODUCTCOUNTRY (COUNTRYID,CERTIFICATIONTYPEID,REQUESTSTATUS,SKUID,CREATEDBY,CREATEDON,MODIFIEDBY,MODIFIEDON) values (224,null,null,397,'ICSDEV',to_timestamp('04-SEP-10 11.28.15.793000000 AM','DD-MON-RR HH.MI.SS.FF AM'),'ICSDEV',to_timestamp('04-SEP-10 11.28.15.793000000 AM','DD-MON-RR HH.MI.SS.FF AM'));
Insert into PRODUCTCOUNTRY (COUNTRYID,CERTIFICATIONTYPEID,REQUESTSTATUS,SKUID,CREATEDBY,CREATEDON,MODIFIEDBY,MODIFIEDON) values (226,null,null,397,'ICSDEV',to_timestamp('04-SEP-10 11.28.15.793000000 AM','DD-MON-RR HH.MI.SS.FF AM'),'ICSDEV',to_timestamp('04-SEP-10 11.28.15.793000000 AM','DD-MON-RR HH.MI.SS.FF AM'));
Insert into PRODUCTCOUNTRY (COUNTRYID,CERTIFICATIONTYPEID,REQUESTSTATUS,SKUID,CREATEDBY,CREATEDON,MODIFIEDBY,MODIFIEDON) values (227,null,null,397,'ICSDEV',to_timestamp('04-SEP-10 11.28.15.793000000 AM','DD-MON-RR HH.MI.SS.FF AM'),'ICSDEV',to_timestamp('04-SEP-10 11.28.15.793000000 AM','DD-MON-RR HH.MI.SS.FF AM'));
Insert into PRODUCTCOUNTRY (COUNTRYID,CERTIFICATIONTYPEID,REQUESTSTATUS,SKUID,CREATEDBY,CREATEDON,MODIFIEDBY,MODIFIEDON) values (229,null,null,397,'ICSDEV',to_timestamp('04-SEP-10 11.28.15.793000000 AM','DD-MON-RR HH.MI.SS.FF AM'),'ICSDEV',to_timestamp('04-SEP-10 11.28.15.793000000 AM','DD-MON-RR HH.MI.SS.FF AM'));
Insert into PRODUCTCOUNTRY (COUNTRYID,CERTIFICATIONTYPEID,REQUESTSTATUS,SKUID,CREATEDBY,CREATEDON,MODIFIEDBY,MODIFIEDON) values (232,null,null,397,'ICSDEV',to_timestamp('04-SEP-10 11.28.15.793000000 AM','DD-MON-RR HH.MI.SS.FF AM'),'ICSDEV',to_timestamp('04-SEP-10 11.28.15.793000000 AM','DD-MON-RR HH.MI.SS.FF AM'));
Insert into PRODUCTCOUNTRY (COUNTRYID,CERTIFICATIONTYPEID,REQUESTSTATUS,SKUID,CREATEDBY,CREATEDON,MODIFIEDBY,MODIFIEDON) values (233,null,null,397,'ICSDEV',to_timestamp('04-SEP-10 11.28.15.793000000 AM','DD-MON-RR HH.MI.SS.FF AM'),'ICSDEV',to_timestamp('04-SEP-10 11.28.15.793000000 AM','DD-MON-RR HH.MI.SS.FF AM'));
Insert into PRODUCTCOUNTRY (COUNTRYID,CERTIFICATIONTYPEID,REQUESTSTATUS,SKUID,CREATEDBY,CREATEDON,MODIFIEDBY,MODIFIEDON) values (234,null,null,397,'ICSDEV',to_timestamp('04-SEP-10 11.28.15.793000000 AM','DD-MON-RR HH.MI.SS.FF AM'),'ICSDEV',to_timestamp('04-SEP-10 11.28.15.793000000 AM','DD-MON-RR HH.MI.SS.FF AM'));
Insert into PRODUCTCOUNTRY (COUNTRYID,CERTIFICATIONTYPEID,REQUESTSTATUS,SKUID,CREATEDBY,CREATEDON,MODIFIEDBY,MODIFIEDON) values (236,null,null,397,'ICSDEV',to_timestamp('04-SEP-10 11.28.15.793000000 AM','DD-MON-RR HH.MI.SS.FF AM'),'ICSDEV',to_timestamp('04-SEP-10 11.28.15.793000000 AM','DD-MON-RR HH.MI.SS.FF AM'));
Insert into PRODUCTCOUNTRY (COUNTRYID,CERTIFICATIONTYPEID,REQUESTSTATUS,SKUID,CREATEDBY,CREATEDON,MODIFIEDBY,MODIFIEDON) values (237,null,null,397,'ICSDEV',to_timestamp('04-SEP-10 11.28.15.793000000 AM','DD-MON-RR HH.MI.SS.FF AM'),'ICSDEV',to_timestamp('04-SEP-10 11.28.15.793000000 AM','DD-MON-RR HH.MI.SS.FF AM'));
Insert into PRODUCTCOUNTRY (COUNTRYID,CERTIFICATIONTYPEID,REQUESTSTATUS,SKUID,CREATEDBY,CREATEDON,MODIFIEDBY,MODIFIEDON) values (238,null,null,397,'ICSDEV',to_timestamp('04-SEP-10 11.28.15.793000000 AM','DD-MON-RR HH.MI.SS.FF AM'),'ICSDEV',to_timestamp('04-SEP-10 11.28.15.793000000 AM','DD-MON-RR HH.MI.SS.FF AM'));
Insert into PRODUCTCOUNTRY (COUNTRYID,CERTIFICATIONTYPEID,REQUESTSTATUS,SKUID,CREATEDBY,CREATEDON,MODIFIEDBY,MODIFIEDON) values (239,null,null,397,'ICSDEV',to_timestamp('04-SEP-10 11.28.15.793000000 AM','DD-MON-RR HH.MI.SS.FF AM'),'ICSDEV',to_timestamp('04-SEP-10 11.28.15.793000000 AM','DD-MON-RR HH.MI.SS.FF AM'));
Insert into PRODUCTCOUNTRY (COUNTRYID,CERTIFICATIONTYPEID,REQUESTSTATUS,SKUID,CREATEDBY,CREATEDON,MODIFIEDBY,MODIFIEDON) values (45,null,null,398,'ICSDEV',to_timestamp('04-SEP-10 11.28.15.807000000 AM','DD-MON-RR HH.MI.SS.FF AM'),'ICSDEV',to_timestamp('04-SEP-10 11.28.15.807000000 AM','DD-MON-RR HH.MI.SS.FF AM'));
Insert into PRODUCTCOUNTRY (COUNTRYID,CERTIFICATIONTYPEID,REQUESTSTATUS,SKUID,CREATEDBY,CREATEDON,MODIFIEDBY,MODIFIEDON) values (65,null,null,398,'ICSDEV',to_timestamp('04-SEP-10 11.28.15.807000000 AM','DD-MON-RR HH.MI.SS.FF AM'),'ICSDEV',to_timestamp('04-SEP-10 11.28.15.807000000 AM','DD-MON-RR HH.MI.SS.FF AM'));
Insert into PRODUCTCOUNTRY (COUNTRYID,CERTIFICATIONTYPEID,REQUESTSTATUS,SKUID,CREATEDBY,CREATEDON,MODIFIEDBY,MODIFIEDON) values (121,null,null,398,'ICSDEV',to_timestamp('04-SEP-10 11.28.15.807000000 AM','DD-MON-RR HH.MI.SS.FF AM'),'ICSDEV',to_timestamp('04-SEP-10 11.28.15.807000000 AM','DD-MON-RR HH.MI.SS.FF AM'));
Insert into PRODUCTCOUNTRY (COUNTRYID,CERTIFICATIONTYPEID,REQUESTSTATUS,SKUID,CREATEDBY,CREATEDON,MODIFIEDBY,MODIFIEDON) values (122,null,null,398,'ICSDEV',to_timestamp('04-SEP-10 11.28.15.807000000 AM','DD-MON-RR HH.MI.SS.FF AM'),'ICSDEV',to_timestamp('04-SEP-10 11.28.15.807000000 AM','DD-MON-RR HH.MI.SS.FF AM'));
Insert into PRODUCTCOUNTRY (COUNTRYID,CERTIFICATIONTYPEID,REQUESTSTATUS,SKUID,CREATEDBY,CREATEDON,MODIFIEDBY,MODIFIEDON) values (123,null,null,398,'ICSDEV',to_timestamp('04-SEP-10 11.28.15.807000000 AM','DD-MON-RR HH.MI.SS.FF AM'),'ICSDEV',to_timestamp('04-SEP-10 11.28.15.807000000 AM','DD-MON-RR HH.MI.SS.FF AM'));
Insert into PRODUCTCOUNTRY (COUNTRYID,CERTIFICATIONTYPEID,REQUESTSTATUS,SKUID,CREATEDBY,CREATEDON,MODIFIEDBY,MODIFIEDON) values (124,null,null,398,'ICSDEV',to_timestamp('04-SEP-10 11.28.15.807000000 AM','DD-MON-RR HH.MI.SS.FF AM'),'ICSDEV',to_timestamp('04-SEP-10 11.28.15.807000000 AM','DD-MON-RR HH.MI.SS.FF AM'));
Insert into PRODUCTCOUNTRY (COUNTRYID,CERTIFICATIONTYPEID,REQUESTSTATUS,SKUID,CREATEDBY,CREATEDON,MODIFIEDBY,MODIFIEDON) values (125,null,null,398,'ICSDEV',to_timestamp('04-SEP-10 11.28.15.807000000 AM','DD-MON-RR HH.MI.SS.FF AM'),'ICSDEV',to_timestamp('04-SEP-10 11.28.15.807000000 AM','DD-MON-RR HH.MI.SS.FF AM'));
Insert into PRODUCTCOUNTRY (COUNTRYID,CERTIFICATIONTYPEID,REQUESTSTATUS,SKUID,CREATEDBY,CREATEDON,MODIFIEDBY,MODIFIEDON) values (126,null,null,398,'ICSDEV',to_timestamp('04-SEP-10 11.28.15.807000000 AM','DD-MON-RR HH.MI.SS.FF AM'),'ICSDEV',to_timestamp('04-SEP-10 11.28.15.807000000 AM','DD-MON-RR HH.MI.SS.FF AM'));
Insert into PRODUCTCOUNTRY (COUNTRYID,CERTIFICATIONTYPEID,REQUESTSTATUS,SKUID,CREATEDBY,CREATEDON,MODIFIEDBY,MODIFIEDON) values (128,null,null,398,'ICSDEV',to_timestamp('04-SEP-10 11.28.15.807000000 AM','DD-MON-RR HH.MI.SS.FF AM'),'ICSDEV',to_timestamp('04-SEP-10 11.28.15.807000000 AM','DD-MON-RR HH.MI.SS.FF AM'));
Insert into PRODUCTCOUNTRY (COUNTRYID,CERTIFICATIONTYPEID,REQUESTSTATUS,SKUID,CREATEDBY,CREATEDON,MODIFIEDBY,MODIFIEDON) values (131,null,null,398,'ICSDEV',to_timestamp('04-SEP-10 11.28.15.807000000 AM','DD-MON-RR HH.MI.SS.FF AM'),'ICSDEV',to_timestamp('04-SEP-10 11.28.15.807000000 AM','DD-MON-RR HH.MI.SS.FF AM'));
Insert into PRODUCTCOUNTRY (COUNTRYID,CERTIFICATIONTYPEID,REQUESTSTATUS,SKUID,CREATEDBY,CREATEDON,MODIFIEDBY,MODIFIEDON) values (134,null,null,398,'ICSDEV',to_timestamp('04-SEP-10 11.28.15.807000000 AM','DD-MON-RR HH.MI.SS.FF AM'),'ICSDEV',to_timestamp('04-SEP-10 11.28.15.807000000 AM','DD-MON-RR HH.MI.SS.FF AM'));
Insert into PRODUCTCOUNTRY (COUNTRYID,CERTIFICATIONTYPEID,REQUESTSTATUS,SKUID,CREATEDBY,CREATEDON,MODIFIEDBY,MODIFIEDON) values (135,null,null,398,'ICSDEV',to_timestamp('04-SEP-10 11.28.15.807000000 AM','DD-MON-RR HH.MI.SS.FF AM'),'ICSDEV',to_timestamp('04-SEP-10 11.28.15.807000000 AM','DD-MON-RR HH.MI.SS.FF AM'));
Insert into PRODUCTCOUNTRY (COUNTRYID,CERTIFICATIONTYPEID,REQUESTSTATUS,SKUID,CREATEDBY,CREATEDON,MODIFIEDBY,MODIFIEDON) values (136,null,null,398,'ICSDEV',to_timestamp('04-SEP-10 11.28.15.807000000 AM','DD-MON-RR HH.MI.SS.FF AM'),'ICSDEV',to_timestamp('04-SEP-10 11.28.15.807000000 AM','DD-MON-RR HH.MI.SS.FF AM'));
Insert into PRODUCTCOUNTRY (COUNTRYID,CERTIFICATIONTYPEID,REQUESTSTATUS,SKUID,CREATEDBY,CREATEDON,MODIFIEDBY,MODIFIEDON) values (138,null,null,398,'ICSDEV',to_timestamp('04-SEP-10 11.28.15.807000000 AM','DD-MON-RR HH.MI.SS.FF AM'),'ICSDEV',to_timestamp('04-SEP-10 11.28.15.807000000 AM','DD-MON-RR HH.MI.SS.FF AM'));
Insert into PRODUCTCOUNTRY (COUNTRYID,CERTIFICATIONTYPEID,REQUESTSTATUS,SKUID,CREATEDBY,CREATEDON,MODIFIEDBY,MODIFIEDON) values (139,null,null,398,'ICSDEV',to_timestamp('04-SEP-10 11.28.15.807000000 AM','DD-MON-RR HH.MI.SS.FF AM'),'ICSDEV',to_timestamp('04-SEP-10 11.28.15.807000000 AM','DD-MON-RR HH.MI.SS.FF AM'));
Insert into PRODUCTCOUNTRY (COUNTRYID,CERTIFICATIONTYPEID,REQUESTSTATUS,SKUID,CREATEDBY,CREATEDON,MODIFIEDBY,MODIFIEDON) values (143,null,null,398,'ICSDEV',to_timestamp('04-SEP-10 11.28.15.807000000 AM','DD-MON-RR HH.MI.SS.FF AM'),'ICSDEV',to_timestamp('04-SEP-10 11.28.15.807000000 AM','DD-MON-RR HH.MI.SS.FF AM'));
Insert into PRODUCTCOUNTRY (COUNTRYID,CERTIFICATIONTYPEID,REQUESTSTATUS,SKUID,CREATEDBY,CREATEDON,MODIFIEDBY,MODIFIEDON) values (145,null,null,398,'ICSDEV',to_timestamp('04-SEP-10 11.28.15.807000000 AM','DD-MON-RR HH.MI.SS.FF AM'),'ICSDEV',to_timestamp('04-SEP-10 11.28.15.807000000 AM','DD-MON-RR HH.MI.SS.FF AM'));
Insert into PRODUCTCOUNTRY (COUNTRYID,CERTIFICATIONTYPEID,REQUESTSTATUS,SKUID,CREATEDBY,CREATEDON,MODIFIEDBY,MODIFIEDON) values (158,null,null,398,'ICSDEV',to_timestamp('04-SEP-10 11.28.15.807000000 AM','DD-MON-RR HH.MI.SS.FF AM'),'ICSDEV',to_timestamp('04-SEP-10 11.28.15.807000000 AM','DD-MON-RR HH.MI.SS.FF AM'));
Insert into PRODUCTCOUNTRY (COUNTRYID,CERTIFICATIONTYPEID,REQUESTSTATUS,SKUID,CREATEDBY,CREATEDON,MODIFIEDBY,MODIFIEDON) values (167,null,null,398,'ICSDEV',to_timestamp('04-SEP-10 11.28.15.807000000 AM','DD-MON-RR HH.MI.SS.FF AM'),'ICSDEV',to_timestamp('04-SEP-10 11.28.15.807000000 AM','DD-MON-RR HH.MI.SS.FF AM'));
Insert into PRODUCTCOUNTRY (COUNTRYID,CERTIFICATIONTYPEID,REQUESTSTATUS,SKUID,CREATEDBY,CREATEDON,MODIFIEDBY,MODIFIEDON) values (179,null,null,398,'ICSDEV',to_timestamp('04-SEP-10 11.28.15.807000000 AM','DD-MON-RR HH.MI.SS.FF AM'),'ICSDEV',to_timestamp('04-SEP-10 11.28.15.807000000 AM','DD-MON-RR HH.MI.SS.FF AM'));
Insert into PRODUCTCOUNTRY (COUNTRYID,CERTIFICATIONTYPEID,REQUESTSTATUS,SKUID,CREATEDBY,CREATEDON,MODIFIEDBY,MODIFIEDON) values (215,null,null,398,'ICSDEV',to_timestamp('04-SEP-10 11.28.15.807000000 AM','DD-MON-RR HH.MI.SS.FF AM'),'ICSDEV',to_timestamp('04-SEP-10 11.28.15.807000000 AM','DD-MON-RR HH.MI.SS.FF AM'));
Insert into PRODUCTCOUNTRY (COUNTRYID,CERTIFICATIONTYPEID,REQUESTSTATUS,SKUID,CREATEDBY,CREATEDON,MODIFIEDBY,MODIFIEDON) values (216,null,null,398,'ICSDEV',to_timestamp('04-SEP-10 11.28.15.807000000 AM','DD-MON-RR HH.MI.SS.FF AM'),'ICSDEV',to_timestamp('04-SEP-10 11.28.15.807000000 AM','DD-MON-RR HH.MI.SS.FF AM'));
Insert into PRODUCTCOUNTRY (COUNTRYID,CERTIFICATIONTYPEID,REQUESTSTATUS,SKUID,CREATEDBY,CREATEDON,MODIFIEDBY,MODIFIEDON) values (218,null,null,398,'ICSDEV',to_timestamp('04-SEP-10 11.28.15.807000000 AM','DD-MON-RR HH.MI.SS.FF AM'),'ICSDEV',to_timestamp('04-SEP-10 11.28.15.807000000 AM','DD-MON-RR HH.MI.SS.FF AM'));
Insert into PRODUCTCOUNTRY (COUNTRYID,CERTIFICATIONTYPEID,REQUESTSTATUS,SKUID,CREATEDBY,CREATEDON,MODIFIEDBY,MODIFIEDON) values (220,null,null,398,'ICSDEV',to_timestamp('04-SEP-10 11.28.15.807000000 AM','DD-MON-RR HH.MI.SS.FF AM'),'ICSDEV',to_timestamp('04-SEP-10 11.28.15.807000000 AM','DD-MON-RR HH.MI.SS.FF AM'));
Insert into PRODUCTCOUNTRY (COUNTRYID,CERTIFICATIONTYPEID,REQUESTSTATUS,SKUID,CREATEDBY,CREATEDON,MODIFIEDBY,MODIFIEDON) values (221,null,null,398,'ICSDEV',to_timestamp('04-SEP-10 11.28.15.807000000 AM','DD-MON-RR HH.MI.SS.FF AM'),'ICSDEV',to_timestamp('04-SEP-10 11.28.15.807000000 AM','DD-MON-RR HH.MI.SS.FF AM'));
Insert into PRODUCTCOUNTRY (COUNTRYID,CERTIFICATIONTYPEID,REQUESTSTATUS,SKUID,CREATEDBY,CREATEDON,MODIFIEDBY,MODIFIEDON) values (222,null,null,398,'ICSDEV',to_timestamp('04-SEP-10 11.28.15.807000000 AM','DD-MON-RR HH.MI.SS.FF AM'),'ICSDEV',to_timestamp('04-SEP-10 11.28.15.807000000 AM','DD-MON-RR HH.MI.SS.FF AM'));
Insert into PRODUCTCOUNTRY (COUNTRYID,CERTIFICATIONTYPEID,REQUESTSTATUS,SKUID,CREATEDBY,CREATEDON,MODIFIEDBY,MODIFIEDON) values (224,null,null,398,'ICSDEV',to_timestamp('04-SEP-10 11.28.15.807000000 AM','DD-MON-RR HH.MI.SS.FF AM'),'ICSDEV',to_timestamp('04-SEP-10 11.28.15.807000000 AM','DD-MON-RR HH.MI.SS.FF AM'));
Insert into PRODUCTCOUNTRY (COUNTRYID,CERTIFICATIONTYPEID,REQUESTSTATUS,SKUID,CREATEDBY,CREATEDON,MODIFIEDBY,MODIFIEDON) values (226,null,null,398,'ICSDEV',to_timestamp('04-SEP-10 11.28.15.807000000 AM','DD-MON-RR HH.MI.SS.FF AM'),'ICSDEV',to_timestamp('04-SEP-10 11.28.15.807000000 AM','DD-MON-RR HH.MI.SS.FF AM'));
Insert into PRODUCTCOUNTRY (COUNTRYID,CERTIFICATIONTYPEID,REQUESTSTATUS,SKUID,CREATEDBY,CREATEDON,MODIFIEDBY,MODIFIEDON) values (227,null,null,398,'ICSDEV',to_timestamp('04-SEP-10 11.28.15.807000000 AM','DD-MON-RR HH.MI.SS.FF AM'),'ICSDEV',to_timestamp('04-SEP-10 11.28.15.807000000 AM','DD-MON-RR HH.MI.SS.FF AM'));
Insert into PRODUCTCOUNTRY (COUNTRYID,CERTIFICATIONTYPEID,REQUESTSTATUS,SKUID,CREATEDBY,CREATEDON,MODIFIEDBY,MODIFIEDON) values (229,null,null,398,'ICSDEV',to_timestamp('04-SEP-10 11.28.15.807000000 AM','DD-MON-RR HH.MI.SS.FF AM'),'ICSDEV',to_timestamp('04-SEP-10 11.28.15.807000000 AM','DD-MON-RR HH.MI.SS.FF AM'));
Insert into PRODUCTCOUNTRY (COUNTRYID,CERTIFICATIONTYPEID,REQUESTSTATUS,SKUID,CREATEDBY,CREATEDON,MODIFIEDBY,MODIFIEDON) values (232,null,null,398,'ICSDEV',to_timestamp('04-SEP-10 11.28.15.807000000 AM','DD-MON-RR HH.MI.SS.FF AM'),'ICSDEV',to_timestamp('04-SEP-10 11.28.15.807000000 AM','DD-MON-RR HH.MI.SS.FF AM'));
Insert into PRODUCTCOUNTRY (COUNTRYID,CERTIFICATIONTYPEID,REQUESTSTATUS,SKUID,CREATEDBY,CREATEDON,MODIFIEDBY,MODIFIEDON) values (233,null,null,398,'ICSDEV',to_timestamp('04-SEP-10 11.28.15.807000000 AM','DD-MON-RR HH.MI.SS.FF AM'),'ICSDEV',to_timestamp('04-SEP-10 11.28.15.807000000 AM','DD-MON-RR HH.MI.SS.FF AM'));
Insert into PRODUCTCOUNTRY (COUNTRYID,CERTIFICATIONTYPEID,REQUESTSTATUS,SKUID,CREATEDBY,CREATEDON,MODIFIEDBY,MODIFIEDON) values (234,null,null,398,'ICSDEV',to_timestamp('04-SEP-10 11.28.15.807000000 AM','DD-MON-RR HH.MI.SS.FF AM'),'ICSDEV',to_timestamp('04-SEP-10 11.28.15.807000000 AM','DD-MON-RR HH.MI.SS.FF AM'));
Insert into PRODUCTCOUNTRY (COUNTRYID,CERTIFICATIONTYPEID,REQUESTSTATUS,SKUID,CREATEDBY,CREATEDON,MODIFIEDBY,MODIFIEDON) values (236,null,null,398,'ICSDEV',to_timestamp('04-SEP-10 11.28.15.807000000 AM','DD-MON-RR HH.MI.SS.FF AM'),'ICSDEV',to_timestamp('04-SEP-10 11.28.15.807000000 AM','DD-MON-RR HH.MI.SS.FF AM'));
Insert into PRODUCTCOUNTRY (COUNTRYID,CERTIFICATIONTYPEID,REQUESTSTATUS,SKUID,CREATEDBY,CREATEDON,MODIFIEDBY,MODIFIEDON) values (237,null,null,398,'ICSDEV',to_timestamp('04-SEP-10 11.28.15.807000000 AM','DD-MON-RR HH.MI.SS.FF AM'),'ICSDEV',to_timestamp('04-SEP-10 11.28.15.807000000 AM','DD-MON-RR HH.MI.SS.FF AM'));
Insert into PRODUCTCOUNTRY (COUNTRYID,CERTIFICATIONTYPEID,REQUESTSTATUS,SKUID,CREATEDBY,CREATEDON,MODIFIEDBY,MODIFIEDON) values (238,null,null,398,'ICSDEV',to_timestamp('04-SEP-10 11.28.15.807000000 AM','DD-MON-RR HH.MI.SS.FF AM'),'ICSDEV',to_timestamp('04-SEP-10 11.28.15.807000000 AM','DD-MON-RR HH.MI.SS.FF AM'));
Insert into PRODUCTCOUNTRY (COUNTRYID,CERTIFICATIONTYPEID,REQUESTSTATUS,SKUID,CREATEDBY,CREATEDON,MODIFIEDBY,MODIFIEDON) values (239,null,null,398,'ICSDEV',to_timestamp('04-SEP-10 11.28.15.807000000 AM','DD-MON-RR HH.MI.SS.FF AM'),'ICSDEV',to_timestamp('04-SEP-10 11.28.15.807000000 AM','DD-MON-RR HH.MI.SS.FF AM'));
Insert into PRODUCTCOUNTRY (COUNTRYID,CERTIFICATIONTYPEID,REQUESTSTATUS,SKUID,CREATEDBY,CREATEDON,MODIFIEDBY,MODIFIEDON) values (45,null,null,396,'ICSDEV',to_timestamp('04-SEP-10 11.28.15.822000000 AM','DD-MON-RR HH.MI.SS.FF AM'),'ICSDEV',to_timestamp('04-SEP-10 11.28.15.822000000 AM','DD-MON-RR HH.MI.SS.FF AM'));
Insert into PRODUCTCOUNTRY (COUNTRYID,CERTIFICATIONTYPEID,REQUESTSTATUS,SKUID,CREATEDBY,CREATEDON,MODIFIEDBY,MODIFIEDON) values (65,null,null,396,'ICSDEV',to_timestamp('04-SEP-10 11.28.15.822000000 AM','DD-MON-RR HH.MI.SS.FF AM'),'ICSDEV',to_timestamp('04-SEP-10 11.28.15.822000000 AM','DD-MON-RR HH.MI.SS.FF AM'));
Insert into PRODUCTCOUNTRY (COUNTRYID,CERTIFICATIONTYPEID,REQUESTSTATUS,SKUID,CREATEDBY,CREATEDON,MODIFIEDBY,MODIFIEDON) values (121,null,null,396,'ICSDEV',to_timestamp('04-SEP-10 11.28.15.822000000 AM','DD-MON-RR HH.MI.SS.FF AM'),'ICSDEV',to_timestamp('04-SEP-10 11.28.15.822000000 AM','DD-MON-RR HH.MI.SS.FF AM'));
Insert into PRODUCTCOUNTRY (COUNTRYID,CERTIFICATIONTYPEID,REQUESTSTATUS,SKUID,CREATEDBY,CREATEDON,MODIFIEDBY,MODIFIEDON) values (122,null,null,396,'ICSDEV',to_timestamp('04-SEP-10 11.28.15.822000000 AM','DD-MON-RR HH.MI.SS.FF AM'),'ICSDEV',to_timestamp('04-SEP-10 11.28.15.822000000 AM','DD-MON-RR HH.MI.SS.FF AM'));
Insert into PRODUCTCOUNTRY (COUNTRYID,CERTIFICATIONTYPEID,REQUESTSTATUS,SKUID,CREATEDBY,CREATEDON,MODIFIEDBY,MODIFIEDON) values (123,null,null,396,'ICSDEV',to_timestamp('04-SEP-10 11.28.15.822000000 AM','DD-MON-RR HH.MI.SS.FF AM'),'ICSDEV',to_timestamp('04-SEP-10 11.28.15.822000000 AM','DD-MON-RR HH.MI.SS.FF AM'));
Insert into PRODUCTCOUNTRY (COUNTRYID,CERTIFICATIONTYPEID,REQUESTSTATUS,SKUID,CREATEDBY,CREATEDON,MODIFIEDBY,MODIFIEDON) values (124,null,null,396,'ICSDEV',to_timestamp('04-SEP-10 11.28.15.822000000 AM','DD-MON-RR HH.MI.SS.FF AM'),'ICSDEV',to_timestamp('04-SEP-10 11.28.15.822000000 AM','DD-MON-RR HH.MI.SS.FF AM'));
Insert into PRODUCTCOUNTRY (COUNTRYID,CERTIFICATIONTYPEID,REQUESTSTATUS,SKUID,CREATEDBY,CREATEDON,MODIFIEDBY,MODIFIEDON) values (125,null,null,396,'ICSDEV',to_timestamp('04-SEP-10 11.28.15.822000000 AM','DD-MON-RR HH.MI.SS.FF AM'),'ICSDEV',to_timestamp('04-SEP-10 11.28.15.822000000 AM','DD-MON-RR HH.MI.SS.FF AM'));
Insert into PRODUCTCOUNTRY (COUNTRYID,CERTIFICATIONTYPEID,REQUESTSTATUS,SKUID,CREATEDBY,CREATEDON,MODIFIEDBY,MODIFIEDON) values (126,null,null,396,'ICSDEV',to_timestamp('04-SEP-10 11.28.15.822000000 AM','DD-MON-RR HH.MI.SS.FF AM'),'ICSDEV',to_timestamp('04-SEP-10 11.28.15.822000000 AM','DD-MON-RR HH.MI.SS.FF AM'));
Insert into PRODUCTCOUNTRY (COUNTRYID,CERTIFICATIONTYPEID,REQUESTSTATUS,SKUID,CREATEDBY,CREATEDON,MODIFIEDBY,MODIFIEDON) values (128,null,null,396,'ICSDEV',to_timestamp('04-SEP-10 11.28.15.822000000 AM','DD-MON-RR HH.MI.SS.FF AM'),'ICSDEV',to_timestamp('04-SEP-10 11.28.15.822000000 AM','DD-MON-RR HH.MI.SS.FF AM'));
Insert into PRODUCTCOUNTRY (COUNTRYID,CERTIFICATIONTYPEID,REQUESTSTATUS,SKUID,CREATEDBY,CREATEDON,MODIFIEDBY,MODIFIEDON) values (131,null,null,396,'ICSDEV',to_timestamp('04-SEP-10 11.28.15.822000000 AM','DD-MON-RR HH.MI.SS.FF AM'),'ICSDEV',to_timestamp('04-SEP-10 11.28.15.822000000 AM','DD-MON-RR HH.MI.SS.FF AM'));
Insert into PRODUCTCOUNTRY (COUNTRYID,CERTIFICATIONTYPEID,REQUESTSTATUS,SKUID,CREATEDBY,CREATEDON,MODIFIEDBY,MODIFIEDON) values (134,null,null,396,'ICSDEV',to_timestamp('04-SEP-10 11.28.15.822000000 AM','DD-MON-RR HH.MI.SS.FF AM'),'ICSDEV',to_timestamp('04-SEP-10 11.28.15.822000000 AM','DD-MON-RR HH.MI.SS.FF AM'));
Insert into PRODUCTCOUNTRY (COUNTRYID,CERTIFICATIONTYPEID,REQUESTSTATUS,SKUID,CREATEDBY,CREATEDON,MODIFIEDBY,MODIFIEDON) values (135,null,null,396,'ICSDEV',to_timestamp('04-SEP-10 11.28.15.822000000 AM','DD-MON-RR HH.MI.SS.FF AM'),'ICSDEV',to_timestamp('04-SEP-10 11.28.15.822000000 AM','DD-MON-RR HH.MI.SS.FF AM'));
Insert into PRODUCTCOUNTRY (COUNTRYID,CERTIFICATIONTYPEID,REQUESTSTATUS,SKUID,CREATEDBY,CREATEDON,MODIFIEDBY,MODIFIEDON) values (136,null,null,396,'ICSDEV',to_timestamp('04-SEP-10 11.28.15.822000000 AM','DD-MON-RR HH.MI.SS.FF AM'),'ICSDEV',to_timestamp('04-SEP-10 11.28.15.822000000 AM','DD-MON-RR HH.MI.SS.FF AM'));
Insert into PRODUCTCOUNTRY (COUNTRYID,CERTIFICATIONTYPEID,REQUESTSTATUS,SKUID,CREATEDBY,CREATEDON,MODIFIEDBY,MODIFIEDON) values (138,null,null,396,'ICSDEV',to_timestamp('04-SEP-10 11.28.15.822000000 AM','DD-MON-RR HH.MI.SS.FF AM'),'ICSDEV',to_timestamp('04-SEP-10 11.28.15.822000000 AM','DD-MON-RR HH.MI.SS.FF AM'));
Insert into PRODUCTCOUNTRY (COUNTRYID,CERTIFICATIONTYPEID,REQUESTSTATUS,SKUID,CREATEDBY,CREATEDON,MODIFIEDBY,MODIFIEDON) values (139,null,null,396,'ICSDEV',to_timestamp('04-SEP-10 11.28.15.822000000 AM','DD-MON-RR HH.MI.SS.FF AM'),'ICSDEV',to_timestamp('04-SEP-10 11.28.15.822000000 AM','DD-MON-RR HH.MI.SS.FF AM'));
Insert into PRODUCTCOUNTRY (COUNTRYID,CERTIFICATIONTYPEID,REQUESTSTATUS,SKUID,CREATEDBY,CREATEDON,MODIFIEDBY,MODIFIEDON) values (143,null,null,396,'ICSDEV',to_timestamp('04-SEP-10 11.28.15.822000000 AM','DD-MON-RR HH.MI.SS.FF AM'),'ICSDEV',to_timestamp('04-SEP-10 11.28.15.822000000 AM','DD-MON-RR HH.MI.SS.FF AM'));
Insert into PRODUCTCOUNTRY (COUNTRYID,CERTIFICATIONTYPEID,REQUESTSTATUS,SKUID,CREATEDBY,CREATEDON,MODIFIEDBY,MODIFIEDON) values (145,null,null,396,'ICSDEV',to_timestamp('04-SEP-10 11.28.15.822000000 AM','DD-MON-RR HH.MI.SS.FF AM'),'ICSDEV',to_timestamp('04-SEP-10 11.28.15.822000000 AM','DD-MON-RR HH.MI.SS.FF AM'));
Insert into PRODUCTCOUNTRY (COUNTRYID,CERTIFICATIONTYPEID,REQUESTSTATUS,SKUID,CREATEDBY,CREATEDON,MODIFIEDBY,MODIFIEDON) values (158,null,null,396,'ICSDEV',to_timestamp('04-SEP-10 11.28.15.822000000 AM','DD-MON-RR HH.MI.SS.FF AM'),'ICSDEV',to_timestamp('04-SEP-10 11.28.15.822000000 AM','DD-MON-RR HH.MI.SS.FF AM'));
Insert into PRODUCTCOUNTRY (COUNTRYID,CERTIFICATIONTYPEID,REQUESTSTATUS,SKUID,CREATEDBY,CREATEDON,MODIFIEDBY,MODIFIEDON) values (167,null,null,396,'ICSDEV',to_timestamp('04-SEP-10 11.28.15.822000000 AM','DD-MON-RR HH.MI.SS.FF AM'),'ICSDEV',to_timestamp('04-SEP-10 11.28.15.822000000 AM','DD-MON-RR HH.MI.SS.FF AM'));
Insert into PRODUCTCOUNTRY (COUNTRYID,CERTIFICATIONTYPEID,REQUESTSTATUS,SKUID,CREATEDBY,CREATEDON,MODIFIEDBY,MODIFIEDON) values (179,null,null,396,'ICSDEV',to_timestamp('04-SEP-10 11.28.15.822000000 AM','DD-MON-RR HH.MI.SS.FF AM'),'ICSDEV',to_timestamp('04-SEP-10 11.28.15.822000000 AM','DD-MON-RR HH.MI.SS.FF AM'));
Insert into PRODUCTCOUNTRY (COUNTRYID,CERTIFICATIONTYPEID,REQUESTSTATUS,SKUID,CREATEDBY,CREATEDON,MODIFIEDBY,MODIFIEDON) values (215,null,null,396,'ICSDEV',to_timestamp('04-SEP-10 11.28.15.822000000 AM','DD-MON-RR HH.MI.SS.FF AM'),'ICSDEV',to_timestamp('04-SEP-10 11.28.15.822000000 AM','DD-MON-RR HH.MI.SS.FF AM'));
Insert into PRODUCTCOUNTRY (COUNTRYID,CERTIFICATIONTYPEID,REQUESTSTATUS,SKUID,CREATEDBY,CREATEDON,MODIFIEDBY,MODIFIEDON) values (216,null,null,396,'ICSDEV',to_timestamp('04-SEP-10 11.28.15.822000000 AM','DD-MON-RR HH.MI.SS.FF AM'),'ICSDEV',to_timestamp('04-SEP-10 11.28.15.822000000 AM','DD-MON-RR HH.MI.SS.FF AM'));
Insert into PRODUCTCOUNTRY (COUNTRYID,CERTIFICATIONTYPEID,REQUESTSTATUS,SKUID,CREATEDBY,CREATEDON,MODIFIEDBY,MODIFIEDON) values (218,null,null,396,'ICSDEV',to_timestamp('04-SEP-10 11.28.15.822000000 AM','DD-MON-RR HH.MI.SS.FF AM'),'ICSDEV',to_timestamp('04-SEP-10 11.28.15.822000000 AM','DD-MON-RR HH.MI.SS.FF AM'));
Insert into PRODUCTCOUNTRY (COUNTRYID,CERTIFICATIONTYPEID,REQUESTSTATUS,SKUID,CREATEDBY,CREATEDON,MODIFIEDBY,MODIFIEDON) values (220,null,null,396,'ICSDEV',to_timestamp('04-SEP-10 11.28.15.822000000 AM','DD-MON-RR HH.MI.SS.FF AM'),'ICSDEV',to_timestamp('04-SEP-10 11.28.15.822000000 AM','DD-MON-RR HH.MI.SS.FF AM'));
Insert into PRODUCTCOUNTRY (COUNTRYID,CERTIFICATIONTYPEID,REQUESTSTATUS,SKUID,CREATEDBY,CREATEDON,MODIFIEDBY,MODIFIEDON) values (221,null,null,396,'ICSDEV',to_timestamp('04-SEP-10 11.28.15.822000000 AM','DD-MON-RR HH.MI.SS.FF AM'),'ICSDEV',to_timestamp('04-SEP-10 11.28.15.822000000 AM','DD-MON-RR HH.MI.SS.FF AM'));
Insert into PRODUCTCOUNTRY (COUNTRYID,CERTIFICATIONTYPEID,REQUESTSTATUS,SKUID,CREATEDBY,CREATEDON,MODIFIEDBY,MODIFIEDON) values (222,null,null,396,'ICSDEV',to_timestamp('04-SEP-10 11.28.15.822000000 AM','DD-MON-RR HH.MI.SS.FF AM'),'ICSDEV',to_timestamp('04-SEP-10 11.28.15.822000000 AM','DD-MON-RR HH.MI.SS.FF AM'));
Insert into PRODUCTCOUNTRY (COUNTRYID,CERTIFICATIONTYPEID,REQUESTSTATUS,SKUID,CREATEDBY,CREATEDON,MODIFIEDBY,MODIFIEDON) values (224,null,null,396,'ICSDEV',to_timestamp('04-SEP-10 11.28.15.822000000 AM','DD-MON-RR HH.MI.SS.FF AM'),'ICSDEV',to_timestamp('04-SEP-10 11.28.15.822000000 AM','DD-MON-RR HH.MI.SS.FF AM'));
Insert into PRODUCTCOUNTRY (COUNTRYID,CERTIFICATIONTYPEID,REQUESTSTATUS,SKUID,CREATEDBY,CREATEDON,MODIFIEDBY,MODIFIEDON) values (226,null,null,396,'ICSDEV',to_timestamp('04-SEP-10 11.28.15.822000000 AM','DD-MON-RR HH.MI.SS.FF AM'),'ICSDEV',to_timestamp('04-SEP-10 11.28.15.822000000 AM','DD-MON-RR HH.MI.SS.FF AM'));
Insert into PRODUCTCOUNTRY (COUNTRYID,CERTIFICATIONTYPEID,REQUESTSTATUS,SKUID,CREATEDBY,CREATEDON,MODIFIEDBY,MODIFIEDON) values (227,null,null,396,'ICSDEV',to_timestamp('04-SEP-10 11.28.15.822000000 AM','DD-MON-RR HH.MI.SS.FF AM'),'ICSDEV',to_timestamp('04-SEP-10 11.28.15.822000000 AM','DD-MON-RR HH.MI.SS.FF AM'));
Insert into PRODUCTCOUNTRY (COUNTRYID,CERTIFICATIONTYPEID,REQUESTSTATUS,SKUID,CREATEDBY,CREATEDON,MODIFIEDBY,MODIFIEDON) values (229,null,null,396,'ICSDEV',to_timestamp('04-SEP-10 11.28.15.822000000 AM','DD-MON-RR HH.MI.SS.FF AM'),'ICSDEV',to_timestamp('04-SEP-10 11.28.15.822000000 AM','DD-MON-RR HH.MI.SS.FF AM'));
Insert into PRODUCTCOUNTRY (COUNTRYID,CERTIFICATIONTYPEID,REQUESTSTATUS,SKUID,CREATEDBY,CREATEDON,MODIFIEDBY,MODIFIEDON) values (232,null,null,396,'ICSDEV',to_timestamp('04-SEP-10 11.28.15.822000000 AM','DD-MON-RR HH.MI.SS.FF AM'),'ICSDEV',to_timestamp('04-SEP-10 11.28.15.822000000 AM','DD-MON-RR HH.MI.SS.FF AM'));
Insert into PRODUCTCOUNTRY (COUNTRYID,CERTIFICATIONTYPEID,REQUESTSTATUS,SKUID,CREATEDBY,CREATEDON,MODIFIEDBY,MODIFIEDON) values (233,null,null,396,'ICSDEV',to_timestamp('04-SEP-10 11.28.15.822000000 AM','DD-MON-RR HH.MI.SS.FF AM'),'ICSDEV',to_timestamp('04-SEP-10 11.28.15.822000000 AM','DD-MON-RR HH.MI.SS.FF AM'));
Insert into PRODUCTCOUNTRY (COUNTRYID,CERTIFICATIONTYPEID,REQUESTSTATUS,SKUID,CREATEDBY,CREATEDON,MODIFIEDBY,MODIFIEDON) values (234,null,null,396,'ICSDEV',to_timestamp('04-SEP-10 11.28.15.822000000 AM','DD-MON-RR HH.MI.SS.FF AM'),'ICSDEV',to_timestamp('04-SEP-10 11.28.15.822000000 AM','DD-MON-RR HH.MI.SS.FF AM'));
Insert into PRODUCTCOUNTRY (COUNTRYID,CERTIFICATIONTYPEID,REQUESTSTATUS,SKUID,CREATEDBY,CREATEDON,MODIFIEDBY,MODIFIEDON) values (236,null,null,396,'ICSDEV',to_timestamp('04-SEP-10 11.28.15.822000000 AM','DD-MON-RR HH.MI.SS.FF AM'),'ICSDEV',to_timestamp('04-SEP-10 11.28.15.822000000 AM','DD-MON-RR HH.MI.SS.FF AM'));
Insert into PRODUCTCOUNTRY (COUNTRYID,CERTIFICATIONTYPEID,REQUESTSTATUS,SKUID,CREATEDBY,CREATEDON,MODIFIEDBY,MODIFIEDON) values (237,null,null,396,'ICSDEV',to_timestamp('04-SEP-10 11.28.15.822000000 AM','DD-MON-RR HH.MI.SS.FF AM'),'ICSDEV',to_timestamp('04-SEP-10 11.28.15.822000000 AM','DD-MON-RR HH.MI.SS.FF AM'));
Insert into PRODUCTCOUNTRY (COUNTRYID,CERTIFICATIONTYPEID,REQUESTSTATUS,SKUID,CREATEDBY,CREATEDON,MODIFIEDBY,MODIFIEDON) values (238,null,null,396,'ICSDEV',to_timestamp('04-SEP-10 11.28.15.822000000 AM','DD-MON-RR HH.MI.SS.FF AM'),'ICSDEV',to_timestamp('04-SEP-10 11.28.15.822000000 AM','DD-MON-RR HH.MI.SS.FF AM'));
Insert into PRODUCTCOUNTRY (COUNTRYID,CERTIFICATIONTYPEID,REQUESTSTATUS,SKUID,CREATEDBY,CREATEDON,MODIFIEDBY,MODIFIEDON) values (239,null,null,396,'ICSDEV',to_timestamp('04-SEP-10 11.28.15.822000000 AM','DD-MON-RR HH.MI.SS.FF AM'),'ICSDEV',to_timestamp('04-SEP-10 11.28.15.822000000 AM','DD-MON-RR HH.MI.SS.FF AM'));
Insert into PRODUCTCOUNTRY (COUNTRYID,CERTIFICATIONTYPEID,REQUESTSTATUS,SKUID,CREATEDBY,CREATEDON,MODIFIEDBY,MODIFIEDON) values (55,2,'I',391,'ICSDEV',to_timestamp('04-SEP-10 11.28.58.886000000 AM','DD-MON-RR HH.MI.SS.FF AM'),'ICSDEV',to_timestamp('04-SEP-10 11.28.58.886000000 AM','DD-MON-RR HH.MI.SS.FF AM'));
Insert into PRODUCTCOUNTRY (COUNTRYID,CERTIFICATIONTYPEID,REQUESTSTATUS,SKUID,CREATEDBY,CREATEDON,MODIFIEDBY,MODIFIEDON) values (146,2,'I',391,'ICSDEV',to_timestamp('04-SEP-10 11.28.58.886000000 AM','DD-MON-RR HH.MI.SS.FF AM'),'ICSDEV',to_timestamp('04-SEP-10 11.28.58.886000000 AM','DD-MON-RR HH.MI.SS.FF AM'));
Insert into PRODUCTCOUNTRY (COUNTRYID,CERTIFICATIONTYPEID,REQUESTSTATUS,SKUID,CREATEDBY,CREATEDON,MODIFIEDBY,MODIFIEDON) values (151,2,'I',391,'ICSDEV',to_timestamp('04-SEP-10 11.28.58.886000000 AM','DD-MON-RR HH.MI.SS.FF AM'),'ICSDEV',to_timestamp('04-SEP-10 11.28.58.886000000 AM','DD-MON-RR HH.MI.SS.FF AM'));
Insert into PRODUCTCOUNTRY (COUNTRYID,CERTIFICATIONTYPEID,REQUESTSTATUS,SKUID,CREATEDBY,CREATEDON,MODIFIEDBY,MODIFIEDON) values (154,2,'I',391,'ICSDEV',to_timestamp('04-SEP-10 11.28.58.886000000 AM','DD-MON-RR HH.MI.SS.FF AM'),'ICSDEV',to_timestamp('04-SEP-10 11.28.58.886000000 AM','DD-MON-RR HH.MI.SS.FF AM'));
Insert into PRODUCTCOUNTRY (COUNTRYID,CERTIFICATIONTYPEID,REQUESTSTATUS,SKUID,CREATEDBY,CREATEDON,MODIFIEDBY,MODIFIEDON) values (155,2,'I',391,'ICSDEV',to_timestamp('04-SEP-10 11.28.58.886000000 AM','DD-MON-RR HH.MI.SS.FF AM'),'ICSDEV',to_timestamp('04-SEP-10 11.28.58.886000000 AM','DD-MON-RR HH.MI.SS.FF AM'));
Insert into PRODUCTCOUNTRY (COUNTRYID,CERTIFICATIONTYPEID,REQUESTSTATUS,SKUID,CREATEDBY,CREATEDON,MODIFIEDBY,MODIFIEDON) values (156,2,'I',391,'ICSDEV',to_timestamp('04-SEP-10 11.28.58.886000000 AM','DD-MON-RR HH.MI.SS.FF AM'),'ICSDEV',to_timestamp('04-SEP-10 11.28.58.886000000 AM','DD-MON-RR HH.MI.SS.FF AM'));
Insert into PRODUCTCOUNTRY (COUNTRYID,CERTIFICATIONTYPEID,REQUESTSTATUS,SKUID,CREATEDBY,CREATEDON,MODIFIEDBY,MODIFIEDON) values (159,2,'I',391,'ICSDEV',to_timestamp('04-SEP-10 11.28.58.886000000 AM','DD-MON-RR HH.MI.SS.FF AM'),'ICSDEV',to_timestamp('04-SEP-10 11.28.58.886000000 AM','DD-MON-RR HH.MI.SS.FF AM'));
Insert into PRODUCTCOUNTRY (COUNTRYID,CERTIFICATIONTYPEID,REQUESTSTATUS,SKUID,CREATEDBY,CREATEDON,MODIFIEDBY,MODIFIEDON) values (55,2,'I',392,'ICSDEV',to_timestamp('04-SEP-10 11.28.58.900000000 AM','DD-MON-RR HH.MI.SS.FF AM'),'ICSDEV',to_timestamp('04-SEP-10 11.28.58.900000000 AM','DD-MON-RR HH.MI.SS.FF AM'));
Insert into PRODUCTCOUNTRY (COUNTRYID,CERTIFICATIONTYPEID,REQUESTSTATUS,SKUID,CREATEDBY,CREATEDON,MODIFIEDBY,MODIFIEDON) values (146,2,'I',392,'ICSDEV',to_timestamp('04-SEP-10 11.28.58.900000000 AM','DD-MON-RR HH.MI.SS.FF AM'),'ICSDEV',to_timestamp('04-SEP-10 11.28.58.900000000 AM','DD-MON-RR HH.MI.SS.FF AM'));
Insert into PRODUCTCOUNTRY (COUNTRYID,CERTIFICATIONTYPEID,REQUESTSTATUS,SKUID,CREATEDBY,CREATEDON,MODIFIEDBY,MODIFIEDON) values (151,2,'I',392,'ICSDEV',to_timestamp('04-SEP-10 11.28.58.900000000 AM','DD-MON-RR HH.MI.SS.FF AM'),'ICSDEV',to_timestamp('04-SEP-10 11.28.58.900000000 AM','DD-MON-RR HH.MI.SS.FF AM'));
Insert into PRODUCTCOUNTRY (COUNTRYID,CERTIFICATIONTYPEID,REQUESTSTATUS,SKUID,CREATEDBY,CREATEDON,MODIFIEDBY,MODIFIEDON) values (154,2,'I',392,'ICSDEV',to_timestamp('04-SEP-10 11.28.58.900000000 AM','DD-MON-RR HH.MI.SS.FF AM'),'ICSDEV',to_timestamp('04-SEP-10 11.28.58.900000000 AM','DD-MON-RR HH.MI.SS.FF AM'));
Insert into PRODUCTCOUNTRY (COUNTRYID,CERTIFICATIONTYPEID,REQUESTSTATUS,SKUID,CREATEDBY,CREATEDON,MODIFIEDBY,MODIFIEDON) values (155,2,'I',392,'ICSDEV',to_timestamp('04-SEP-10 11.28.58.900000000 AM','DD-MON-RR HH.MI.SS.FF AM'),'ICSDEV',to_timestamp('04-SEP-10 11.28.58.900000000 AM','DD-MON-RR HH.MI.SS.FF AM'));
Insert into PRODUCTCOUNTRY (COUNTRYID,CERTIFICATIONTYPEID,REQUESTSTATUS,SKUID,CREATEDBY,CREATEDON,MODIFIEDBY,MODIFIEDON) values (156,2,'I',392,'ICSDEV',to_timestamp('04-SEP-10 11.28.58.900000000 AM','DD-MON-RR HH.MI.SS.FF AM'),'ICSDEV',to_timestamp('04-SEP-10 11.28.58.900000000 AM','DD-MON-RR HH.MI.SS.FF AM'));
Insert into PRODUCTCOUNTRY (COUNTRYID,CERTIFICATIONTYPEID,REQUESTSTATUS,SKUID,CREATEDBY,CREATEDON,MODIFIEDBY,MODIFIEDON) values (159,2,'I',392,'ICSDEV',to_timestamp('04-SEP-10 11.28.58.900000000 AM','DD-MON-RR HH.MI.SS.FF AM'),'ICSDEV',to_timestamp('04-SEP-10 11.28.58.900000000 AM','DD-MON-RR HH.MI.SS.FF AM'));
Insert into PRODUCTCOUNTRY (COUNTRYID,CERTIFICATIONTYPEID,REQUESTSTATUS,SKUID,CREATEDBY,CREATEDON,MODIFIEDBY,MODIFIEDON) values (55,2,'I',393,'ICSDEV',to_timestamp('04-SEP-10 11.28.58.914000000 AM','DD-MON-RR HH.MI.SS.FF AM'),'ICSDEV',to_timestamp('04-SEP-10 11.28.58.914000000 AM','DD-MON-RR HH.MI.SS.FF AM'));
Insert into PRODUCTCOUNTRY (COUNTRYID,CERTIFICATIONTYPEID,REQUESTSTATUS,SKUID,CREATEDBY,CREATEDON,MODIFIEDBY,MODIFIEDON) values (146,2,'I',393,'ICSDEV',to_timestamp('04-SEP-10 11.28.58.914000000 AM','DD-MON-RR HH.MI.SS.FF AM'),'ICSDEV',to_timestamp('04-SEP-10 11.28.58.914000000 AM','DD-MON-RR HH.MI.SS.FF AM'));
Insert into PRODUCTCOUNTRY (COUNTRYID,CERTIFICATIONTYPEID,REQUESTSTATUS,SKUID,CREATEDBY,CREATEDON,MODIFIEDBY,MODIFIEDON) values (151,2,'I',393,'ICSDEV',to_timestamp('04-SEP-10 11.28.58.914000000 AM','DD-MON-RR HH.MI.SS.FF AM'),'ICSDEV',to_timestamp('04-SEP-10 11.28.58.914000000 AM','DD-MON-RR HH.MI.SS.FF AM'));
Insert into PRODUCTCOUNTRY (COUNTRYID,CERTIFICATIONTYPEID,REQUESTSTATUS,SKUID,CREATEDBY,CREATEDON,MODIFIEDBY,MODIFIEDON) values (154,2,'I',393,'ICSDEV',to_timestamp('04-SEP-10 11.28.58.914000000 AM','DD-MON-RR HH.MI.SS.FF AM'),'ICSDEV',to_timestamp('04-SEP-10 11.28.58.914000000 AM','DD-MON-RR HH.MI.SS.FF AM'));
Insert into PRODUCTCOUNTRY (COUNTRYID,CERTIFICATIONTYPEID,REQUESTSTATUS,SKUID,CREATEDBY,CREATEDON,MODIFIEDBY,MODIFIEDON) values (155,2,'I',393,'ICSDEV',to_timestamp('04-SEP-10 11.28.58.914000000 AM','DD-MON-RR HH.MI.SS.FF AM'),'ICSDEV',to_timestamp('04-SEP-10 11.28.58.914000000 AM','DD-MON-RR HH.MI.SS.FF AM'));
Insert into PRODUCTCOUNTRY (COUNTRYID,CERTIFICATIONTYPEID,REQUESTSTATUS,SKUID,CREATEDBY,CREATEDON,MODIFIEDBY,MODIFIEDON) values (156,2,'I',393,'ICSDEV',to_timestamp('04-SEP-10 11.28.58.914000000 AM','DD-MON-RR HH.MI.SS.FF AM'),'ICSDEV',to_timestamp('04-SEP-10 11.28.58.914000000 AM','DD-MON-RR HH.MI.SS.FF AM'));
Insert into PRODUCTCOUNTRY (COUNTRYID,CERTIFICATIONTYPEID,REQUESTSTATUS,SKUID,CREATEDBY,CREATEDON,MODIFIEDBY,MODIFIEDON) values (159,2,'I',393,'ICSDEV',to_timestamp('04-SEP-10 11.28.58.914000000 AM','DD-MON-RR HH.MI.SS.FF AM'),'ICSDEV',to_timestamp('04-SEP-10 11.28.58.914000000 AM','DD-MON-RR HH.MI.SS.FF AM'));
Insert into PRODUCTCOUNTRY (COUNTRYID,CERTIFICATIONTYPEID,REQUESTSTATUS,SKUID,CREATEDBY,CREATEDON,MODIFIEDBY,MODIFIEDON) values (55,null,null,394,'ICSDEV',to_timestamp('04-SEP-10 11.28.58.927000000 AM','DD-MON-RR HH.MI.SS.FF AM'),'ICSDEV',to_timestamp('04-SEP-10 11.28.58.927000000 AM','DD-MON-RR HH.MI.SS.FF AM'));
Insert into PRODUCTCOUNTRY (COUNTRYID,CERTIFICATIONTYPEID,REQUESTSTATUS,SKUID,CREATEDBY,CREATEDON,MODIFIEDBY,MODIFIEDON) values (146,null,null,394,'ICSDEV',to_timestamp('04-SEP-10 11.28.58.927000000 AM','DD-MON-RR HH.MI.SS.FF AM'),'ICSDEV',to_timestamp('04-SEP-10 11.28.58.927000000 AM','DD-MON-RR HH.MI.SS.FF AM'));
Insert into PRODUCTCOUNTRY (COUNTRYID,CERTIFICATIONTYPEID,REQUESTSTATUS,SKUID,CREATEDBY,CREATEDON,MODIFIEDBY,MODIFIEDON) values (151,null,null,394,'ICSDEV',to_timestamp('04-SEP-10 11.28.58.927000000 AM','DD-MON-RR HH.MI.SS.FF AM'),'ICSDEV',to_timestamp('04-SEP-10 11.28.58.927000000 AM','DD-MON-RR HH.MI.SS.FF AM'));
Insert into PRODUCTCOUNTRY (COUNTRYID,CERTIFICATIONTYPEID,REQUESTSTATUS,SKUID,CREATEDBY,CREATEDON,MODIFIEDBY,MODIFIEDON) values (154,null,null,394,'ICSDEV',to_timestamp('04-SEP-10 11.28.58.927000000 AM','DD-MON-RR HH.MI.SS.FF AM'),'ICSDEV',to_timestamp('04-SEP-10 11.28.58.927000000 AM','DD-MON-RR HH.MI.SS.FF AM'));
Insert into PRODUCTCOUNTRY (COUNTRYID,CERTIFICATIONTYPEID,REQUESTSTATUS,SKUID,CREATEDBY,CREATEDON,MODIFIEDBY,MODIFIEDON) values (155,null,null,394,'ICSDEV',to_timestamp('04-SEP-10 11.28.58.927000000 AM','DD-MON-RR HH.MI.SS.FF AM'),'ICSDEV',to_timestamp('04-SEP-10 11.28.58.927000000 AM','DD-MON-RR HH.MI.SS.FF AM'));
Insert into PRODUCTCOUNTRY (COUNTRYID,CERTIFICATIONTYPEID,REQUESTSTATUS,SKUID,CREATEDBY,CREATEDON,MODIFIEDBY,MODIFIEDON) values (156,null,null,394,'ICSDEV',to_timestamp('04-SEP-10 11.28.58.927000000 AM','DD-MON-RR HH.MI.SS.FF AM'),'ICSDEV',to_timestamp('04-SEP-10 11.28.58.927000000 AM','DD-MON-RR HH.MI.SS.FF AM'));
Insert into PRODUCTCOUNTRY (COUNTRYID,CERTIFICATIONTYPEID,REQUESTSTATUS,SKUID,CREATEDBY,CREATEDON,MODIFIEDBY,MODIFIEDON) values (159,null,null,394,'ICSDEV',to_timestamp('04-SEP-10 11.28.58.927000000 AM','DD-MON-RR HH.MI.SS.FF AM'),'ICSDEV',to_timestamp('04-SEP-10 11.28.58.927000000 AM','DD-MON-RR HH.MI.SS.FF AM'));
Insert into PRODUCTCOUNTRY (COUNTRYID,CERTIFICATIONTYPEID,REQUESTSTATUS,SKUID,CREATEDBY,CREATEDON,MODIFIEDBY,MODIFIEDON) values (55,null,null,395,'ICSDEV',to_timestamp('04-SEP-10 11.28.58.939000000 AM','DD-MON-RR HH.MI.SS.FF AM'),'ICSDEV',to_timestamp('04-SEP-10 11.28.58.939000000 AM','DD-MON-RR HH.MI.SS.FF AM'));
Insert into PRODUCTCOUNTRY (COUNTRYID,CERTIFICATIONTYPEID,REQUESTSTATUS,SKUID,CREATEDBY,CREATEDON,MODIFIEDBY,MODIFIEDON) values (146,null,null,395,'ICSDEV',to_timestamp('04-SEP-10 11.28.58.939000000 AM','DD-MON-RR HH.MI.SS.FF AM'),'ICSDEV',to_timestamp('04-SEP-10 11.28.58.939000000 AM','DD-MON-RR HH.MI.SS.FF AM'));
Insert into PRODUCTCOUNTRY (COUNTRYID,CERTIFICATIONTYPEID,REQUESTSTATUS,SKUID,CREATEDBY,CREATEDON,MODIFIEDBY,MODIFIEDON) values (151,null,null,395,'ICSDEV',to_timestamp('04-SEP-10 11.28.58.939000000 AM','DD-MON-RR HH.MI.SS.FF AM'),'ICSDEV',to_timestamp('04-SEP-10 11.28.58.939000000 AM','DD-MON-RR HH.MI.SS.FF AM'));
Insert into PRODUCTCOUNTRY (COUNTRYID,CERTIFICATIONTYPEID,REQUESTSTATUS,SKUID,CREATEDBY,CREATEDON,MODIFIEDBY,MODIFIEDON) values (154,null,null,395,'ICSDEV',to_timestamp('04-SEP-10 11.28.58.939000000 AM','DD-MON-RR HH.MI.SS.FF AM'),'ICSDEV',to_timestamp('04-SEP-10 11.28.58.939000000 AM','DD-MON-RR HH.MI.SS.FF AM'));
Insert into PRODUCTCOUNTRY (COUNTRYID,CERTIFICATIONTYPEID,REQUESTSTATUS,SKUID,CREATEDBY,CREATEDON,MODIFIEDBY,MODIFIEDON) values (155,null,null,395,'ICSDEV',to_timestamp('04-SEP-10 11.28.58.939000000 AM','DD-MON-RR HH.MI.SS.FF AM'),'ICSDEV',to_timestamp('04-SEP-10 11.28.58.939000000 AM','DD-MON-RR HH.MI.SS.FF AM'));
Insert into PRODUCTCOUNTRY (COUNTRYID,CERTIFICATIONTYPEID,REQUESTSTATUS,SKUID,CREATEDBY,CREATEDON,MODIFIEDBY,MODIFIEDON) values (156,null,null,395,'ICSDEV',to_timestamp('04-SEP-10 11.28.58.939000000 AM','DD-MON-RR HH.MI.SS.FF AM'),'ICSDEV',to_timestamp('04-SEP-10 11.28.58.939000000 AM','DD-MON-RR HH.MI.SS.FF AM'));
Insert into PRODUCTCOUNTRY (COUNTRYID,CERTIFICATIONTYPEID,REQUESTSTATUS,SKUID,CREATEDBY,CREATEDON,MODIFIEDBY,MODIFIEDON) values (159,null,null,395,'ICSDEV',to_timestamp('04-SEP-10 11.28.58.939000000 AM','DD-MON-RR HH.MI.SS.FF AM'),'ICSDEV',to_timestamp('04-SEP-10 11.28.58.939000000 AM','DD-MON-RR HH.MI.SS.FF AM'));
Insert into PRODUCTCOUNTRY (COUNTRYID,CERTIFICATIONTYPEID,REQUESTSTATUS,SKUID,CREATEDBY,CREATEDON,MODIFIEDBY,MODIFIEDON) values (55,null,null,397,'ICSDEV',to_timestamp('04-SEP-10 11.28.58.952000000 AM','DD-MON-RR HH.MI.SS.FF AM'),'ICSDEV',to_timestamp('04-SEP-10 11.28.58.952000000 AM','DD-MON-RR HH.MI.SS.FF AM'));
Insert into PRODUCTCOUNTRY (COUNTRYID,CERTIFICATIONTYPEID,REQUESTSTATUS,SKUID,CREATEDBY,CREATEDON,MODIFIEDBY,MODIFIEDON) values (146,null,null,397,'ICSDEV',to_timestamp('04-SEP-10 11.28.58.952000000 AM','DD-MON-RR HH.MI.SS.FF AM'),'ICSDEV',to_timestamp('04-SEP-10 11.28.58.952000000 AM','DD-MON-RR HH.MI.SS.FF AM'));
Insert into PRODUCTCOUNTRY (COUNTRYID,CERTIFICATIONTYPEID,REQUESTSTATUS,SKUID,CREATEDBY,CREATEDON,MODIFIEDBY,MODIFIEDON) values (151,null,null,397,'ICSDEV',to_timestamp('04-SEP-10 11.28.58.952000000 AM','DD-MON-RR HH.MI.SS.FF AM'),'ICSDEV',to_timestamp('04-SEP-10 11.28.58.952000000 AM','DD-MON-RR HH.MI.SS.FF AM'));
Insert into PRODUCTCOUNTRY (COUNTRYID,CERTIFICATIONTYPEID,REQUESTSTATUS,SKUID,CREATEDBY,CREATEDON,MODIFIEDBY,MODIFIEDON) values (154,null,null,397,'ICSDEV',to_timestamp('04-SEP-10 11.28.58.952000000 AM','DD-MON-RR HH.MI.SS.FF AM'),'ICSDEV',to_timestamp('04-SEP-10 11.28.58.952000000 AM','DD-MON-RR HH.MI.SS.FF AM'));
Insert into PRODUCTCOUNTRY (COUNTRYID,CERTIFICATIONTYPEID,REQUESTSTATUS,SKUID,CREATEDBY,CREATEDON,MODIFIEDBY,MODIFIEDON) values (155,null,null,397,'ICSDEV',to_timestamp('04-SEP-10 11.28.58.952000000 AM','DD-MON-RR HH.MI.SS.FF AM'),'ICSDEV',to_timestamp('04-SEP-10 11.28.58.952000000 AM','DD-MON-RR HH.MI.SS.FF AM'));
Insert into PRODUCTCOUNTRY (COUNTRYID,CERTIFICATIONTYPEID,REQUESTSTATUS,SKUID,CREATEDBY,CREATEDON,MODIFIEDBY,MODIFIEDON) values (156,null,null,397,'ICSDEV',to_timestamp('04-SEP-10 11.28.58.952000000 AM','DD-MON-RR HH.MI.SS.FF AM'),'ICSDEV',to_timestamp('04-SEP-10 11.28.58.952000000 AM','DD-MON-RR HH.MI.SS.FF AM'));
Insert into PRODUCTCOUNTRY (COUNTRYID,CERTIFICATIONTYPEID,REQUESTSTATUS,SKUID,CREATEDBY,CREATEDON,MODIFIEDBY,MODIFIEDON) values (159,null,null,397,'ICSDEV',to_timestamp('04-SEP-10 11.28.58.952000000 AM','DD-MON-RR HH.MI.SS.FF AM'),'ICSDEV',to_timestamp('04-SEP-10 11.28.58.952000000 AM','DD-MON-RR HH.MI.SS.FF AM'));
Insert into PRODUCTCOUNTRY (COUNTRYID,CERTIFICATIONTYPEID,REQUESTSTATUS,SKUID,CREATEDBY,CREATEDON,MODIFIEDBY,MODIFIEDON) values (55,null,null,398,'ICSDEV',to_timestamp('04-SEP-10 11.28.58.966000000 AM','DD-MON-RR HH.MI.SS.FF AM'),'ICSDEV',to_timestamp('04-SEP-10 11.28.58.966000000 AM','DD-MON-RR HH.MI.SS.FF AM'));
Insert into PRODUCTCOUNTRY (COUNTRYID,CERTIFICATIONTYPEID,REQUESTSTATUS,SKUID,CREATEDBY,CREATEDON,MODIFIEDBY,MODIFIEDON) values (146,null,null,398,'ICSDEV',to_timestamp('04-SEP-10 11.28.58.966000000 AM','DD-MON-RR HH.MI.SS.FF AM'),'ICSDEV',to_timestamp('04-SEP-10 11.28.58.966000000 AM','DD-MON-RR HH.MI.SS.FF AM'));
Insert into PRODUCTCOUNTRY (COUNTRYID,CERTIFICATIONTYPEID,REQUESTSTATUS,SKUID,CREATEDBY,CREATEDON,MODIFIEDBY,MODIFIEDON) values (151,null,null,398,'ICSDEV',to_timestamp('04-SEP-10 11.28.58.966000000 AM','DD-MON-RR HH.MI.SS.FF AM'),'ICSDEV',to_timestamp('04-SEP-10 11.28.58.966000000 AM','DD-MON-RR HH.MI.SS.FF AM'));
Insert into PRODUCTCOUNTRY (COUNTRYID,CERTIFICATIONTYPEID,REQUESTSTATUS,SKUID,CREATEDBY,CREATEDON,MODIFIEDBY,MODIFIEDON) values (154,null,null,398,'ICSDEV',to_timestamp('04-SEP-10 11.28.58.966000000 AM','DD-MON-RR HH.MI.SS.FF AM'),'ICSDEV',to_timestamp('04-SEP-10 11.28.58.966000000 AM','DD-MON-RR HH.MI.SS.FF AM'));
Insert into PRODUCTCOUNTRY (COUNTRYID,CERTIFICATIONTYPEID,REQUESTSTATUS,SKUID,CREATEDBY,CREATEDON,MODIFIEDBY,MODIFIEDON) values (155,null,null,398,'ICSDEV',to_timestamp('04-SEP-10 11.28.58.966000000 AM','DD-MON-RR HH.MI.SS.FF AM'),'ICSDEV',to_timestamp('04-SEP-10 11.28.58.966000000 AM','DD-MON-RR HH.MI.SS.FF AM'));
Insert into PRODUCTCOUNTRY (COUNTRYID,CERTIFICATIONTYPEID,REQUESTSTATUS,SKUID,CREATEDBY,CREATEDON,MODIFIEDBY,MODIFIEDON) values (156,null,null,398,'ICSDEV',to_timestamp('04-SEP-10 11.28.58.966000000 AM','DD-MON-RR HH.MI.SS.FF AM'),'ICSDEV',to_timestamp('04-SEP-10 11.28.58.966000000 AM','DD-MON-RR HH.MI.SS.FF AM'));
Insert into PRODUCTCOUNTRY (COUNTRYID,CERTIFICATIONTYPEID,REQUESTSTATUS,SKUID,CREATEDBY,CREATEDON,MODIFIEDBY,MODIFIEDON) values (159,null,null,398,'ICSDEV',to_timestamp('04-SEP-10 11.28.58.966000000 AM','DD-MON-RR HH.MI.SS.FF AM'),'ICSDEV',to_timestamp('04-SEP-10 11.28.58.966000000 AM','DD-MON-RR HH.MI.SS.FF AM'));
Insert into PRODUCTCOUNTRY (COUNTRYID,CERTIFICATIONTYPEID,REQUESTSTATUS,SKUID,CREATEDBY,CREATEDON,MODIFIEDBY,MODIFIEDON) values (55,null,null,396,'ICSDEV',to_timestamp('04-SEP-10 11.28.58.981000000 AM','DD-MON-RR HH.MI.SS.FF AM'),'ICSDEV',to_timestamp('04-SEP-10 11.28.58.981000000 AM','DD-MON-RR HH.MI.SS.FF AM'));
Insert into PRODUCTCOUNTRY (COUNTRYID,CERTIFICATIONTYPEID,REQUESTSTATUS,SKUID,CREATEDBY,CREATEDON,MODIFIEDBY,MODIFIEDON) values (146,null,null,396,'ICSDEV',to_timestamp('04-SEP-10 11.28.58.981000000 AM','DD-MON-RR HH.MI.SS.FF AM'),'ICSDEV',to_timestamp('04-SEP-10 11.28.58.981000000 AM','DD-MON-RR HH.MI.SS.FF AM'));
Insert into PRODUCTCOUNTRY (COUNTRYID,CERTIFICATIONTYPEID,REQUESTSTATUS,SKUID,CREATEDBY,CREATEDON,MODIFIEDBY,MODIFIEDON) values (151,null,null,396,'ICSDEV',to_timestamp('04-SEP-10 11.28.58.981000000 AM','DD-MON-RR HH.MI.SS.FF AM'),'ICSDEV',to_timestamp('04-SEP-10 11.28.58.981000000 AM','DD-MON-RR HH.MI.SS.FF AM'));
Insert into PRODUCTCOUNTRY (COUNTRYID,CERTIFICATIONTYPEID,REQUESTSTATUS,SKUID,CREATEDBY,CREATEDON,MODIFIEDBY,MODIFIEDON) values (154,null,null,396,'ICSDEV',to_timestamp('04-SEP-10 11.28.58.981000000 AM','DD-MON-RR HH.MI.SS.FF AM'),'ICSDEV',to_timestamp('04-SEP-10 11.28.58.981000000 AM','DD-MON-RR HH.MI.SS.FF AM'));
Insert into PRODUCTCOUNTRY (COUNTRYID,CERTIFICATIONTYPEID,REQUESTSTATUS,SKUID,CREATEDBY,CREATEDON,MODIFIEDBY,MODIFIEDON) values (155,null,null,396,'ICSDEV',to_timestamp('04-SEP-10 11.28.58.981000000 AM','DD-MON-RR HH.MI.SS.FF AM'),'ICSDEV',to_timestamp('04-SEP-10 11.28.58.981000000 AM','DD-MON-RR HH.MI.SS.FF AM'));
Insert into PRODUCTCOUNTRY (COUNTRYID,CERTIFICATIONTYPEID,REQUESTSTATUS,SKUID,CREATEDBY,CREATEDON,MODIFIEDBY,MODIFIEDON) values (156,null,null,396,'ICSDEV',to_timestamp('04-SEP-10 11.28.58.981000000 AM','DD-MON-RR HH.MI.SS.FF AM'),'ICSDEV',to_timestamp('04-SEP-10 11.28.58.981000000 AM','DD-MON-RR HH.MI.SS.FF AM'));
Insert into PRODUCTCOUNTRY (COUNTRYID,CERTIFICATIONTYPEID,REQUESTSTATUS,SKUID,CREATEDBY,CREATEDON,MODIFIEDBY,MODIFIEDON) values (159,null,null,396,'ICSDEV',to_timestamp('04-SEP-10 11.28.58.981000000 AM','DD-MON-RR HH.MI.SS.FF AM'),'ICSDEV',to_timestamp('04-SEP-10 11.28.58.981000000 AM','DD-MON-RR HH.MI.SS.FF AM'));
Insert into PRODUCTCOUNTRY (COUNTRYID,CERTIFICATIONTYPEID,REQUESTSTATUS,SKUID,CREATEDBY,CREATEDON,MODIFIEDBY,MODIFIEDON) values (201,null,null,391,'ICSDEV',to_timestamp('04-SEP-10 11.29.33.790000000 AM','DD-MON-RR HH.MI.SS.FF AM'),'ICSDEV',to_timestamp('04-SEP-10 11.29.33.790000000 AM','DD-MON-RR HH.MI.SS.FF AM'));
Insert into PRODUCTCOUNTRY (COUNTRYID,CERTIFICATIONTYPEID,REQUESTSTATUS,SKUID,CREATEDBY,CREATEDON,MODIFIEDBY,MODIFIEDON) values (201,null,null,392,'ICSDEV',to_timestamp('04-SEP-10 11.29.33.804000000 AM','DD-MON-RR HH.MI.SS.FF AM'),'ICSDEV',to_timestamp('04-SEP-10 11.29.33.804000000 AM','DD-MON-RR HH.MI.SS.FF AM'));
Insert into PRODUCTCOUNTRY (COUNTRYID,CERTIFICATIONTYPEID,REQUESTSTATUS,SKUID,CREATEDBY,CREATEDON,MODIFIEDBY,MODIFIEDON) values (201,null,null,393,'ICSDEV',to_timestamp('04-SEP-10 11.29.33.819000000 AM','DD-MON-RR HH.MI.SS.FF AM'),'ICSDEV',to_timestamp('04-SEP-10 11.29.33.819000000 AM','DD-MON-RR HH.MI.SS.FF AM'));
Insert into PRODUCTCOUNTRY (COUNTRYID,CERTIFICATIONTYPEID,REQUESTSTATUS,SKUID,CREATEDBY,CREATEDON,MODIFIEDBY,MODIFIEDON) values (201,null,null,394,'ICSDEV',to_timestamp('04-SEP-10 11.29.33.833000000 AM','DD-MON-RR HH.MI.SS.FF AM'),'ICSDEV',to_timestamp('04-SEP-10 11.29.33.833000000 AM','DD-MON-RR HH.MI.SS.FF AM'));
Insert into PRODUCTCOUNTRY (COUNTRYID,CERTIFICATIONTYPEID,REQUESTSTATUS,SKUID,CREATEDBY,CREATEDON,MODIFIEDBY,MODIFIEDON) values (201,null,null,395,'ICSDEV',to_timestamp('04-SEP-10 11.29.33.847000000 AM','DD-MON-RR HH.MI.SS.FF AM'),'ICSDEV',to_timestamp('04-SEP-10 11.29.33.847000000 AM','DD-MON-RR HH.MI.SS.FF AM'));
Insert into PRODUCTCOUNTRY (COUNTRYID,CERTIFICATIONTYPEID,REQUESTSTATUS,SKUID,CREATEDBY,CREATEDON,MODIFIEDBY,MODIFIEDON) values (201,null,null,397,'ICSDEV',to_timestamp('04-SEP-10 11.29.33.862000000 AM','DD-MON-RR HH.MI.SS.FF AM'),'ICSDEV',to_timestamp('04-SEP-10 11.29.33.862000000 AM','DD-MON-RR HH.MI.SS.FF AM'));
Insert into PRODUCTCOUNTRY (COUNTRYID,CERTIFICATIONTYPEID,REQUESTSTATUS,SKUID,CREATEDBY,CREATEDON,MODIFIEDBY,MODIFIEDON) values (201,null,null,398,'ICSDEV',to_timestamp('04-SEP-10 11.29.33.876000000 AM','DD-MON-RR HH.MI.SS.FF AM'),'ICSDEV',to_timestamp('04-SEP-10 11.29.33.876000000 AM','DD-MON-RR HH.MI.SS.FF AM'));
Insert into PRODUCTCOUNTRY (COUNTRYID,CERTIFICATIONTYPEID,REQUESTSTATUS,SKUID,CREATEDBY,CREATEDON,MODIFIEDBY,MODIFIEDON) values (201,null,null,396,'ICSDEV',to_timestamp('04-SEP-10 11.29.33.890000000 AM','DD-MON-RR HH.MI.SS.FF AM'),'ICSDEV',to_timestamp('04-SEP-10 11.29.33.890000000 AM','DD-MON-RR HH.MI.SS.FF AM'));
Insert into PRODUCTCOUNTRY (COUNTRYID,CERTIFICATIONTYPEID,REQUESTSTATUS,SKUID,CREATEDBY,CREATEDON,MODIFIEDBY,MODIFIEDON) values (115,3,'I',391,'ICSDEV',to_timestamp('04-SEP-10 11.30.12.777000000 AM','DD-MON-RR HH.MI.SS.FF AM'),'ICSDEV',to_timestamp('04-SEP-10 11.30.12.777000000 AM','DD-MON-RR HH.MI.SS.FF AM'));
Insert into PRODUCTCOUNTRY (COUNTRYID,CERTIFICATIONTYPEID,REQUESTSTATUS,SKUID,CREATEDBY,CREATEDON,MODIFIEDBY,MODIFIEDON) values (115,3,'I',392,'ICSDEV',to_timestamp('04-SEP-10 11.30.12.782000000 AM','DD-MON-RR HH.MI.SS.FF AM'),'ICSDEV',to_timestamp('04-SEP-10 11.30.12.782000000 AM','DD-MON-RR HH.MI.SS.FF AM'));
Insert into PRODUCTCOUNTRY (COUNTRYID,CERTIFICATIONTYPEID,REQUESTSTATUS,SKUID,CREATEDBY,CREATEDON,MODIFIEDBY,MODIFIEDON) values (115,3,'I',393,'ICSDEV',to_timestamp('04-SEP-10 11.30.12.788000000 AM','DD-MON-RR HH.MI.SS.FF AM'),'ICSDEV',to_timestamp('04-SEP-10 11.30.12.788000000 AM','DD-MON-RR HH.MI.SS.FF AM'));
Insert into PRODUCTCOUNTRY (COUNTRYID,CERTIFICATIONTYPEID,REQUESTSTATUS,SKUID,CREATEDBY,CREATEDON,MODIFIEDBY,MODIFIEDON) values (115,null,null,394,'ICSDEV',to_timestamp('04-SEP-10 11.30.12.794000000 AM','DD-MON-RR HH.MI.SS.FF AM'),'ICSDEV',to_timestamp('04-SEP-10 11.30.12.794000000 AM','DD-MON-RR HH.MI.SS.FF AM'));
Insert into PRODUCTCOUNTRY (COUNTRYID,CERTIFICATIONTYPEID,REQUESTSTATUS,SKUID,CREATEDBY,CREATEDON,MODIFIEDBY,MODIFIEDON) values (115,null,null,395,'ICSDEV',to_timestamp('04-SEP-10 11.30.12.800000000 AM','DD-MON-RR HH.MI.SS.FF AM'),'ICSDEV',to_timestamp('04-SEP-10 11.30.12.800000000 AM','DD-MON-RR HH.MI.SS.FF AM'));
Insert into PRODUCTCOUNTRY (COUNTRYID,CERTIFICATIONTYPEID,REQUESTSTATUS,SKUID,CREATEDBY,CREATEDON,MODIFIEDBY,MODIFIEDON) values (115,null,null,397,'ICSDEV',to_timestamp('04-SEP-10 11.30.12.806000000 AM','DD-MON-RR HH.MI.SS.FF AM'),'ICSDEV',to_timestamp('04-SEP-10 11.30.12.806000000 AM','DD-MON-RR HH.MI.SS.FF AM'));
Insert into PRODUCTCOUNTRY (COUNTRYID,CERTIFICATIONTYPEID,REQUESTSTATUS,SKUID,CREATEDBY,CREATEDON,MODIFIEDBY,MODIFIEDON) values (115,null,null,398,'ICSDEV',to_timestamp('04-SEP-10 11.30.12.812000000 AM','DD-MON-RR HH.MI.SS.FF AM'),'ICSDEV',to_timestamp('04-SEP-10 11.30.12.812000000 AM','DD-MON-RR HH.MI.SS.FF AM'));
Insert into PRODUCTCOUNTRY (COUNTRYID,CERTIFICATIONTYPEID,REQUESTSTATUS,SKUID,CREATEDBY,CREATEDON,MODIFIEDBY,MODIFIEDON) values (115,null,null,396,'ICSDEV',to_timestamp('04-SEP-10 11.30.12.819000000 AM','DD-MON-RR HH.MI.SS.FF AM'),'ICSDEV',to_timestamp('04-SEP-10 11.30.12.819000000 AM','DD-MON-RR HH.MI.SS.FF AM'));

---------------------------------------------------
--   END DATA FOR TABLE PRODUCTCOUNTRY
---------------------------------------------------


---------------------------------------------------
--   DATA FOR TABLE TREADWEARHDR
--   FILTER = none used
---------------------------------------------------
REM INSERTING into TREADWEARHDR
Insert into TREADWEARHDR (TREADWEARID,PROJECTNUMBER,TIRENUMBER,TESTSPEC,COMPLETIONDATE,DOTSERIALNUMBER,LOWESTWEARBAR,PASSYN,SERIALDATE,CERTIFICATIONTYPEID,CERTIFICATENUMBER,SKUID,CREATEDBY,CREATEDON,MODIFIEDBY,MODIFIEDON) values (1,'TWPro1',1,'TWTest1',to_timestamp('04-SEP-10 12.00.00.000000000 AM','DD-MON-RR HH.MI.SS.FF AM'),'Not Found Yet',22,'y',null,1,'ecert001',391,'ICSDEV',to_timestamp('04-SEP-10 11.31.45.112000000 AM','DD-MON-RR HH.MI.SS.FF AM'),'ICSDEV',to_timestamp('04-SEP-10 11.31.45.112000000 AM','DD-MON-RR HH.MI.SS.FF AM'));
Insert into TREADWEARHDR (TREADWEARID,PROJECTNUMBER,TIRENUMBER,TESTSPEC,COMPLETIONDATE,DOTSERIALNUMBER,LOWESTWEARBAR,PASSYN,SERIALDATE,CERTIFICATIONTYPEID,CERTIFICATENUMBER,SKUID,CREATEDBY,CREATEDON,MODIFIEDBY,MODIFIEDON) values (2,'TWPro1',1,'TWTest1',to_timestamp('04-SEP-10 12.00.00.000000000 AM','DD-MON-RR HH.MI.SS.FF AM'),'Not Found Yet',22,'y',null,2,'GSO-001',391,'ICSDEV',to_timestamp('04-SEP-10 11.34.39.941000000 AM','DD-MON-RR HH.MI.SS.FF AM'),'ICSDEV',to_timestamp('04-SEP-10 11.34.39.941000000 AM','DD-MON-RR HH.MI.SS.FF AM'));
Insert into TREADWEARHDR (TREADWEARID,PROJECTNUMBER,TIRENUMBER,TESTSPEC,COMPLETIONDATE,DOTSERIALNUMBER,LOWESTWEARBAR,PASSYN,SERIALDATE,CERTIFICATIONTYPEID,CERTIFICATENUMBER,SKUID,CREATEDBY,CREATEDON,MODIFIEDBY,MODIFIEDON) values (3,'TWPro1',1,'TWTest1',to_timestamp('04-SEP-10 12.00.00.000000000 AM','DD-MON-RR HH.MI.SS.FF AM'),'Not Found Yet',22,'y',null,3,'Nom001',391,'ICSDEV',to_timestamp('04-SEP-10 11.37.20.778000000 AM','DD-MON-RR HH.MI.SS.FF AM'),'ICSDEV',to_timestamp('04-SEP-10 11.37.20.778000000 AM','DD-MON-RR HH.MI.SS.FF AM'));
Insert into TREADWEARHDR (TREADWEARID,PROJECTNUMBER,TIRENUMBER,TESTSPEC,COMPLETIONDATE,DOTSERIALNUMBER,LOWESTWEARBAR,PASSYN,SERIALDATE,CERTIFICATIONTYPEID,CERTIFICATENUMBER,SKUID,CREATEDBY,CREATEDON,MODIFIEDBY,MODIFIEDON) values (4,'TWPro1',1,'TWTest1',to_timestamp('04-SEP-10 12.00.00.000000000 AM','DD-MON-RR HH.MI.SS.FF AM'),'Not Found Yet',22,'y',null,1,'Ecert001',392,'ICSDEV',to_timestamp('04-SEP-10 11.38.24.455000000 AM','DD-MON-RR HH.MI.SS.FF AM'),'ICSDEV',to_timestamp('04-SEP-10 11.38.24.455000000 AM','DD-MON-RR HH.MI.SS.FF AM'));
Insert into TREADWEARHDR (TREADWEARID,PROJECTNUMBER,TIRENUMBER,TESTSPEC,COMPLETIONDATE,DOTSERIALNUMBER,LOWESTWEARBAR,PASSYN,SERIALDATE,CERTIFICATIONTYPEID,CERTIFICATENUMBER,SKUID,CREATEDBY,CREATEDON,MODIFIEDBY,MODIFIEDON) values (5,'TWPro1',1,'TWTest1',to_timestamp('04-SEP-10 12.00.00.000000000 AM','DD-MON-RR HH.MI.SS.FF AM'),'Not Found Yet',22,'y',null,2,'GSO002',392,'ICSDEV',to_timestamp('04-SEP-10 11.39.12.932000000 AM','DD-MON-RR HH.MI.SS.FF AM'),'ICSDEV',to_timestamp('04-SEP-10 11.39.12.932000000 AM','DD-MON-RR HH.MI.SS.FF AM'));
Insert into TREADWEARHDR (TREADWEARID,PROJECTNUMBER,TIRENUMBER,TESTSPEC,COMPLETIONDATE,DOTSERIALNUMBER,LOWESTWEARBAR,PASSYN,SERIALDATE,CERTIFICATIONTYPEID,CERTIFICATENUMBER,SKUID,CREATEDBY,CREATEDON,MODIFIEDBY,MODIFIEDON) values (6,'TWPro1',1,'TWTest1',to_timestamp('04-SEP-10 12.00.00.000000000 AM','DD-MON-RR HH.MI.SS.FF AM'),'Not Found Yet',22,'y',null,3,'Nom003',392,'ICSDEV',to_timestamp('04-SEP-10 11.41.15.630000000 AM','DD-MON-RR HH.MI.SS.FF AM'),'ICSDEV',to_timestamp('04-SEP-10 11.41.15.630000000 AM','DD-MON-RR HH.MI.SS.FF AM'));
Insert into TREADWEARHDR (TREADWEARID,PROJECTNUMBER,TIRENUMBER,TESTSPEC,COMPLETIONDATE,DOTSERIALNUMBER,LOWESTWEARBAR,PASSYN,SERIALDATE,CERTIFICATIONTYPEID,CERTIFICATENUMBER,SKUID,CREATEDBY,CREATEDON,MODIFIEDBY,MODIFIEDON) values (7,'TWPro1',1,'TWTest1',to_timestamp('04-SEP-10 12.00.00.000000000 AM','DD-MON-RR HH.MI.SS.FF AM'),'Not Found Yet',22,'y',null,1,'Ecert003',393,'ICSDEV',to_timestamp('04-SEP-10 11.43.06.811000000 AM','DD-MON-RR HH.MI.SS.FF AM'),'ICSDEV',to_timestamp('04-SEP-10 11.43.06.811000000 AM','DD-MON-RR HH.MI.SS.FF AM'));
Insert into TREADWEARHDR (TREADWEARID,PROJECTNUMBER,TIRENUMBER,TESTSPEC,COMPLETIONDATE,DOTSERIALNUMBER,LOWESTWEARBAR,PASSYN,SERIALDATE,CERTIFICATIONTYPEID,CERTIFICATENUMBER,SKUID,CREATEDBY,CREATEDON,MODIFIEDBY,MODIFIEDON) values (8,'TWPro1',1,'TWTest1',to_timestamp('04-SEP-10 12.00.00.000000000 AM','DD-MON-RR HH.MI.SS.FF AM'),'Not Found Yet',22,'y',null,2,'GSO-003',393,'ICSDEV',to_timestamp('04-SEP-10 11.48.03.952000000 AM','DD-MON-RR HH.MI.SS.FF AM'),'ICSDEV',to_timestamp('04-SEP-10 11.48.03.952000000 AM','DD-MON-RR HH.MI.SS.FF AM'));
Insert into TREADWEARHDR (TREADWEARID,PROJECTNUMBER,TIRENUMBER,TESTSPEC,COMPLETIONDATE,DOTSERIALNUMBER,LOWESTWEARBAR,PASSYN,SERIALDATE,CERTIFICATIONTYPEID,CERTIFICATENUMBER,SKUID,CREATEDBY,CREATEDON,MODIFIEDBY,MODIFIEDON) values (9,'TWPro1',1,'TWTest1',to_timestamp('04-SEP-10 12.00.00.000000000 AM','DD-MON-RR HH.MI.SS.FF AM'),'Not Found Yet',22,'y',null,3,'Nom003',393,'ICSDEV',to_timestamp('04-SEP-10 11.49.56.226000000 AM','DD-MON-RR HH.MI.SS.FF AM'),'ICSDEV',to_timestamp('04-SEP-10 11.49.56.226000000 AM','DD-MON-RR HH.MI.SS.FF AM'));

---------------------------------------------------
--   END DATA FOR TABLE TREADWEARHDR
---------------------------------------------------

---------------------------------------------------
--   DATA FOR TABLE SOUNDDETAIL
--   FILTER = none used
---------------------------------------------------
REM INSERTING into SOUNDDETAIL

---------------------------------------------------
--   END DATA FOR TABLE SOUNDDETAIL
---------------------------------------------------

---------------------------------------------------
--   DATA FOR TABLE WETGRIPDETAIL
--   FILTER = none used
---------------------------------------------------
REM INSERTING into WETGRIPDETAIL

---------------------------------------------------
--   END DATA FOR TABLE WETGRIPDETAIL
---------------------------------------------------

---------------------------------------------------
--   DATA FOR TABLE BEADUNSEATHDR
--   FILTER = none used
---------------------------------------------------
REM INSERTING into BEADUNSEATHDR
Insert into BEADUNSEATHDR (BEADUNSEATID,PROJECTNUMBER,TIRENUMBER,TESTSPEC,COMPLETIONDATE,DOTSERIALNUMBER,LOWESTUNSEATVALUE,PASSYN,CERTIFICATIONTYPEID,CERTIFICATENUMBER,SKUID,SERIALDATE,MINBEADUNSEAT,CREATEDBY,CREATEDON,MODIFIEDBY,MODIFIEDON) values (1,'BUPro1',1,'BUTest1',to_timestamp('04-SEP-10 12.00.00.000000000 AM','DD-MON-RR HH.MI.SS.FF AM'),'Not Found Yet',null,'y',1,'ecert001',391,null,null,'ICSDEV',to_timestamp('04-SEP-10 11.31.45.087000000 AM','DD-MON-RR HH.MI.SS.FF AM'),'ICSDEV',to_timestamp('04-SEP-10 11.31.45.087000000 AM','DD-MON-RR HH.MI.SS.FF AM'));
Insert into BEADUNSEATHDR (BEADUNSEATID,PROJECTNUMBER,TIRENUMBER,TESTSPEC,COMPLETIONDATE,DOTSERIALNUMBER,LOWESTUNSEATVALUE,PASSYN,CERTIFICATIONTYPEID,CERTIFICATENUMBER,SKUID,SERIALDATE,MINBEADUNSEAT,CREATEDBY,CREATEDON,MODIFIEDBY,MODIFIEDON) values (2,'BUPro1',1,'BUTest1',to_timestamp('04-SEP-10 12.00.00.000000000 AM','DD-MON-RR HH.MI.SS.FF AM'),'Not Found Yet',null,'y',2,'GSO-001',391,null,null,'ICSDEV',to_timestamp('04-SEP-10 11.34.39.934000000 AM','DD-MON-RR HH.MI.SS.FF AM'),'ICSDEV',to_timestamp('04-SEP-10 11.34.39.934000000 AM','DD-MON-RR HH.MI.SS.FF AM'));
Insert into BEADUNSEATHDR (BEADUNSEATID,PROJECTNUMBER,TIRENUMBER,TESTSPEC,COMPLETIONDATE,DOTSERIALNUMBER,LOWESTUNSEATVALUE,PASSYN,CERTIFICATIONTYPEID,CERTIFICATENUMBER,SKUID,SERIALDATE,MINBEADUNSEAT,CREATEDBY,CREATEDON,MODIFIEDBY,MODIFIEDON) values (3,'BUPro1',1,'BUTest1',to_timestamp('04-SEP-10 12.00.00.000000000 AM','DD-MON-RR HH.MI.SS.FF AM'),'Not Found Yet',null,'y',3,'Nom001',391,null,null,'ICSDEV',to_timestamp('04-SEP-10 11.37.20.771000000 AM','DD-MON-RR HH.MI.SS.FF AM'),'ICSDEV',to_timestamp('04-SEP-10 11.37.20.771000000 AM','DD-MON-RR HH.MI.SS.FF AM'));
Insert into BEADUNSEATHDR (BEADUNSEATID,PROJECTNUMBER,TIRENUMBER,TESTSPEC,COMPLETIONDATE,DOTSERIALNUMBER,LOWESTUNSEATVALUE,PASSYN,CERTIFICATIONTYPEID,CERTIFICATENUMBER,SKUID,SERIALDATE,MINBEADUNSEAT,CREATEDBY,CREATEDON,MODIFIEDBY,MODIFIEDON) values (4,'BUPro1',1,'BUTest1',to_timestamp('04-SEP-10 12.00.00.000000000 AM','DD-MON-RR HH.MI.SS.FF AM'),'Not Found Yet',null,'y',1,'Ecert001',392,null,null,'ICSDEV',to_timestamp('04-SEP-10 11.38.24.450000000 AM','DD-MON-RR HH.MI.SS.FF AM'),'ICSDEV',to_timestamp('04-SEP-10 11.38.24.450000000 AM','DD-MON-RR HH.MI.SS.FF AM'));
Insert into BEADUNSEATHDR (BEADUNSEATID,PROJECTNUMBER,TIRENUMBER,TESTSPEC,COMPLETIONDATE,DOTSERIALNUMBER,LOWESTUNSEATVALUE,PASSYN,CERTIFICATIONTYPEID,CERTIFICATENUMBER,SKUID,SERIALDATE,MINBEADUNSEAT,CREATEDBY,CREATEDON,MODIFIEDBY,MODIFIEDON) values (5,'BUPro1',1,'BUTest1',to_timestamp('04-SEP-10 12.00.00.000000000 AM','DD-MON-RR HH.MI.SS.FF AM'),'Not Found Yet',null,'y',2,'GSO002',392,null,null,'ICSDEV',to_timestamp('04-SEP-10 11.39.12.926000000 AM','DD-MON-RR HH.MI.SS.FF AM'),'ICSDEV',to_timestamp('04-SEP-10 11.39.12.926000000 AM','DD-MON-RR HH.MI.SS.FF AM'));
Insert into BEADUNSEATHDR (BEADUNSEATID,PROJECTNUMBER,TIRENUMBER,TESTSPEC,COMPLETIONDATE,DOTSERIALNUMBER,LOWESTUNSEATVALUE,PASSYN,CERTIFICATIONTYPEID,CERTIFICATENUMBER,SKUID,SERIALDATE,MINBEADUNSEAT,CREATEDBY,CREATEDON,MODIFIEDBY,MODIFIEDON) values (6,'BUPro1',1,'BUTest1',to_timestamp('04-SEP-10 12.00.00.000000000 AM','DD-MON-RR HH.MI.SS.FF AM'),'Not Found Yet',null,'y',3,'Nom003',392,null,null,'ICSDEV',to_timestamp('04-SEP-10 11.41.15.625000000 AM','DD-MON-RR HH.MI.SS.FF AM'),'ICSDEV',to_timestamp('04-SEP-10 11.41.15.625000000 AM','DD-MON-RR HH.MI.SS.FF AM'));
Insert into BEADUNSEATHDR (BEADUNSEATID,PROJECTNUMBER,TIRENUMBER,TESTSPEC,COMPLETIONDATE,DOTSERIALNUMBER,LOWESTUNSEATVALUE,PASSYN,CERTIFICATIONTYPEID,CERTIFICATENUMBER,SKUID,SERIALDATE,MINBEADUNSEAT,CREATEDBY,CREATEDON,MODIFIEDBY,MODIFIEDON) values (7,'BUPro1',1,'BUTest1',to_timestamp('04-SEP-10 12.00.00.000000000 AM','DD-MON-RR HH.MI.SS.FF AM'),'Not Found Yet',null,'y',1,'Ecert003',393,null,null,'ICSDEV',to_timestamp('04-SEP-10 11.43.06.806000000 AM','DD-MON-RR HH.MI.SS.FF AM'),'ICSDEV',to_timestamp('04-SEP-10 11.43.06.806000000 AM','DD-MON-RR HH.MI.SS.FF AM'));
Insert into BEADUNSEATHDR (BEADUNSEATID,PROJECTNUMBER,TIRENUMBER,TESTSPEC,COMPLETIONDATE,DOTSERIALNUMBER,LOWESTUNSEATVALUE,PASSYN,CERTIFICATIONTYPEID,CERTIFICATENUMBER,SKUID,SERIALDATE,MINBEADUNSEAT,CREATEDBY,CREATEDON,MODIFIEDBY,MODIFIEDON) values (8,'BUPro1',1,'BUTest1',to_timestamp('04-SEP-10 12.00.00.000000000 AM','DD-MON-RR HH.MI.SS.FF AM'),'Not Found Yet',null,'y',2,'GSO-003',393,null,null,'ICSDEV',to_timestamp('04-SEP-10 11.48.03.943000000 AM','DD-MON-RR HH.MI.SS.FF AM'),'ICSDEV',to_timestamp('04-SEP-10 11.48.03.943000000 AM','DD-MON-RR HH.MI.SS.FF AM'));
Insert into BEADUNSEATHDR (BEADUNSEATID,PROJECTNUMBER,TIRENUMBER,TESTSPEC,COMPLETIONDATE,DOTSERIALNUMBER,LOWESTUNSEATVALUE,PASSYN,CERTIFICATIONTYPEID,CERTIFICATENUMBER,SKUID,SERIALDATE,MINBEADUNSEAT,CREATEDBY,CREATEDON,MODIFIEDBY,MODIFIEDON) values (9,'BUPro1',1,'BUTest1',to_timestamp('04-SEP-10 12.00.00.000000000 AM','DD-MON-RR HH.MI.SS.FF AM'),'Not Found Yet',null,'y',3,'Nom003',393,null,null,'ICSDEV',to_timestamp('04-SEP-10 11.49.56.220000000 AM','DD-MON-RR HH.MI.SS.FF AM'),'ICSDEV',to_timestamp('04-SEP-10 11.49.56.220000000 AM','DD-MON-RR HH.MI.SS.FF AM'));

---------------------------------------------------
--   END DATA FOR TABLE BEADUNSEATHDR
---------------------------------------------------

---------------------------------------------------
--   DATA FOR TABLE WETGRIPHDR
--   FILTER = none used
---------------------------------------------------
REM INSERTING into WETGRIPHDR

---------------------------------------------------
--   END DATA FOR TABLE WETGRIPHDR
---------------------------------------------------



---------------------------------------------------
--   DATA FOR TABLE SOUNDHDR
--   FILTER = none used
---------------------------------------------------
REM INSERTING into SOUNDHDR

---------------------------------------------------
--   END DATA FOR TABLE SOUNDHDR
---------------------------------------------------

---------------------------------------------------
--   DATA FOR TABLE HIGHSPEEDHDR
--   FILTER = none used
---------------------------------------------------
REM INSERTING into HIGHSPEEDHDR
Insert into HIGHSPEEDHDR (HIGHSPEEDID,PROJECTNUMBER,TIRENUM,TESTSPEC,COMPETIONDATE,DOTSERIALNUMBER,MFGWWYY,PRECONDSTARTDATE,PRECONDSARTTEMP,RIMDIAMETER,RIMWIDTH,PRECONDENDDATE,PRECONDENDTEMP,PRECONDTIME,INFLATIONPRESSURE,BEFOREDIAMETER,AFTERDIAMETER,BEFOREINFLATION,AFTERINFLATION,WHEELPOSITION,WHEELNUMBER,FINALTEMP,FINALDISTANCE,FINALINFLATION,POSTCONDSTARTDATE,POSTCONDENDDATE,POSTCONDENDTEMP,PASSYN,SERIALDATE,POSTCONDTIME,CERTIFICATIONTYPEID,CERTIFICATENUMBER,SKUID,CREATEDBY,CREATEDON,MODIFIEDBY,MODIFIEDON) values (1,'ENDPr1',1,'ENDTst1',to_timestamp('27-AUG-10 12.00.00.000000000 AM','DD-MON-RR HH.MI.SS.FF AM'),'2010/08/20',null,to_timestamp('20-AUG-10 12.00.00.000000000 AM','DD-MON-RR HH.MI.SS.FF AM'),22,14,16,to_timestamp('22-AUG-10 12.00.00.000000000 AM','DD-MON-RR HH.MI.SS.FF AM'),26,11,110,13,14,100,115,11,16,24,null,108,to_timestamp('24-AUG-10 12.00.00.000000000 AM','DD-MON-RR HH.MI.SS.FF AM'),to_timestamp('26-AUG-10 12.00.00.000000000 AM','DD-MON-RR HH.MI.SS.FF AM'),22,'n',null,10,1,'ecert001',391,'IIS APPPOOL\DefaultAppPool',to_timestamp('04-SEP-10 11.31.45.180000000 AM','DD-MON-RR HH.MI.SS.FF AM'),'IIS APPPOOL\DefaultAppPool',to_timestamp('04-SEP-10 11.31.45.180000000 AM','DD-MON-RR HH.MI.SS.FF AM'));
Insert into HIGHSPEEDHDR (HIGHSPEEDID,PROJECTNUMBER,TIRENUM,TESTSPEC,COMPETIONDATE,DOTSERIALNUMBER,MFGWWYY,PRECONDSTARTDATE,PRECONDSARTTEMP,RIMDIAMETER,RIMWIDTH,PRECONDENDDATE,PRECONDENDTEMP,PRECONDTIME,INFLATIONPRESSURE,BEFOREDIAMETER,AFTERDIAMETER,BEFOREINFLATION,AFTERINFLATION,WHEELPOSITION,WHEELNUMBER,FINALTEMP,FINALDISTANCE,FINALINFLATION,POSTCONDSTARTDATE,POSTCONDENDDATE,POSTCONDENDTEMP,PASSYN,SERIALDATE,POSTCONDTIME,CERTIFICATIONTYPEID,CERTIFICATENUMBER,SKUID,CREATEDBY,CREATEDON,MODIFIEDBY,MODIFIEDON) values (2,'ENDPr1',1,'ENDTst1',to_timestamp('27-AUG-10 12.00.00.000000000 AM','DD-MON-RR HH.MI.SS.FF AM'),'2010/08/20',null,to_timestamp('20-AUG-10 12.00.00.000000000 AM','DD-MON-RR HH.MI.SS.FF AM'),22,14,16,to_timestamp('22-AUG-10 12.00.00.000000000 AM','DD-MON-RR HH.MI.SS.FF AM'),26,11,110,13,14,100,115,11,16,24,null,108,to_timestamp('24-AUG-10 12.00.00.000000000 AM','DD-MON-RR HH.MI.SS.FF AM'),to_timestamp('26-AUG-10 12.00.00.000000000 AM','DD-MON-RR HH.MI.SS.FF AM'),22,'n',null,10,2,'GSO-001',391,'IIS APPPOOL\DefaultAppPool',to_timestamp('04-SEP-10 11.34.39.958000000 AM','DD-MON-RR HH.MI.SS.FF AM'),'IIS APPPOOL\DefaultAppPool',to_timestamp('04-SEP-10 11.34.39.958000000 AM','DD-MON-RR HH.MI.SS.FF AM'));
Insert into HIGHSPEEDHDR (HIGHSPEEDID,PROJECTNUMBER,TIRENUM,TESTSPEC,COMPETIONDATE,DOTSERIALNUMBER,MFGWWYY,PRECONDSTARTDATE,PRECONDSARTTEMP,RIMDIAMETER,RIMWIDTH,PRECONDENDDATE,PRECONDENDTEMP,PRECONDTIME,INFLATIONPRESSURE,BEFOREDIAMETER,AFTERDIAMETER,BEFOREINFLATION,AFTERINFLATION,WHEELPOSITION,WHEELNUMBER,FINALTEMP,FINALDISTANCE,FINALINFLATION,POSTCONDSTARTDATE,POSTCONDENDDATE,POSTCONDENDTEMP,PASSYN,SERIALDATE,POSTCONDTIME,CERTIFICATIONTYPEID,CERTIFICATENUMBER,SKUID,CREATEDBY,CREATEDON,MODIFIEDBY,MODIFIEDON) values (3,'ENDPr1',1,'ENDTst1',to_timestamp('27-AUG-10 12.00.00.000000000 AM','DD-MON-RR HH.MI.SS.FF AM'),'2010/08/20',null,to_timestamp('20-AUG-10 12.00.00.000000000 AM','DD-MON-RR HH.MI.SS.FF AM'),22,14,16,to_timestamp('22-AUG-10 12.00.00.000000000 AM','DD-MON-RR HH.MI.SS.FF AM'),26,11,110,13,14,100,115,11,16,24,null,108,to_timestamp('24-AUG-10 12.00.00.000000000 AM','DD-MON-RR HH.MI.SS.FF AM'),to_timestamp('26-AUG-10 12.00.00.000000000 AM','DD-MON-RR HH.MI.SS.FF AM'),22,'n',null,10,3,'Nom001',391,'IIS APPPOOL\DefaultAppPool',to_timestamp('04-SEP-10 11.37.20.794000000 AM','DD-MON-RR HH.MI.SS.FF AM'),'IIS APPPOOL\DefaultAppPool',to_timestamp('04-SEP-10 11.37.20.794000000 AM','DD-MON-RR HH.MI.SS.FF AM'));
Insert into HIGHSPEEDHDR (HIGHSPEEDID,PROJECTNUMBER,TIRENUM,TESTSPEC,COMPETIONDATE,DOTSERIALNUMBER,MFGWWYY,PRECONDSTARTDATE,PRECONDSARTTEMP,RIMDIAMETER,RIMWIDTH,PRECONDENDDATE,PRECONDENDTEMP,PRECONDTIME,INFLATIONPRESSURE,BEFOREDIAMETER,AFTERDIAMETER,BEFOREINFLATION,AFTERINFLATION,WHEELPOSITION,WHEELNUMBER,FINALTEMP,FINALDISTANCE,FINALINFLATION,POSTCONDSTARTDATE,POSTCONDENDDATE,POSTCONDENDTEMP,PASSYN,SERIALDATE,POSTCONDTIME,CERTIFICATIONTYPEID,CERTIFICATENUMBER,SKUID,CREATEDBY,CREATEDON,MODIFIEDBY,MODIFIEDON) values (4,'ENDPr1',1,'ENDTst1',to_timestamp('27-AUG-10 12.00.00.000000000 AM','DD-MON-RR HH.MI.SS.FF AM'),'2010/08/20',null,to_timestamp('20-AUG-10 12.00.00.000000000 AM','DD-MON-RR HH.MI.SS.FF AM'),22,14,16,to_timestamp('22-AUG-10 12.00.00.000000000 AM','DD-MON-RR HH.MI.SS.FF AM'),26,11,110,13,14,100,115,11,16,24,null,108,to_timestamp('24-AUG-10 12.00.00.000000000 AM','DD-MON-RR HH.MI.SS.FF AM'),to_timestamp('26-AUG-10 12.00.00.000000000 AM','DD-MON-RR HH.MI.SS.FF AM'),22,'n',null,10,1,'Ecert001',392,'IIS APPPOOL\DefaultAppPool',to_timestamp('04-SEP-10 11.38.24.472000000 AM','DD-MON-RR HH.MI.SS.FF AM'),'IIS APPPOOL\DefaultAppPool',to_timestamp('04-SEP-10 11.38.24.472000000 AM','DD-MON-RR HH.MI.SS.FF AM'));
Insert into HIGHSPEEDHDR (HIGHSPEEDID,PROJECTNUMBER,TIRENUM,TESTSPEC,COMPETIONDATE,DOTSERIALNUMBER,MFGWWYY,PRECONDSTARTDATE,PRECONDSARTTEMP,RIMDIAMETER,RIMWIDTH,PRECONDENDDATE,PRECONDENDTEMP,PRECONDTIME,INFLATIONPRESSURE,BEFOREDIAMETER,AFTERDIAMETER,BEFOREINFLATION,AFTERINFLATION,WHEELPOSITION,WHEELNUMBER,FINALTEMP,FINALDISTANCE,FINALINFLATION,POSTCONDSTARTDATE,POSTCONDENDDATE,POSTCONDENDTEMP,PASSYN,SERIALDATE,POSTCONDTIME,CERTIFICATIONTYPEID,CERTIFICATENUMBER,SKUID,CREATEDBY,CREATEDON,MODIFIEDBY,MODIFIEDON) values (5,'ENDPr1',1,'ENDTst1',to_timestamp('27-AUG-10 12.00.00.000000000 AM','DD-MON-RR HH.MI.SS.FF AM'),'2010/08/20',null,to_timestamp('20-AUG-10 12.00.00.000000000 AM','DD-MON-RR HH.MI.SS.FF AM'),22,14,16,to_timestamp('22-AUG-10 12.00.00.000000000 AM','DD-MON-RR HH.MI.SS.FF AM'),26,11,110,13,14,100,115,11,16,24,null,108,to_timestamp('24-AUG-10 12.00.00.000000000 AM','DD-MON-RR HH.MI.SS.FF AM'),to_timestamp('26-AUG-10 12.00.00.000000000 AM','DD-MON-RR HH.MI.SS.FF AM'),22,'n',null,10,2,'GSO002',392,'IIS APPPOOL\DefaultAppPool',to_timestamp('04-SEP-10 11.39.12.948000000 AM','DD-MON-RR HH.MI.SS.FF AM'),'IIS APPPOOL\DefaultAppPool',to_timestamp('04-SEP-10 11.39.12.948000000 AM','DD-MON-RR HH.MI.SS.FF AM'));
Insert into HIGHSPEEDHDR (HIGHSPEEDID,PROJECTNUMBER,TIRENUM,TESTSPEC,COMPETIONDATE,DOTSERIALNUMBER,MFGWWYY,PRECONDSTARTDATE,PRECONDSARTTEMP,RIMDIAMETER,RIMWIDTH,PRECONDENDDATE,PRECONDENDTEMP,PRECONDTIME,INFLATIONPRESSURE,BEFOREDIAMETER,AFTERDIAMETER,BEFOREINFLATION,AFTERINFLATION,WHEELPOSITION,WHEELNUMBER,FINALTEMP,FINALDISTANCE,FINALINFLATION,POSTCONDSTARTDATE,POSTCONDENDDATE,POSTCONDENDTEMP,PASSYN,SERIALDATE,POSTCONDTIME,CERTIFICATIONTYPEID,CERTIFICATENUMBER,SKUID,CREATEDBY,CREATEDON,MODIFIEDBY,MODIFIEDON) values (6,'ENDPr1',1,'ENDTst1',to_timestamp('27-AUG-10 12.00.00.000000000 AM','DD-MON-RR HH.MI.SS.FF AM'),'2010/08/20',null,to_timestamp('20-AUG-10 12.00.00.000000000 AM','DD-MON-RR HH.MI.SS.FF AM'),22,14,16,to_timestamp('22-AUG-10 12.00.00.000000000 AM','DD-MON-RR HH.MI.SS.FF AM'),26,11,110,13,14,100,115,11,16,24,null,108,to_timestamp('24-AUG-10 12.00.00.000000000 AM','DD-MON-RR HH.MI.SS.FF AM'),to_timestamp('26-AUG-10 12.00.00.000000000 AM','DD-MON-RR HH.MI.SS.FF AM'),22,'n',null,10,3,'Nom003',392,'IIS APPPOOL\DefaultAppPool',to_timestamp('04-SEP-10 11.41.15.646000000 AM','DD-MON-RR HH.MI.SS.FF AM'),'IIS APPPOOL\DefaultAppPool',to_timestamp('04-SEP-10 11.41.15.646000000 AM','DD-MON-RR HH.MI.SS.FF AM'));
Insert into HIGHSPEEDHDR (HIGHSPEEDID,PROJECTNUMBER,TIRENUM,TESTSPEC,COMPETIONDATE,DOTSERIALNUMBER,MFGWWYY,PRECONDSTARTDATE,PRECONDSARTTEMP,RIMDIAMETER,RIMWIDTH,PRECONDENDDATE,PRECONDENDTEMP,PRECONDTIME,INFLATIONPRESSURE,BEFOREDIAMETER,AFTERDIAMETER,BEFOREINFLATION,AFTERINFLATION,WHEELPOSITION,WHEELNUMBER,FINALTEMP,FINALDISTANCE,FINALINFLATION,POSTCONDSTARTDATE,POSTCONDENDDATE,POSTCONDENDTEMP,PASSYN,SERIALDATE,POSTCONDTIME,CERTIFICATIONTYPEID,CERTIFICATENUMBER,SKUID,CREATEDBY,CREATEDON,MODIFIEDBY,MODIFIEDON) values (7,'ENDPr1',1,'ENDTst1',to_timestamp('27-AUG-10 12.00.00.000000000 AM','DD-MON-RR HH.MI.SS.FF AM'),'2010/08/20',null,to_timestamp('20-AUG-10 12.00.00.000000000 AM','DD-MON-RR HH.MI.SS.FF AM'),22,14,16,to_timestamp('22-AUG-10 12.00.00.000000000 AM','DD-MON-RR HH.MI.SS.FF AM'),26,11,110,13,14,100,115,11,16,24,null,108,to_timestamp('24-AUG-10 12.00.00.000000000 AM','DD-MON-RR HH.MI.SS.FF AM'),to_timestamp('26-AUG-10 12.00.00.000000000 AM','DD-MON-RR HH.MI.SS.FF AM'),22,'n',null,10,1,'Ecert003',393,'IIS APPPOOL\DefaultAppPool',to_timestamp('04-SEP-10 11.43.06.828000000 AM','DD-MON-RR HH.MI.SS.FF AM'),'IIS APPPOOL\DefaultAppPool',to_timestamp('04-SEP-10 11.43.06.828000000 AM','DD-MON-RR HH.MI.SS.FF AM'));
Insert into HIGHSPEEDHDR (HIGHSPEEDID,PROJECTNUMBER,TIRENUM,TESTSPEC,COMPETIONDATE,DOTSERIALNUMBER,MFGWWYY,PRECONDSTARTDATE,PRECONDSARTTEMP,RIMDIAMETER,RIMWIDTH,PRECONDENDDATE,PRECONDENDTEMP,PRECONDTIME,INFLATIONPRESSURE,BEFOREDIAMETER,AFTERDIAMETER,BEFOREINFLATION,AFTERINFLATION,WHEELPOSITION,WHEELNUMBER,FINALTEMP,FINALDISTANCE,FINALINFLATION,POSTCONDSTARTDATE,POSTCONDENDDATE,POSTCONDENDTEMP,PASSYN,SERIALDATE,POSTCONDTIME,CERTIFICATIONTYPEID,CERTIFICATENUMBER,SKUID,CREATEDBY,CREATEDON,MODIFIEDBY,MODIFIEDON) values (8,'ENDPr1',1,'ENDTst1',to_timestamp('27-AUG-10 12.00.00.000000000 AM','DD-MON-RR HH.MI.SS.FF AM'),'2010/08/20',null,to_timestamp('20-AUG-10 12.00.00.000000000 AM','DD-MON-RR HH.MI.SS.FF AM'),22,14,16,to_timestamp('22-AUG-10 12.00.00.000000000 AM','DD-MON-RR HH.MI.SS.FF AM'),26,11,110,13,14,100,115,11,16,24,null,108,to_timestamp('24-AUG-10 12.00.00.000000000 AM','DD-MON-RR HH.MI.SS.FF AM'),to_timestamp('26-AUG-10 12.00.00.000000000 AM','DD-MON-RR HH.MI.SS.FF AM'),22,'n',null,10,2,'GSO-003',393,'IIS APPPOOL\DefaultAppPool',to_timestamp('04-SEP-10 11.48.03.978000000 AM','DD-MON-RR HH.MI.SS.FF AM'),'IIS APPPOOL\DefaultAppPool',to_timestamp('04-SEP-10 11.48.03.978000000 AM','DD-MON-RR HH.MI.SS.FF AM'));
Insert into HIGHSPEEDHDR (HIGHSPEEDID,PROJECTNUMBER,TIRENUM,TESTSPEC,COMPETIONDATE,DOTSERIALNUMBER,MFGWWYY,PRECONDSTARTDATE,PRECONDSARTTEMP,RIMDIAMETER,RIMWIDTH,PRECONDENDDATE,PRECONDENDTEMP,PRECONDTIME,INFLATIONPRESSURE,BEFOREDIAMETER,AFTERDIAMETER,BEFOREINFLATION,AFTERINFLATION,WHEELPOSITION,WHEELNUMBER,FINALTEMP,FINALDISTANCE,FINALINFLATION,POSTCONDSTARTDATE,POSTCONDENDDATE,POSTCONDENDTEMP,PASSYN,SERIALDATE,POSTCONDTIME,CERTIFICATIONTYPEID,CERTIFICATENUMBER,SKUID,CREATEDBY,CREATEDON,MODIFIEDBY,MODIFIEDON) values (9,'ENDPr1',1,'ENDTst1',to_timestamp('27-AUG-10 12.00.00.000000000 AM','DD-MON-RR HH.MI.SS.FF AM'),'2010/08/20',null,to_timestamp('20-AUG-10 12.00.00.000000000 AM','DD-MON-RR HH.MI.SS.FF AM'),22,14,16,to_timestamp('22-AUG-10 12.00.00.000000000 AM','DD-MON-RR HH.MI.SS.FF AM'),26,11,110,13,14,100,115,11,16,24,null,108,to_timestamp('24-AUG-10 12.00.00.000000000 AM','DD-MON-RR HH.MI.SS.FF AM'),to_timestamp('26-AUG-10 12.00.00.000000000 AM','DD-MON-RR HH.MI.SS.FF AM'),22,'n',null,10,3,'Nom003',393,'IIS APPPOOL\DefaultAppPool',to_timestamp('04-SEP-10 11.49.56.241000000 AM','DD-MON-RR HH.MI.SS.FF AM'),'IIS APPPOOL\DefaultAppPool',to_timestamp('04-SEP-10 11.49.56.241000000 AM','DD-MON-RR HH.MI.SS.FF AM'));

---------------------------------------------------
--   END DATA FOR TABLE HIGHSPEEDHDR
---------------------------------------------------

---------------------------------------------------
--   DATA FOR TABLE HIGHSPEEDDTL
--   FILTER = none used
---------------------------------------------------
REM INSERTING into HIGHSPEEDDTL
Insert into HIGHSPEEDDTL (TESTSTEP,TIMEINMIN,SPEED,TOTMILES,LOAD,LOADPERCENT,SETINFLATION,AMBTEMP,INFPRESSURE,STEPCOMPLETIONDATE,HIGHSPEEDID,CREATEDBY,CREATEDON,MODIFIEDBY,MODIFIEDON) values (null,null,null,null,null,null,null,25,150,to_timestamp('22-AUG-10 12.00.00.000000000 AM','DD-MON-RR HH.MI.SS.FF AM'),1,'IIS APPPOOL\DefaultAppPool',to_timestamp('04-SEP-10 11.31.45.192000000 AM','DD-MON-RR HH.MI.SS.FF AM'),'ICSDEV',to_timestamp('04-SEP-10 11.31.45.192000000 AM','DD-MON-RR HH.MI.SS.FF AM'));
Insert into HIGHSPEEDDTL (TESTSTEP,TIMEINMIN,SPEED,TOTMILES,LOAD,LOADPERCENT,SETINFLATION,AMBTEMP,INFPRESSURE,STEPCOMPLETIONDATE,HIGHSPEEDID,CREATEDBY,CREATEDON,MODIFIEDBY,MODIFIEDON) values (1,11,23,null,13,61,null,26,null,to_timestamp('23-AUG-10 12.00.00.000000000 AM','DD-MON-RR HH.MI.SS.FF AM'),1,'IIS APPPOOL\DefaultAppPool',to_timestamp('04-SEP-10 11.31.45.194000000 AM','DD-MON-RR HH.MI.SS.FF AM'),'ICSDEV',to_timestamp('04-SEP-10 11.31.45.194000000 AM','DD-MON-RR HH.MI.SS.FF AM'));
Insert into HIGHSPEEDDTL (TESTSTEP,TIMEINMIN,SPEED,TOTMILES,LOAD,LOADPERCENT,SETINFLATION,AMBTEMP,INFPRESSURE,STEPCOMPLETIONDATE,HIGHSPEEDID,CREATEDBY,CREATEDON,MODIFIEDBY,MODIFIEDON) values (2,12,24,null,14,62,null,27,null,to_timestamp('24-AUG-10 12.00.00.000000000 AM','DD-MON-RR HH.MI.SS.FF AM'),1,'IIS APPPOOL\DefaultAppPool',to_timestamp('04-SEP-10 11.31.45.195000000 AM','DD-MON-RR HH.MI.SS.FF AM'),'ICSDEV',to_timestamp('04-SEP-10 11.31.45.195000000 AM','DD-MON-RR HH.MI.SS.FF AM'));
Insert into HIGHSPEEDDTL (TESTSTEP,TIMEINMIN,SPEED,TOTMILES,LOAD,LOADPERCENT,SETINFLATION,AMBTEMP,INFPRESSURE,STEPCOMPLETIONDATE,HIGHSPEEDID,CREATEDBY,CREATEDON,MODIFIEDBY,MODIFIEDON) values (3,13,25,null,15,63,null,28,null,to_timestamp('25-AUG-10 12.00.00.000000000 AM','DD-MON-RR HH.MI.SS.FF AM'),1,'IIS APPPOOL\DefaultAppPool',to_timestamp('04-SEP-10 11.31.45.197000000 AM','DD-MON-RR HH.MI.SS.FF AM'),'ICSDEV',to_timestamp('04-SEP-10 11.31.45.197000000 AM','DD-MON-RR HH.MI.SS.FF AM'));
Insert into HIGHSPEEDDTL (TESTSTEP,TIMEINMIN,SPEED,TOTMILES,LOAD,LOADPERCENT,SETINFLATION,AMBTEMP,INFPRESSURE,STEPCOMPLETIONDATE,HIGHSPEEDID,CREATEDBY,CREATEDON,MODIFIEDBY,MODIFIEDON) values (4,14,26,null,16,64,null,29,null,to_timestamp('26-AUG-10 12.00.00.000000000 AM','DD-MON-RR HH.MI.SS.FF AM'),1,'IIS APPPOOL\DefaultAppPool',to_timestamp('04-SEP-10 11.31.45.198000000 AM','DD-MON-RR HH.MI.SS.FF AM'),'ICSDEV',to_timestamp('04-SEP-10 11.31.45.198000000 AM','DD-MON-RR HH.MI.SS.FF AM'));
Insert into HIGHSPEEDDTL (TESTSTEP,TIMEINMIN,SPEED,TOTMILES,LOAD,LOADPERCENT,SETINFLATION,AMBTEMP,INFPRESSURE,STEPCOMPLETIONDATE,HIGHSPEEDID,CREATEDBY,CREATEDON,MODIFIEDBY,MODIFIEDON) values (5,15,27,null,17,65,null,30,null,to_timestamp('27-AUG-10 12.00.00.000000000 AM','DD-MON-RR HH.MI.SS.FF AM'),1,'IIS APPPOOL\DefaultAppPool',to_timestamp('04-SEP-10 11.31.45.199000000 AM','DD-MON-RR HH.MI.SS.FF AM'),'ICSDEV',to_timestamp('04-SEP-10 11.31.45.199000000 AM','DD-MON-RR HH.MI.SS.FF AM'));
Insert into HIGHSPEEDDTL (TESTSTEP,TIMEINMIN,SPEED,TOTMILES,LOAD,LOADPERCENT,SETINFLATION,AMBTEMP,INFPRESSURE,STEPCOMPLETIONDATE,HIGHSPEEDID,CREATEDBY,CREATEDON,MODIFIEDBY,MODIFIEDON) values (null,null,null,null,null,null,null,25,150,to_timestamp('22-AUG-10 12.00.00.000000000 AM','DD-MON-RR HH.MI.SS.FF AM'),2,'IIS APPPOOL\DefaultAppPool',to_timestamp('04-SEP-10 11.34.39.960000000 AM','DD-MON-RR HH.MI.SS.FF AM'),'ICSDEV',to_timestamp('04-SEP-10 11.34.39.960000000 AM','DD-MON-RR HH.MI.SS.FF AM'));
Insert into HIGHSPEEDDTL (TESTSTEP,TIMEINMIN,SPEED,TOTMILES,LOAD,LOADPERCENT,SETINFLATION,AMBTEMP,INFPRESSURE,STEPCOMPLETIONDATE,HIGHSPEEDID,CREATEDBY,CREATEDON,MODIFIEDBY,MODIFIEDON) values (1,11,23,null,13,61,null,26,null,to_timestamp('23-AUG-10 12.00.00.000000000 AM','DD-MON-RR HH.MI.SS.FF AM'),2,'IIS APPPOOL\DefaultAppPool',to_timestamp('04-SEP-10 11.34.39.961000000 AM','DD-MON-RR HH.MI.SS.FF AM'),'ICSDEV',to_timestamp('04-SEP-10 11.34.39.961000000 AM','DD-MON-RR HH.MI.SS.FF AM'));
Insert into HIGHSPEEDDTL (TESTSTEP,TIMEINMIN,SPEED,TOTMILES,LOAD,LOADPERCENT,SETINFLATION,AMBTEMP,INFPRESSURE,STEPCOMPLETIONDATE,HIGHSPEEDID,CREATEDBY,CREATEDON,MODIFIEDBY,MODIFIEDON) values (2,12,24,null,14,62,null,27,null,to_timestamp('24-AUG-10 12.00.00.000000000 AM','DD-MON-RR HH.MI.SS.FF AM'),2,'IIS APPPOOL\DefaultAppPool',to_timestamp('04-SEP-10 11.34.39.963000000 AM','DD-MON-RR HH.MI.SS.FF AM'),'ICSDEV',to_timestamp('04-SEP-10 11.34.39.963000000 AM','DD-MON-RR HH.MI.SS.FF AM'));
Insert into HIGHSPEEDDTL (TESTSTEP,TIMEINMIN,SPEED,TOTMILES,LOAD,LOADPERCENT,SETINFLATION,AMBTEMP,INFPRESSURE,STEPCOMPLETIONDATE,HIGHSPEEDID,CREATEDBY,CREATEDON,MODIFIEDBY,MODIFIEDON) values (3,13,25,null,15,63,null,28,null,to_timestamp('25-AUG-10 12.00.00.000000000 AM','DD-MON-RR HH.MI.SS.FF AM'),2,'IIS APPPOOL\DefaultAppPool',to_timestamp('04-SEP-10 11.34.39.964000000 AM','DD-MON-RR HH.MI.SS.FF AM'),'ICSDEV',to_timestamp('04-SEP-10 11.34.39.964000000 AM','DD-MON-RR HH.MI.SS.FF AM'));
Insert into HIGHSPEEDDTL (TESTSTEP,TIMEINMIN,SPEED,TOTMILES,LOAD,LOADPERCENT,SETINFLATION,AMBTEMP,INFPRESSURE,STEPCOMPLETIONDATE,HIGHSPEEDID,CREATEDBY,CREATEDON,MODIFIEDBY,MODIFIEDON) values (4,14,26,null,16,64,null,29,null,to_timestamp('26-AUG-10 12.00.00.000000000 AM','DD-MON-RR HH.MI.SS.FF AM'),2,'IIS APPPOOL\DefaultAppPool',to_timestamp('04-SEP-10 11.34.39.965000000 AM','DD-MON-RR HH.MI.SS.FF AM'),'ICSDEV',to_timestamp('04-SEP-10 11.34.39.965000000 AM','DD-MON-RR HH.MI.SS.FF AM'));
Insert into HIGHSPEEDDTL (TESTSTEP,TIMEINMIN,SPEED,TOTMILES,LOAD,LOADPERCENT,SETINFLATION,AMBTEMP,INFPRESSURE,STEPCOMPLETIONDATE,HIGHSPEEDID,CREATEDBY,CREATEDON,MODIFIEDBY,MODIFIEDON) values (5,15,27,null,17,65,null,30,null,to_timestamp('27-AUG-10 12.00.00.000000000 AM','DD-MON-RR HH.MI.SS.FF AM'),2,'IIS APPPOOL\DefaultAppPool',to_timestamp('04-SEP-10 11.34.39.966000000 AM','DD-MON-RR HH.MI.SS.FF AM'),'ICSDEV',to_timestamp('04-SEP-10 11.34.39.966000000 AM','DD-MON-RR HH.MI.SS.FF AM'));
Insert into HIGHSPEEDDTL (TESTSTEP,TIMEINMIN,SPEED,TOTMILES,LOAD,LOADPERCENT,SETINFLATION,AMBTEMP,INFPRESSURE,STEPCOMPLETIONDATE,HIGHSPEEDID,CREATEDBY,CREATEDON,MODIFIEDBY,MODIFIEDON) values (null,null,null,null,null,null,null,25,150,to_timestamp('22-AUG-10 12.00.00.000000000 AM','DD-MON-RR HH.MI.SS.FF AM'),3,'IIS APPPOOL\DefaultAppPool',to_timestamp('04-SEP-10 11.37.20.796000000 AM','DD-MON-RR HH.MI.SS.FF AM'),'ICSDEV',to_timestamp('04-SEP-10 11.37.20.796000000 AM','DD-MON-RR HH.MI.SS.FF AM'));
Insert into HIGHSPEEDDTL (TESTSTEP,TIMEINMIN,SPEED,TOTMILES,LOAD,LOADPERCENT,SETINFLATION,AMBTEMP,INFPRESSURE,STEPCOMPLETIONDATE,HIGHSPEEDID,CREATEDBY,CREATEDON,MODIFIEDBY,MODIFIEDON) values (1,11,23,null,13,61,null,26,null,to_timestamp('23-AUG-10 12.00.00.000000000 AM','DD-MON-RR HH.MI.SS.FF AM'),3,'IIS APPPOOL\DefaultAppPool',to_timestamp('04-SEP-10 11.37.20.797000000 AM','DD-MON-RR HH.MI.SS.FF AM'),'ICSDEV',to_timestamp('04-SEP-10 11.37.20.797000000 AM','DD-MON-RR HH.MI.SS.FF AM'));
Insert into HIGHSPEEDDTL (TESTSTEP,TIMEINMIN,SPEED,TOTMILES,LOAD,LOADPERCENT,SETINFLATION,AMBTEMP,INFPRESSURE,STEPCOMPLETIONDATE,HIGHSPEEDID,CREATEDBY,CREATEDON,MODIFIEDBY,MODIFIEDON) values (2,12,24,null,14,62,null,27,null,to_timestamp('24-AUG-10 12.00.00.000000000 AM','DD-MON-RR HH.MI.SS.FF AM'),3,'IIS APPPOOL\DefaultAppPool',to_timestamp('04-SEP-10 11.37.20.798000000 AM','DD-MON-RR HH.MI.SS.FF AM'),'ICSDEV',to_timestamp('04-SEP-10 11.37.20.798000000 AM','DD-MON-RR HH.MI.SS.FF AM'));
Insert into HIGHSPEEDDTL (TESTSTEP,TIMEINMIN,SPEED,TOTMILES,LOAD,LOADPERCENT,SETINFLATION,AMBTEMP,INFPRESSURE,STEPCOMPLETIONDATE,HIGHSPEEDID,CREATEDBY,CREATEDON,MODIFIEDBY,MODIFIEDON) values (3,13,25,null,15,63,null,28,null,to_timestamp('25-AUG-10 12.00.00.000000000 AM','DD-MON-RR HH.MI.SS.FF AM'),3,'IIS APPPOOL\DefaultAppPool',to_timestamp('04-SEP-10 11.37.20.799000000 AM','DD-MON-RR HH.MI.SS.FF AM'),'ICSDEV',to_timestamp('04-SEP-10 11.37.20.799000000 AM','DD-MON-RR HH.MI.SS.FF AM'));
Insert into HIGHSPEEDDTL (TESTSTEP,TIMEINMIN,SPEED,TOTMILES,LOAD,LOADPERCENT,SETINFLATION,AMBTEMP,INFPRESSURE,STEPCOMPLETIONDATE,HIGHSPEEDID,CREATEDBY,CREATEDON,MODIFIEDBY,MODIFIEDON) values (4,14,26,null,16,64,null,29,null,to_timestamp('26-AUG-10 12.00.00.000000000 AM','DD-MON-RR HH.MI.SS.FF AM'),3,'IIS APPPOOL\DefaultAppPool',to_timestamp('04-SEP-10 11.37.20.800000000 AM','DD-MON-RR HH.MI.SS.FF AM'),'ICSDEV',to_timestamp('04-SEP-10 11.37.20.800000000 AM','DD-MON-RR HH.MI.SS.FF AM'));
Insert into HIGHSPEEDDTL (TESTSTEP,TIMEINMIN,SPEED,TOTMILES,LOAD,LOADPERCENT,SETINFLATION,AMBTEMP,INFPRESSURE,STEPCOMPLETIONDATE,HIGHSPEEDID,CREATEDBY,CREATEDON,MODIFIEDBY,MODIFIEDON) values (5,15,27,null,17,65,null,30,null,to_timestamp('27-AUG-10 12.00.00.000000000 AM','DD-MON-RR HH.MI.SS.FF AM'),3,'IIS APPPOOL\DefaultAppPool',to_timestamp('04-SEP-10 11.37.20.802000000 AM','DD-MON-RR HH.MI.SS.FF AM'),'ICSDEV',to_timestamp('04-SEP-10 11.37.20.802000000 AM','DD-MON-RR HH.MI.SS.FF AM'));
Insert into HIGHSPEEDDTL (TESTSTEP,TIMEINMIN,SPEED,TOTMILES,LOAD,LOADPERCENT,SETINFLATION,AMBTEMP,INFPRESSURE,STEPCOMPLETIONDATE,HIGHSPEEDID,CREATEDBY,CREATEDON,MODIFIEDBY,MODIFIEDON) values (null,null,null,null,null,null,null,25,150,to_timestamp('22-AUG-10 12.00.00.000000000 AM','DD-MON-RR HH.MI.SS.FF AM'),4,'IIS APPPOOL\DefaultAppPool',to_timestamp('04-SEP-10 11.38.24.473000000 AM','DD-MON-RR HH.MI.SS.FF AM'),'ICSDEV',to_timestamp('04-SEP-10 11.38.24.473000000 AM','DD-MON-RR HH.MI.SS.FF AM'));
Insert into HIGHSPEEDDTL (TESTSTEP,TIMEINMIN,SPEED,TOTMILES,LOAD,LOADPERCENT,SETINFLATION,AMBTEMP,INFPRESSURE,STEPCOMPLETIONDATE,HIGHSPEEDID,CREATEDBY,CREATEDON,MODIFIEDBY,MODIFIEDON) values (1,11,23,null,13,61,null,26,null,to_timestamp('23-AUG-10 12.00.00.000000000 AM','DD-MON-RR HH.MI.SS.FF AM'),4,'IIS APPPOOL\DefaultAppPool',to_timestamp('04-SEP-10 11.38.24.474000000 AM','DD-MON-RR HH.MI.SS.FF AM'),'ICSDEV',to_timestamp('04-SEP-10 11.38.24.474000000 AM','DD-MON-RR HH.MI.SS.FF AM'));
Insert into HIGHSPEEDDTL (TESTSTEP,TIMEINMIN,SPEED,TOTMILES,LOAD,LOADPERCENT,SETINFLATION,AMBTEMP,INFPRESSURE,STEPCOMPLETIONDATE,HIGHSPEEDID,CREATEDBY,CREATEDON,MODIFIEDBY,MODIFIEDON) values (2,12,24,null,14,62,null,27,null,to_timestamp('24-AUG-10 12.00.00.000000000 AM','DD-MON-RR HH.MI.SS.FF AM'),4,'IIS APPPOOL\DefaultAppPool',to_timestamp('04-SEP-10 11.38.24.476000000 AM','DD-MON-RR HH.MI.SS.FF AM'),'ICSDEV',to_timestamp('04-SEP-10 11.38.24.476000000 AM','DD-MON-RR HH.MI.SS.FF AM'));
Insert into HIGHSPEEDDTL (TESTSTEP,TIMEINMIN,SPEED,TOTMILES,LOAD,LOADPERCENT,SETINFLATION,AMBTEMP,INFPRESSURE,STEPCOMPLETIONDATE,HIGHSPEEDID,CREATEDBY,CREATEDON,MODIFIEDBY,MODIFIEDON) values (3,13,25,null,15,63,null,28,null,to_timestamp('25-AUG-10 12.00.00.000000000 AM','DD-MON-RR HH.MI.SS.FF AM'),4,'IIS APPPOOL\DefaultAppPool',to_timestamp('04-SEP-10 11.38.24.477000000 AM','DD-MON-RR HH.MI.SS.FF AM'),'ICSDEV',to_timestamp('04-SEP-10 11.38.24.477000000 AM','DD-MON-RR HH.MI.SS.FF AM'));
Insert into HIGHSPEEDDTL (TESTSTEP,TIMEINMIN,SPEED,TOTMILES,LOAD,LOADPERCENT,SETINFLATION,AMBTEMP,INFPRESSURE,STEPCOMPLETIONDATE,HIGHSPEEDID,CREATEDBY,CREATEDON,MODIFIEDBY,MODIFIEDON) values (4,14,26,null,16,64,null,29,null,to_timestamp('26-AUG-10 12.00.00.000000000 AM','DD-MON-RR HH.MI.SS.FF AM'),4,'IIS APPPOOL\DefaultAppPool',to_timestamp('04-SEP-10 11.38.24.478000000 AM','DD-MON-RR HH.MI.SS.FF AM'),'ICSDEV',to_timestamp('04-SEP-10 11.38.24.478000000 AM','DD-MON-RR HH.MI.SS.FF AM'));
Insert into HIGHSPEEDDTL (TESTSTEP,TIMEINMIN,SPEED,TOTMILES,LOAD,LOADPERCENT,SETINFLATION,AMBTEMP,INFPRESSURE,STEPCOMPLETIONDATE,HIGHSPEEDID,CREATEDBY,CREATEDON,MODIFIEDBY,MODIFIEDON) values (5,15,27,null,17,65,null,30,null,to_timestamp('27-AUG-10 12.00.00.000000000 AM','DD-MON-RR HH.MI.SS.FF AM'),4,'IIS APPPOOL\DefaultAppPool',to_timestamp('04-SEP-10 11.38.24.479000000 AM','DD-MON-RR HH.MI.SS.FF AM'),'ICSDEV',to_timestamp('04-SEP-10 11.38.24.479000000 AM','DD-MON-RR HH.MI.SS.FF AM'));
Insert into HIGHSPEEDDTL (TESTSTEP,TIMEINMIN,SPEED,TOTMILES,LOAD,LOADPERCENT,SETINFLATION,AMBTEMP,INFPRESSURE,STEPCOMPLETIONDATE,HIGHSPEEDID,CREATEDBY,CREATEDON,MODIFIEDBY,MODIFIEDON) values (null,null,null,null,null,null,null,25,150,to_timestamp('22-AUG-10 12.00.00.000000000 AM','DD-MON-RR HH.MI.SS.FF AM'),5,'IIS APPPOOL\DefaultAppPool',to_timestamp('04-SEP-10 11.39.12.950000000 AM','DD-MON-RR HH.MI.SS.FF AM'),'ICSDEV',to_timestamp('04-SEP-10 11.39.12.950000000 AM','DD-MON-RR HH.MI.SS.FF AM'));
Insert into HIGHSPEEDDTL (TESTSTEP,TIMEINMIN,SPEED,TOTMILES,LOAD,LOADPERCENT,SETINFLATION,AMBTEMP,INFPRESSURE,STEPCOMPLETIONDATE,HIGHSPEEDID,CREATEDBY,CREATEDON,MODIFIEDBY,MODIFIEDON) values (1,11,23,null,13,61,null,26,null,to_timestamp('23-AUG-10 12.00.00.000000000 AM','DD-MON-RR HH.MI.SS.FF AM'),5,'IIS APPPOOL\DefaultAppPool',to_timestamp('04-SEP-10 11.39.12.951000000 AM','DD-MON-RR HH.MI.SS.FF AM'),'ICSDEV',to_timestamp('04-SEP-10 11.39.12.951000000 AM','DD-MON-RR HH.MI.SS.FF AM'));
Insert into HIGHSPEEDDTL (TESTSTEP,TIMEINMIN,SPEED,TOTMILES,LOAD,LOADPERCENT,SETINFLATION,AMBTEMP,INFPRESSURE,STEPCOMPLETIONDATE,HIGHSPEEDID,CREATEDBY,CREATEDON,MODIFIEDBY,MODIFIEDON) values (2,12,24,null,14,62,null,27,null,to_timestamp('24-AUG-10 12.00.00.000000000 AM','DD-MON-RR HH.MI.SS.FF AM'),5,'IIS APPPOOL\DefaultAppPool',to_timestamp('04-SEP-10 11.39.12.952000000 AM','DD-MON-RR HH.MI.SS.FF AM'),'ICSDEV',to_timestamp('04-SEP-10 11.39.12.952000000 AM','DD-MON-RR HH.MI.SS.FF AM'));
Insert into HIGHSPEEDDTL (TESTSTEP,TIMEINMIN,SPEED,TOTMILES,LOAD,LOADPERCENT,SETINFLATION,AMBTEMP,INFPRESSURE,STEPCOMPLETIONDATE,HIGHSPEEDID,CREATEDBY,CREATEDON,MODIFIEDBY,MODIFIEDON) values (3,13,25,null,15,63,null,28,null,to_timestamp('25-AUG-10 12.00.00.000000000 AM','DD-MON-RR HH.MI.SS.FF AM'),5,'IIS APPPOOL\DefaultAppPool',to_timestamp('04-SEP-10 11.39.12.953000000 AM','DD-MON-RR HH.MI.SS.FF AM'),'ICSDEV',to_timestamp('04-SEP-10 11.39.12.953000000 AM','DD-MON-RR HH.MI.SS.FF AM'));
Insert into HIGHSPEEDDTL (TESTSTEP,TIMEINMIN,SPEED,TOTMILES,LOAD,LOADPERCENT,SETINFLATION,AMBTEMP,INFPRESSURE,STEPCOMPLETIONDATE,HIGHSPEEDID,CREATEDBY,CREATEDON,MODIFIEDBY,MODIFIEDON) values (4,14,26,null,16,64,null,29,null,to_timestamp('26-AUG-10 12.00.00.000000000 AM','DD-MON-RR HH.MI.SS.FF AM'),5,'IIS APPPOOL\DefaultAppPool',to_timestamp('04-SEP-10 11.39.12.954000000 AM','DD-MON-RR HH.MI.SS.FF AM'),'ICSDEV',to_timestamp('04-SEP-10 11.39.12.954000000 AM','DD-MON-RR HH.MI.SS.FF AM'));
Insert into HIGHSPEEDDTL (TESTSTEP,TIMEINMIN,SPEED,TOTMILES,LOAD,LOADPERCENT,SETINFLATION,AMBTEMP,INFPRESSURE,STEPCOMPLETIONDATE,HIGHSPEEDID,CREATEDBY,CREATEDON,MODIFIEDBY,MODIFIEDON) values (5,15,27,null,17,65,null,30,null,to_timestamp('27-AUG-10 12.00.00.000000000 AM','DD-MON-RR HH.MI.SS.FF AM'),5,'IIS APPPOOL\DefaultAppPool',to_timestamp('04-SEP-10 11.39.12.955000000 AM','DD-MON-RR HH.MI.SS.FF AM'),'ICSDEV',to_timestamp('04-SEP-10 11.39.12.955000000 AM','DD-MON-RR HH.MI.SS.FF AM'));
Insert into HIGHSPEEDDTL (TESTSTEP,TIMEINMIN,SPEED,TOTMILES,LOAD,LOADPERCENT,SETINFLATION,AMBTEMP,INFPRESSURE,STEPCOMPLETIONDATE,HIGHSPEEDID,CREATEDBY,CREATEDON,MODIFIEDBY,MODIFIEDON) values (null,null,null,null,null,null,null,25,150,to_timestamp('22-AUG-10 12.00.00.000000000 AM','DD-MON-RR HH.MI.SS.FF AM'),6,'IIS APPPOOL\DefaultAppPool',to_timestamp('04-SEP-10 11.41.15.648000000 AM','DD-MON-RR HH.MI.SS.FF AM'),'ICSDEV',to_timestamp('04-SEP-10 11.41.15.648000000 AM','DD-MON-RR HH.MI.SS.FF AM'));
Insert into HIGHSPEEDDTL (TESTSTEP,TIMEINMIN,SPEED,TOTMILES,LOAD,LOADPERCENT,SETINFLATION,AMBTEMP,INFPRESSURE,STEPCOMPLETIONDATE,HIGHSPEEDID,CREATEDBY,CREATEDON,MODIFIEDBY,MODIFIEDON) values (1,11,23,null,13,61,null,26,null,to_timestamp('23-AUG-10 12.00.00.000000000 AM','DD-MON-RR HH.MI.SS.FF AM'),6,'IIS APPPOOL\DefaultAppPool',to_timestamp('04-SEP-10 11.41.15.649000000 AM','DD-MON-RR HH.MI.SS.FF AM'),'ICSDEV',to_timestamp('04-SEP-10 11.41.15.649000000 AM','DD-MON-RR HH.MI.SS.FF AM'));
Insert into HIGHSPEEDDTL (TESTSTEP,TIMEINMIN,SPEED,TOTMILES,LOAD,LOADPERCENT,SETINFLATION,AMBTEMP,INFPRESSURE,STEPCOMPLETIONDATE,HIGHSPEEDID,CREATEDBY,CREATEDON,MODIFIEDBY,MODIFIEDON) values (2,12,24,null,14,62,null,27,null,to_timestamp('24-AUG-10 12.00.00.000000000 AM','DD-MON-RR HH.MI.SS.FF AM'),6,'IIS APPPOOL\DefaultAppPool',to_timestamp('04-SEP-10 11.41.15.650000000 AM','DD-MON-RR HH.MI.SS.FF AM'),'ICSDEV',to_timestamp('04-SEP-10 11.41.15.650000000 AM','DD-MON-RR HH.MI.SS.FF AM'));
Insert into HIGHSPEEDDTL (TESTSTEP,TIMEINMIN,SPEED,TOTMILES,LOAD,LOADPERCENT,SETINFLATION,AMBTEMP,INFPRESSURE,STEPCOMPLETIONDATE,HIGHSPEEDID,CREATEDBY,CREATEDON,MODIFIEDBY,MODIFIEDON) values (3,13,25,null,15,63,null,28,null,to_timestamp('25-AUG-10 12.00.00.000000000 AM','DD-MON-RR HH.MI.SS.FF AM'),6,'IIS APPPOOL\DefaultAppPool',to_timestamp('04-SEP-10 11.41.15.651000000 AM','DD-MON-RR HH.MI.SS.FF AM'),'ICSDEV',to_timestamp('04-SEP-10 11.41.15.651000000 AM','DD-MON-RR HH.MI.SS.FF AM'));
Insert into HIGHSPEEDDTL (TESTSTEP,TIMEINMIN,SPEED,TOTMILES,LOAD,LOADPERCENT,SETINFLATION,AMBTEMP,INFPRESSURE,STEPCOMPLETIONDATE,HIGHSPEEDID,CREATEDBY,CREATEDON,MODIFIEDBY,MODIFIEDON) values (4,14,26,null,16,64,null,29,null,to_timestamp('26-AUG-10 12.00.00.000000000 AM','DD-MON-RR HH.MI.SS.FF AM'),6,'IIS APPPOOL\DefaultAppPool',to_timestamp('04-SEP-10 11.41.15.652000000 AM','DD-MON-RR HH.MI.SS.FF AM'),'ICSDEV',to_timestamp('04-SEP-10 11.41.15.652000000 AM','DD-MON-RR HH.MI.SS.FF AM'));
Insert into HIGHSPEEDDTL (TESTSTEP,TIMEINMIN,SPEED,TOTMILES,LOAD,LOADPERCENT,SETINFLATION,AMBTEMP,INFPRESSURE,STEPCOMPLETIONDATE,HIGHSPEEDID,CREATEDBY,CREATEDON,MODIFIEDBY,MODIFIEDON) values (5,15,27,null,17,65,null,30,null,to_timestamp('27-AUG-10 12.00.00.000000000 AM','DD-MON-RR HH.MI.SS.FF AM'),6,'IIS APPPOOL\DefaultAppPool',to_timestamp('04-SEP-10 11.41.15.654000000 AM','DD-MON-RR HH.MI.SS.FF AM'),'ICSDEV',to_timestamp('04-SEP-10 11.41.15.654000000 AM','DD-MON-RR HH.MI.SS.FF AM'));
Insert into HIGHSPEEDDTL (TESTSTEP,TIMEINMIN,SPEED,TOTMILES,LOAD,LOADPERCENT,SETINFLATION,AMBTEMP,INFPRESSURE,STEPCOMPLETIONDATE,HIGHSPEEDID,CREATEDBY,CREATEDON,MODIFIEDBY,MODIFIEDON) values (null,null,null,null,null,null,null,25,150,to_timestamp('22-AUG-10 12.00.00.000000000 AM','DD-MON-RR HH.MI.SS.FF AM'),7,'IIS APPPOOL\DefaultAppPool',to_timestamp('04-SEP-10 11.43.06.830000000 AM','DD-MON-RR HH.MI.SS.FF AM'),'ICSDEV',to_timestamp('04-SEP-10 11.43.06.830000000 AM','DD-MON-RR HH.MI.SS.FF AM'));
Insert into HIGHSPEEDDTL (TESTSTEP,TIMEINMIN,SPEED,TOTMILES,LOAD,LOADPERCENT,SETINFLATION,AMBTEMP,INFPRESSURE,STEPCOMPLETIONDATE,HIGHSPEEDID,CREATEDBY,CREATEDON,MODIFIEDBY,MODIFIEDON) values (1,11,23,null,13,61,null,26,null,to_timestamp('23-AUG-10 12.00.00.000000000 AM','DD-MON-RR HH.MI.SS.FF AM'),7,'IIS APPPOOL\DefaultAppPool',to_timestamp('04-SEP-10 11.43.06.831000000 AM','DD-MON-RR HH.MI.SS.FF AM'),'ICSDEV',to_timestamp('04-SEP-10 11.43.06.831000000 AM','DD-MON-RR HH.MI.SS.FF AM'));
Insert into HIGHSPEEDDTL (TESTSTEP,TIMEINMIN,SPEED,TOTMILES,LOAD,LOADPERCENT,SETINFLATION,AMBTEMP,INFPRESSURE,STEPCOMPLETIONDATE,HIGHSPEEDID,CREATEDBY,CREATEDON,MODIFIEDBY,MODIFIEDON) values (2,12,24,null,14,62,null,27,null,to_timestamp('24-AUG-10 12.00.00.000000000 AM','DD-MON-RR HH.MI.SS.FF AM'),7,'IIS APPPOOL\DefaultAppPool',to_timestamp('04-SEP-10 11.43.06.832000000 AM','DD-MON-RR HH.MI.SS.FF AM'),'ICSDEV',to_timestamp('04-SEP-10 11.43.06.832000000 AM','DD-MON-RR HH.MI.SS.FF AM'));
Insert into HIGHSPEEDDTL (TESTSTEP,TIMEINMIN,SPEED,TOTMILES,LOAD,LOADPERCENT,SETINFLATION,AMBTEMP,INFPRESSURE,STEPCOMPLETIONDATE,HIGHSPEEDID,CREATEDBY,CREATEDON,MODIFIEDBY,MODIFIEDON) values (3,13,25,null,15,63,null,28,null,to_timestamp('25-AUG-10 12.00.00.000000000 AM','DD-MON-RR HH.MI.SS.FF AM'),7,'IIS APPPOOL\DefaultAppPool',to_timestamp('04-SEP-10 11.43.06.833000000 AM','DD-MON-RR HH.MI.SS.FF AM'),'ICSDEV',to_timestamp('04-SEP-10 11.43.06.833000000 AM','DD-MON-RR HH.MI.SS.FF AM'));
Insert into HIGHSPEEDDTL (TESTSTEP,TIMEINMIN,SPEED,TOTMILES,LOAD,LOADPERCENT,SETINFLATION,AMBTEMP,INFPRESSURE,STEPCOMPLETIONDATE,HIGHSPEEDID,CREATEDBY,CREATEDON,MODIFIEDBY,MODIFIEDON) values (4,14,26,null,16,64,null,29,null,to_timestamp('26-AUG-10 12.00.00.000000000 AM','DD-MON-RR HH.MI.SS.FF AM'),7,'IIS APPPOOL\DefaultAppPool',to_timestamp('04-SEP-10 11.43.06.834000000 AM','DD-MON-RR HH.MI.SS.FF AM'),'ICSDEV',to_timestamp('04-SEP-10 11.43.06.834000000 AM','DD-MON-RR HH.MI.SS.FF AM'));
Insert into HIGHSPEEDDTL (TESTSTEP,TIMEINMIN,SPEED,TOTMILES,LOAD,LOADPERCENT,SETINFLATION,AMBTEMP,INFPRESSURE,STEPCOMPLETIONDATE,HIGHSPEEDID,CREATEDBY,CREATEDON,MODIFIEDBY,MODIFIEDON) values (5,15,27,null,17,65,null,30,null,to_timestamp('27-AUG-10 12.00.00.000000000 AM','DD-MON-RR HH.MI.SS.FF AM'),7,'IIS APPPOOL\DefaultAppPool',to_timestamp('04-SEP-10 11.43.06.835000000 AM','DD-MON-RR HH.MI.SS.FF AM'),'ICSDEV',to_timestamp('04-SEP-10 11.43.06.835000000 AM','DD-MON-RR HH.MI.SS.FF AM'));
Insert into HIGHSPEEDDTL (TESTSTEP,TIMEINMIN,SPEED,TOTMILES,LOAD,LOADPERCENT,SETINFLATION,AMBTEMP,INFPRESSURE,STEPCOMPLETIONDATE,HIGHSPEEDID,CREATEDBY,CREATEDON,MODIFIEDBY,MODIFIEDON) values (null,null,null,null,null,null,null,25,150,to_timestamp('22-AUG-10 12.00.00.000000000 AM','DD-MON-RR HH.MI.SS.FF AM'),8,'IIS APPPOOL\DefaultAppPool',to_timestamp('04-SEP-10 11.48.03.981000000 AM','DD-MON-RR HH.MI.SS.FF AM'),'ICSDEV',to_timestamp('04-SEP-10 11.48.03.981000000 AM','DD-MON-RR HH.MI.SS.FF AM'));
Insert into HIGHSPEEDDTL (TESTSTEP,TIMEINMIN,SPEED,TOTMILES,LOAD,LOADPERCENT,SETINFLATION,AMBTEMP,INFPRESSURE,STEPCOMPLETIONDATE,HIGHSPEEDID,CREATEDBY,CREATEDON,MODIFIEDBY,MODIFIEDON) values (1,11,23,null,13,61,null,26,null,to_timestamp('23-AUG-10 12.00.00.000000000 AM','DD-MON-RR HH.MI.SS.FF AM'),8,'IIS APPPOOL\DefaultAppPool',to_timestamp('04-SEP-10 11.48.03.983000000 AM','DD-MON-RR HH.MI.SS.FF AM'),'ICSDEV',to_timestamp('04-SEP-10 11.48.03.983000000 AM','DD-MON-RR HH.MI.SS.FF AM'));
Insert into HIGHSPEEDDTL (TESTSTEP,TIMEINMIN,SPEED,TOTMILES,LOAD,LOADPERCENT,SETINFLATION,AMBTEMP,INFPRESSURE,STEPCOMPLETIONDATE,HIGHSPEEDID,CREATEDBY,CREATEDON,MODIFIEDBY,MODIFIEDON) values (2,12,24,null,14,62,null,27,null,to_timestamp('24-AUG-10 12.00.00.000000000 AM','DD-MON-RR HH.MI.SS.FF AM'),8,'IIS APPPOOL\DefaultAppPool',to_timestamp('04-SEP-10 11.48.03.984000000 AM','DD-MON-RR HH.MI.SS.FF AM'),'ICSDEV',to_timestamp('04-SEP-10 11.48.03.984000000 AM','DD-MON-RR HH.MI.SS.FF AM'));
Insert into HIGHSPEEDDTL (TESTSTEP,TIMEINMIN,SPEED,TOTMILES,LOAD,LOADPERCENT,SETINFLATION,AMBTEMP,INFPRESSURE,STEPCOMPLETIONDATE,HIGHSPEEDID,CREATEDBY,CREATEDON,MODIFIEDBY,MODIFIEDON) values (3,13,25,null,15,63,null,28,null,to_timestamp('25-AUG-10 12.00.00.000000000 AM','DD-MON-RR HH.MI.SS.FF AM'),8,'IIS APPPOOL\DefaultAppPool',to_timestamp('04-SEP-10 11.48.03.985000000 AM','DD-MON-RR HH.MI.SS.FF AM'),'ICSDEV',to_timestamp('04-SEP-10 11.48.03.985000000 AM','DD-MON-RR HH.MI.SS.FF AM'));
Insert into HIGHSPEEDDTL (TESTSTEP,TIMEINMIN,SPEED,TOTMILES,LOAD,LOADPERCENT,SETINFLATION,AMBTEMP,INFPRESSURE,STEPCOMPLETIONDATE,HIGHSPEEDID,CREATEDBY,CREATEDON,MODIFIEDBY,MODIFIEDON) values (4,14,26,null,16,64,null,29,null,to_timestamp('26-AUG-10 12.00.00.000000000 AM','DD-MON-RR HH.MI.SS.FF AM'),8,'IIS APPPOOL\DefaultAppPool',to_timestamp('04-SEP-10 11.48.03.986000000 AM','DD-MON-RR HH.MI.SS.FF AM'),'ICSDEV',to_timestamp('04-SEP-10 11.48.03.986000000 AM','DD-MON-RR HH.MI.SS.FF AM'));
Insert into HIGHSPEEDDTL (TESTSTEP,TIMEINMIN,SPEED,TOTMILES,LOAD,LOADPERCENT,SETINFLATION,AMBTEMP,INFPRESSURE,STEPCOMPLETIONDATE,HIGHSPEEDID,CREATEDBY,CREATEDON,MODIFIEDBY,MODIFIEDON) values (5,15,27,null,17,65,null,30,null,to_timestamp('27-AUG-10 12.00.00.000000000 AM','DD-MON-RR HH.MI.SS.FF AM'),8,'IIS APPPOOL\DefaultAppPool',to_timestamp('04-SEP-10 11.48.03.987000000 AM','DD-MON-RR HH.MI.SS.FF AM'),'ICSDEV',to_timestamp('04-SEP-10 11.48.03.987000000 AM','DD-MON-RR HH.MI.SS.FF AM'));
Insert into HIGHSPEEDDTL (TESTSTEP,TIMEINMIN,SPEED,TOTMILES,LOAD,LOADPERCENT,SETINFLATION,AMBTEMP,INFPRESSURE,STEPCOMPLETIONDATE,HIGHSPEEDID,CREATEDBY,CREATEDON,MODIFIEDBY,MODIFIEDON) values (null,null,null,null,null,null,null,25,150,to_timestamp('22-AUG-10 12.00.00.000000000 AM','DD-MON-RR HH.MI.SS.FF AM'),9,'IIS APPPOOL\DefaultAppPool',to_timestamp('04-SEP-10 11.49.56.243000000 AM','DD-MON-RR HH.MI.SS.FF AM'),'ICSDEV',to_timestamp('04-SEP-10 11.49.56.243000000 AM','DD-MON-RR HH.MI.SS.FF AM'));
Insert into HIGHSPEEDDTL (TESTSTEP,TIMEINMIN,SPEED,TOTMILES,LOAD,LOADPERCENT,SETINFLATION,AMBTEMP,INFPRESSURE,STEPCOMPLETIONDATE,HIGHSPEEDID,CREATEDBY,CREATEDON,MODIFIEDBY,MODIFIEDON) values (1,11,23,null,13,61,null,26,null,to_timestamp('23-AUG-10 12.00.00.000000000 AM','DD-MON-RR HH.MI.SS.FF AM'),9,'IIS APPPOOL\DefaultAppPool',to_timestamp('04-SEP-10 11.49.56.244000000 AM','DD-MON-RR HH.MI.SS.FF AM'),'ICSDEV',to_timestamp('04-SEP-10 11.49.56.244000000 AM','DD-MON-RR HH.MI.SS.FF AM'));
Insert into HIGHSPEEDDTL (TESTSTEP,TIMEINMIN,SPEED,TOTMILES,LOAD,LOADPERCENT,SETINFLATION,AMBTEMP,INFPRESSURE,STEPCOMPLETIONDATE,HIGHSPEEDID,CREATEDBY,CREATEDON,MODIFIEDBY,MODIFIEDON) values (2,12,24,null,14,62,null,27,null,to_timestamp('24-AUG-10 12.00.00.000000000 AM','DD-MON-RR HH.MI.SS.FF AM'),9,'IIS APPPOOL\DefaultAppPool',to_timestamp('04-SEP-10 11.49.56.245000000 AM','DD-MON-RR HH.MI.SS.FF AM'),'ICSDEV',to_timestamp('04-SEP-10 11.49.56.245000000 AM','DD-MON-RR HH.MI.SS.FF AM'));
Insert into HIGHSPEEDDTL (TESTSTEP,TIMEINMIN,SPEED,TOTMILES,LOAD,LOADPERCENT,SETINFLATION,AMBTEMP,INFPRESSURE,STEPCOMPLETIONDATE,HIGHSPEEDID,CREATEDBY,CREATEDON,MODIFIEDBY,MODIFIEDON) values (3,13,25,null,15,63,null,28,null,to_timestamp('25-AUG-10 12.00.00.000000000 AM','DD-MON-RR HH.MI.SS.FF AM'),9,'IIS APPPOOL\DefaultAppPool',to_timestamp('04-SEP-10 11.49.56.246000000 AM','DD-MON-RR HH.MI.SS.FF AM'),'ICSDEV',to_timestamp('04-SEP-10 11.49.56.246000000 AM','DD-MON-RR HH.MI.SS.FF AM'));
Insert into HIGHSPEEDDTL (TESTSTEP,TIMEINMIN,SPEED,TOTMILES,LOAD,LOADPERCENT,SETINFLATION,AMBTEMP,INFPRESSURE,STEPCOMPLETIONDATE,HIGHSPEEDID,CREATEDBY,CREATEDON,MODIFIEDBY,MODIFIEDON) values (4,14,26,null,16,64,null,29,null,to_timestamp('26-AUG-10 12.00.00.000000000 AM','DD-MON-RR HH.MI.SS.FF AM'),9,'IIS APPPOOL\DefaultAppPool',to_timestamp('04-SEP-10 11.49.56.247000000 AM','DD-MON-RR HH.MI.SS.FF AM'),'ICSDEV',to_timestamp('04-SEP-10 11.49.56.247000000 AM','DD-MON-RR HH.MI.SS.FF AM'));
Insert into HIGHSPEEDDTL (TESTSTEP,TIMEINMIN,SPEED,TOTMILES,LOAD,LOADPERCENT,SETINFLATION,AMBTEMP,INFPRESSURE,STEPCOMPLETIONDATE,HIGHSPEEDID,CREATEDBY,CREATEDON,MODIFIEDBY,MODIFIEDON) values (5,15,27,null,17,65,null,30,null,to_timestamp('27-AUG-10 12.00.00.000000000 AM','DD-MON-RR HH.MI.SS.FF AM'),9,'IIS APPPOOL\DefaultAppPool',to_timestamp('04-SEP-10 11.49.56.248000000 AM','DD-MON-RR HH.MI.SS.FF AM'),'ICSDEV',to_timestamp('04-SEP-10 11.49.56.248000000 AM','DD-MON-RR HH.MI.SS.FF AM'));

---------------------------------------------------
--   END DATA FOR TABLE HIGHSPEEDDTL
---------------------------------------------------
---------------------------------------------------
--   DATA FOR TABLE TREADWEARDTL
--   FILTER = none used
---------------------------------------------------
REM INSERTING into TREADWEARDTL
Insert into TREADWEARDTL (TREADWEARID,WEARBARHEIGHT,ITERATION,CREATEDBY,CREATEDON,MODIFIEDBY,MODIFIEDON) values (1,6,1,'ICSDEV',to_timestamp('04-SEP-10 11.31.45.121000000 AM','DD-MON-RR HH.MI.SS.FF AM'),'ICSDEV',to_timestamp('04-SEP-10 11.31.45.121000000 AM','DD-MON-RR HH.MI.SS.FF AM'));
Insert into TREADWEARDTL (TREADWEARID,WEARBARHEIGHT,ITERATION,CREATEDBY,CREATEDON,MODIFIEDBY,MODIFIEDON) values (1,6,2,'ICSDEV',to_timestamp('04-SEP-10 11.31.45.123000000 AM','DD-MON-RR HH.MI.SS.FF AM'),'ICSDEV',to_timestamp('04-SEP-10 11.31.45.123000000 AM','DD-MON-RR HH.MI.SS.FF AM'));
Insert into TREADWEARDTL (TREADWEARID,WEARBARHEIGHT,ITERATION,CREATEDBY,CREATEDON,MODIFIEDBY,MODIFIEDON) values (1,8,3,'ICSDEV',to_timestamp('04-SEP-10 11.31.45.124000000 AM','DD-MON-RR HH.MI.SS.FF AM'),'ICSDEV',to_timestamp('04-SEP-10 11.31.45.124000000 AM','DD-MON-RR HH.MI.SS.FF AM'));
Insert into TREADWEARDTL (TREADWEARID,WEARBARHEIGHT,ITERATION,CREATEDBY,CREATEDON,MODIFIEDBY,MODIFIEDON) values (1,8,4,'ICSDEV',to_timestamp('04-SEP-10 11.31.45.125000000 AM','DD-MON-RR HH.MI.SS.FF AM'),'ICSDEV',to_timestamp('04-SEP-10 11.31.45.125000000 AM','DD-MON-RR HH.MI.SS.FF AM'));
Insert into TREADWEARDTL (TREADWEARID,WEARBARHEIGHT,ITERATION,CREATEDBY,CREATEDON,MODIFIEDBY,MODIFIEDON) values (1,10,5,'ICSDEV',to_timestamp('04-SEP-10 11.31.45.126000000 AM','DD-MON-RR HH.MI.SS.FF AM'),'ICSDEV',to_timestamp('04-SEP-10 11.31.45.126000000 AM','DD-MON-RR HH.MI.SS.FF AM'));
Insert into TREADWEARDTL (TREADWEARID,WEARBARHEIGHT,ITERATION,CREATEDBY,CREATEDON,MODIFIEDBY,MODIFIEDON) values (1,10,6,'ICSDEV',to_timestamp('04-SEP-10 11.31.45.127000000 AM','DD-MON-RR HH.MI.SS.FF AM'),'ICSDEV',to_timestamp('04-SEP-10 11.31.45.127000000 AM','DD-MON-RR HH.MI.SS.FF AM'));
Insert into TREADWEARDTL (TREADWEARID,WEARBARHEIGHT,ITERATION,CREATEDBY,CREATEDON,MODIFIEDBY,MODIFIEDON) values (2,6,1,'ICSDEV',to_timestamp('04-SEP-10 11.34.39.943000000 AM','DD-MON-RR HH.MI.SS.FF AM'),'ICSDEV',to_timestamp('04-SEP-10 11.34.39.943000000 AM','DD-MON-RR HH.MI.SS.FF AM'));
Insert into TREADWEARDTL (TREADWEARID,WEARBARHEIGHT,ITERATION,CREATEDBY,CREATEDON,MODIFIEDBY,MODIFIEDON) values (2,6,2,'ICSDEV',to_timestamp('04-SEP-10 11.34.39.944000000 AM','DD-MON-RR HH.MI.SS.FF AM'),'ICSDEV',to_timestamp('04-SEP-10 11.34.39.944000000 AM','DD-MON-RR HH.MI.SS.FF AM'));
Insert into TREADWEARDTL (TREADWEARID,WEARBARHEIGHT,ITERATION,CREATEDBY,CREATEDON,MODIFIEDBY,MODIFIEDON) values (2,8,3,'ICSDEV',to_timestamp('04-SEP-10 11.34.39.945000000 AM','DD-MON-RR HH.MI.SS.FF AM'),'ICSDEV',to_timestamp('04-SEP-10 11.34.39.945000000 AM','DD-MON-RR HH.MI.SS.FF AM'));
Insert into TREADWEARDTL (TREADWEARID,WEARBARHEIGHT,ITERATION,CREATEDBY,CREATEDON,MODIFIEDBY,MODIFIEDON) values (2,8,4,'ICSDEV',to_timestamp('04-SEP-10 11.34.39.946000000 AM','DD-MON-RR HH.MI.SS.FF AM'),'ICSDEV',to_timestamp('04-SEP-10 11.34.39.946000000 AM','DD-MON-RR HH.MI.SS.FF AM'));
Insert into TREADWEARDTL (TREADWEARID,WEARBARHEIGHT,ITERATION,CREATEDBY,CREATEDON,MODIFIEDBY,MODIFIEDON) values (2,10,5,'ICSDEV',to_timestamp('04-SEP-10 11.34.39.947000000 AM','DD-MON-RR HH.MI.SS.FF AM'),'ICSDEV',to_timestamp('04-SEP-10 11.34.39.947000000 AM','DD-MON-RR HH.MI.SS.FF AM'));
Insert into TREADWEARDTL (TREADWEARID,WEARBARHEIGHT,ITERATION,CREATEDBY,CREATEDON,MODIFIEDBY,MODIFIEDON) values (2,10,6,'ICSDEV',to_timestamp('04-SEP-10 11.34.39.948000000 AM','DD-MON-RR HH.MI.SS.FF AM'),'ICSDEV',to_timestamp('04-SEP-10 11.34.39.948000000 AM','DD-MON-RR HH.MI.SS.FF AM'));
Insert into TREADWEARDTL (TREADWEARID,WEARBARHEIGHT,ITERATION,CREATEDBY,CREATEDON,MODIFIEDBY,MODIFIEDON) values (3,6,1,'ICSDEV',to_timestamp('04-SEP-10 11.37.20.779000000 AM','DD-MON-RR HH.MI.SS.FF AM'),'ICSDEV',to_timestamp('04-SEP-10 11.37.20.779000000 AM','DD-MON-RR HH.MI.SS.FF AM'));
Insert into TREADWEARDTL (TREADWEARID,WEARBARHEIGHT,ITERATION,CREATEDBY,CREATEDON,MODIFIEDBY,MODIFIEDON) values (3,6,2,'ICSDEV',to_timestamp('04-SEP-10 11.37.20.780000000 AM','DD-MON-RR HH.MI.SS.FF AM'),'ICSDEV',to_timestamp('04-SEP-10 11.37.20.780000000 AM','DD-MON-RR HH.MI.SS.FF AM'));
Insert into TREADWEARDTL (TREADWEARID,WEARBARHEIGHT,ITERATION,CREATEDBY,CREATEDON,MODIFIEDBY,MODIFIEDON) values (3,8,3,'ICSDEV',to_timestamp('04-SEP-10 11.37.20.781000000 AM','DD-MON-RR HH.MI.SS.FF AM'),'ICSDEV',to_timestamp('04-SEP-10 11.37.20.781000000 AM','DD-MON-RR HH.MI.SS.FF AM'));
Insert into TREADWEARDTL (TREADWEARID,WEARBARHEIGHT,ITERATION,CREATEDBY,CREATEDON,MODIFIEDBY,MODIFIEDON) values (3,8,4,'ICSDEV',to_timestamp('04-SEP-10 11.37.20.782000000 AM','DD-MON-RR HH.MI.SS.FF AM'),'ICSDEV',to_timestamp('04-SEP-10 11.37.20.782000000 AM','DD-MON-RR HH.MI.SS.FF AM'));
Insert into TREADWEARDTL (TREADWEARID,WEARBARHEIGHT,ITERATION,CREATEDBY,CREATEDON,MODIFIEDBY,MODIFIEDON) values (3,10,5,'ICSDEV',to_timestamp('04-SEP-10 11.37.20.783000000 AM','DD-MON-RR HH.MI.SS.FF AM'),'ICSDEV',to_timestamp('04-SEP-10 11.37.20.783000000 AM','DD-MON-RR HH.MI.SS.FF AM'));
Insert into TREADWEARDTL (TREADWEARID,WEARBARHEIGHT,ITERATION,CREATEDBY,CREATEDON,MODIFIEDBY,MODIFIEDON) values (3,10,6,'ICSDEV',to_timestamp('04-SEP-10 11.37.20.784000000 AM','DD-MON-RR HH.MI.SS.FF AM'),'ICSDEV',to_timestamp('04-SEP-10 11.37.20.784000000 AM','DD-MON-RR HH.MI.SS.FF AM'));
Insert into TREADWEARDTL (TREADWEARID,WEARBARHEIGHT,ITERATION,CREATEDBY,CREATEDON,MODIFIEDBY,MODIFIEDON) values (4,6,1,'ICSDEV',to_timestamp('04-SEP-10 11.38.24.457000000 AM','DD-MON-RR HH.MI.SS.FF AM'),'ICSDEV',to_timestamp('04-SEP-10 11.38.24.457000000 AM','DD-MON-RR HH.MI.SS.FF AM'));
Insert into TREADWEARDTL (TREADWEARID,WEARBARHEIGHT,ITERATION,CREATEDBY,CREATEDON,MODIFIEDBY,MODIFIEDON) values (4,6,2,'ICSDEV',to_timestamp('04-SEP-10 11.38.24.458000000 AM','DD-MON-RR HH.MI.SS.FF AM'),'ICSDEV',to_timestamp('04-SEP-10 11.38.24.458000000 AM','DD-MON-RR HH.MI.SS.FF AM'));
Insert into TREADWEARDTL (TREADWEARID,WEARBARHEIGHT,ITERATION,CREATEDBY,CREATEDON,MODIFIEDBY,MODIFIEDON) values (4,8,3,'ICSDEV',to_timestamp('04-SEP-10 11.38.24.459000000 AM','DD-MON-RR HH.MI.SS.FF AM'),'ICSDEV',to_timestamp('04-SEP-10 11.38.24.459000000 AM','DD-MON-RR HH.MI.SS.FF AM'));
Insert into TREADWEARDTL (TREADWEARID,WEARBARHEIGHT,ITERATION,CREATEDBY,CREATEDON,MODIFIEDBY,MODIFIEDON) values (4,8,4,'ICSDEV',to_timestamp('04-SEP-10 11.38.24.460000000 AM','DD-MON-RR HH.MI.SS.FF AM'),'ICSDEV',to_timestamp('04-SEP-10 11.38.24.460000000 AM','DD-MON-RR HH.MI.SS.FF AM'));
Insert into TREADWEARDTL (TREADWEARID,WEARBARHEIGHT,ITERATION,CREATEDBY,CREATEDON,MODIFIEDBY,MODIFIEDON) values (4,10,5,'ICSDEV',to_timestamp('04-SEP-10 11.38.24.461000000 AM','DD-MON-RR HH.MI.SS.FF AM'),'ICSDEV',to_timestamp('04-SEP-10 11.38.24.461000000 AM','DD-MON-RR HH.MI.SS.FF AM'));
Insert into TREADWEARDTL (TREADWEARID,WEARBARHEIGHT,ITERATION,CREATEDBY,CREATEDON,MODIFIEDBY,MODIFIEDON) values (4,10,6,'ICSDEV',to_timestamp('04-SEP-10 11.38.24.462000000 AM','DD-MON-RR HH.MI.SS.FF AM'),'ICSDEV',to_timestamp('04-SEP-10 11.38.24.462000000 AM','DD-MON-RR HH.MI.SS.FF AM'));
Insert into TREADWEARDTL (TREADWEARID,WEARBARHEIGHT,ITERATION,CREATEDBY,CREATEDON,MODIFIEDBY,MODIFIEDON) values (5,6,1,'ICSDEV',to_timestamp('04-SEP-10 11.39.12.934000000 AM','DD-MON-RR HH.MI.SS.FF AM'),'ICSDEV',to_timestamp('04-SEP-10 11.39.12.934000000 AM','DD-MON-RR HH.MI.SS.FF AM'));
Insert into TREADWEARDTL (TREADWEARID,WEARBARHEIGHT,ITERATION,CREATEDBY,CREATEDON,MODIFIEDBY,MODIFIEDON) values (5,6,2,'ICSDEV',to_timestamp('04-SEP-10 11.39.12.934000000 AM','DD-MON-RR HH.MI.SS.FF AM'),'ICSDEV',to_timestamp('04-SEP-10 11.39.12.934000000 AM','DD-MON-RR HH.MI.SS.FF AM'));
Insert into TREADWEARDTL (TREADWEARID,WEARBARHEIGHT,ITERATION,CREATEDBY,CREATEDON,MODIFIEDBY,MODIFIEDON) values (5,8,3,'ICSDEV',to_timestamp('04-SEP-10 11.39.12.935000000 AM','DD-MON-RR HH.MI.SS.FF AM'),'ICSDEV',to_timestamp('04-SEP-10 11.39.12.935000000 AM','DD-MON-RR HH.MI.SS.FF AM'));
Insert into TREADWEARDTL (TREADWEARID,WEARBARHEIGHT,ITERATION,CREATEDBY,CREATEDON,MODIFIEDBY,MODIFIEDON) values (5,8,4,'ICSDEV',to_timestamp('04-SEP-10 11.39.12.936000000 AM','DD-MON-RR HH.MI.SS.FF AM'),'ICSDEV',to_timestamp('04-SEP-10 11.39.12.936000000 AM','DD-MON-RR HH.MI.SS.FF AM'));
Insert into TREADWEARDTL (TREADWEARID,WEARBARHEIGHT,ITERATION,CREATEDBY,CREATEDON,MODIFIEDBY,MODIFIEDON) values (5,10,5,'ICSDEV',to_timestamp('04-SEP-10 11.39.12.937000000 AM','DD-MON-RR HH.MI.SS.FF AM'),'ICSDEV',to_timestamp('04-SEP-10 11.39.12.937000000 AM','DD-MON-RR HH.MI.SS.FF AM'));
Insert into TREADWEARDTL (TREADWEARID,WEARBARHEIGHT,ITERATION,CREATEDBY,CREATEDON,MODIFIEDBY,MODIFIEDON) values (5,10,6,'ICSDEV',to_timestamp('04-SEP-10 11.39.12.938000000 AM','DD-MON-RR HH.MI.SS.FF AM'),'ICSDEV',to_timestamp('04-SEP-10 11.39.12.938000000 AM','DD-MON-RR HH.MI.SS.FF AM'));
Insert into TREADWEARDTL (TREADWEARID,WEARBARHEIGHT,ITERATION,CREATEDBY,CREATEDON,MODIFIEDBY,MODIFIEDON) values (6,6,1,'ICSDEV',to_timestamp('04-SEP-10 11.41.15.632000000 AM','DD-MON-RR HH.MI.SS.FF AM'),'ICSDEV',to_timestamp('04-SEP-10 11.41.15.632000000 AM','DD-MON-RR HH.MI.SS.FF AM'));
Insert into TREADWEARDTL (TREADWEARID,WEARBARHEIGHT,ITERATION,CREATEDBY,CREATEDON,MODIFIEDBY,MODIFIEDON) values (6,6,2,'ICSDEV',to_timestamp('04-SEP-10 11.41.15.633000000 AM','DD-MON-RR HH.MI.SS.FF AM'),'ICSDEV',to_timestamp('04-SEP-10 11.41.15.633000000 AM','DD-MON-RR HH.MI.SS.FF AM'));
Insert into TREADWEARDTL (TREADWEARID,WEARBARHEIGHT,ITERATION,CREATEDBY,CREATEDON,MODIFIEDBY,MODIFIEDON) values (6,8,3,'ICSDEV',to_timestamp('04-SEP-10 11.41.15.634000000 AM','DD-MON-RR HH.MI.SS.FF AM'),'ICSDEV',to_timestamp('04-SEP-10 11.41.15.634000000 AM','DD-MON-RR HH.MI.SS.FF AM'));
Insert into TREADWEARDTL (TREADWEARID,WEARBARHEIGHT,ITERATION,CREATEDBY,CREATEDON,MODIFIEDBY,MODIFIEDON) values (6,8,4,'ICSDEV',to_timestamp('04-SEP-10 11.41.15.635000000 AM','DD-MON-RR HH.MI.SS.FF AM'),'ICSDEV',to_timestamp('04-SEP-10 11.41.15.635000000 AM','DD-MON-RR HH.MI.SS.FF AM'));
Insert into TREADWEARDTL (TREADWEARID,WEARBARHEIGHT,ITERATION,CREATEDBY,CREATEDON,MODIFIEDBY,MODIFIEDON) values (6,10,5,'ICSDEV',to_timestamp('04-SEP-10 11.41.15.636000000 AM','DD-MON-RR HH.MI.SS.FF AM'),'ICSDEV',to_timestamp('04-SEP-10 11.41.15.636000000 AM','DD-MON-RR HH.MI.SS.FF AM'));
Insert into TREADWEARDTL (TREADWEARID,WEARBARHEIGHT,ITERATION,CREATEDBY,CREATEDON,MODIFIEDBY,MODIFIEDON) values (6,10,6,'ICSDEV',to_timestamp('04-SEP-10 11.41.15.637000000 AM','DD-MON-RR HH.MI.SS.FF AM'),'ICSDEV',to_timestamp('04-SEP-10 11.41.15.637000000 AM','DD-MON-RR HH.MI.SS.FF AM'));
Insert into TREADWEARDTL (TREADWEARID,WEARBARHEIGHT,ITERATION,CREATEDBY,CREATEDON,MODIFIEDBY,MODIFIEDON) values (7,6,1,'ICSDEV',to_timestamp('04-SEP-10 11.43.06.813000000 AM','DD-MON-RR HH.MI.SS.FF AM'),'ICSDEV',to_timestamp('04-SEP-10 11.43.06.813000000 AM','DD-MON-RR HH.MI.SS.FF AM'));
Insert into TREADWEARDTL (TREADWEARID,WEARBARHEIGHT,ITERATION,CREATEDBY,CREATEDON,MODIFIEDBY,MODIFIEDON) values (7,6,2,'ICSDEV',to_timestamp('04-SEP-10 11.43.06.814000000 AM','DD-MON-RR HH.MI.SS.FF AM'),'ICSDEV',to_timestamp('04-SEP-10 11.43.06.814000000 AM','DD-MON-RR HH.MI.SS.FF AM'));
Insert into TREADWEARDTL (TREADWEARID,WEARBARHEIGHT,ITERATION,CREATEDBY,CREATEDON,MODIFIEDBY,MODIFIEDON) values (7,8,3,'ICSDEV',to_timestamp('04-SEP-10 11.43.06.815000000 AM','DD-MON-RR HH.MI.SS.FF AM'),'ICSDEV',to_timestamp('04-SEP-10 11.43.06.815000000 AM','DD-MON-RR HH.MI.SS.FF AM'));
Insert into TREADWEARDTL (TREADWEARID,WEARBARHEIGHT,ITERATION,CREATEDBY,CREATEDON,MODIFIEDBY,MODIFIEDON) values (7,8,4,'ICSDEV',to_timestamp('04-SEP-10 11.43.06.816000000 AM','DD-MON-RR HH.MI.SS.FF AM'),'ICSDEV',to_timestamp('04-SEP-10 11.43.06.816000000 AM','DD-MON-RR HH.MI.SS.FF AM'));
Insert into TREADWEARDTL (TREADWEARID,WEARBARHEIGHT,ITERATION,CREATEDBY,CREATEDON,MODIFIEDBY,MODIFIEDON) values (7,10,5,'ICSDEV',to_timestamp('04-SEP-10 11.43.06.817000000 AM','DD-MON-RR HH.MI.SS.FF AM'),'ICSDEV',to_timestamp('04-SEP-10 11.43.06.817000000 AM','DD-MON-RR HH.MI.SS.FF AM'));
Insert into TREADWEARDTL (TREADWEARID,WEARBARHEIGHT,ITERATION,CREATEDBY,CREATEDON,MODIFIEDBY,MODIFIEDON) values (7,10,6,'ICSDEV',to_timestamp('04-SEP-10 11.43.06.818000000 AM','DD-MON-RR HH.MI.SS.FF AM'),'ICSDEV',to_timestamp('04-SEP-10 11.43.06.818000000 AM','DD-MON-RR HH.MI.SS.FF AM'));
Insert into TREADWEARDTL (TREADWEARID,WEARBARHEIGHT,ITERATION,CREATEDBY,CREATEDON,MODIFIEDBY,MODIFIEDON) values (8,6,1,'ICSDEV',to_timestamp('04-SEP-10 11.48.03.954000000 AM','DD-MON-RR HH.MI.SS.FF AM'),'ICSDEV',to_timestamp('04-SEP-10 11.48.03.954000000 AM','DD-MON-RR HH.MI.SS.FF AM'));
Insert into TREADWEARDTL (TREADWEARID,WEARBARHEIGHT,ITERATION,CREATEDBY,CREATEDON,MODIFIEDBY,MODIFIEDON) values (8,6,2,'ICSDEV',to_timestamp('04-SEP-10 11.48.03.955000000 AM','DD-MON-RR HH.MI.SS.FF AM'),'ICSDEV',to_timestamp('04-SEP-10 11.48.03.955000000 AM','DD-MON-RR HH.MI.SS.FF AM'));
Insert into TREADWEARDTL (TREADWEARID,WEARBARHEIGHT,ITERATION,CREATEDBY,CREATEDON,MODIFIEDBY,MODIFIEDON) values (8,8,3,'ICSDEV',to_timestamp('04-SEP-10 11.48.03.956000000 AM','DD-MON-RR HH.MI.SS.FF AM'),'ICSDEV',to_timestamp('04-SEP-10 11.48.03.956000000 AM','DD-MON-RR HH.MI.SS.FF AM'));
Insert into TREADWEARDTL (TREADWEARID,WEARBARHEIGHT,ITERATION,CREATEDBY,CREATEDON,MODIFIEDBY,MODIFIEDON) values (8,8,4,'ICSDEV',to_timestamp('04-SEP-10 11.48.03.957000000 AM','DD-MON-RR HH.MI.SS.FF AM'),'ICSDEV',to_timestamp('04-SEP-10 11.48.03.957000000 AM','DD-MON-RR HH.MI.SS.FF AM'));
Insert into TREADWEARDTL (TREADWEARID,WEARBARHEIGHT,ITERATION,CREATEDBY,CREATEDON,MODIFIEDBY,MODIFIEDON) values (8,10,5,'ICSDEV',to_timestamp('04-SEP-10 11.48.03.958000000 AM','DD-MON-RR HH.MI.SS.FF AM'),'ICSDEV',to_timestamp('04-SEP-10 11.48.03.958000000 AM','DD-MON-RR HH.MI.SS.FF AM'));
Insert into TREADWEARDTL (TREADWEARID,WEARBARHEIGHT,ITERATION,CREATEDBY,CREATEDON,MODIFIEDBY,MODIFIEDON) values (8,10,6,'ICSDEV',to_timestamp('04-SEP-10 11.48.03.959000000 AM','DD-MON-RR HH.MI.SS.FF AM'),'ICSDEV',to_timestamp('04-SEP-10 11.48.03.959000000 AM','DD-MON-RR HH.MI.SS.FF AM'));
Insert into TREADWEARDTL (TREADWEARID,WEARBARHEIGHT,ITERATION,CREATEDBY,CREATEDON,MODIFIEDBY,MODIFIEDON) values (9,6,1,'ICSDEV',to_timestamp('04-SEP-10 11.49.56.227000000 AM','DD-MON-RR HH.MI.SS.FF AM'),'ICSDEV',to_timestamp('04-SEP-10 11.49.56.227000000 AM','DD-MON-RR HH.MI.SS.FF AM'));
Insert into TREADWEARDTL (TREADWEARID,WEARBARHEIGHT,ITERATION,CREATEDBY,CREATEDON,MODIFIEDBY,MODIFIEDON) values (9,6,2,'ICSDEV',to_timestamp('04-SEP-10 11.49.56.228000000 AM','DD-MON-RR HH.MI.SS.FF AM'),'ICSDEV',to_timestamp('04-SEP-10 11.49.56.228000000 AM','DD-MON-RR HH.MI.SS.FF AM'));
Insert into TREADWEARDTL (TREADWEARID,WEARBARHEIGHT,ITERATION,CREATEDBY,CREATEDON,MODIFIEDBY,MODIFIEDON) values (9,8,3,'ICSDEV',to_timestamp('04-SEP-10 11.49.56.229000000 AM','DD-MON-RR HH.MI.SS.FF AM'),'ICSDEV',to_timestamp('04-SEP-10 11.49.56.229000000 AM','DD-MON-RR HH.MI.SS.FF AM'));
Insert into TREADWEARDTL (TREADWEARID,WEARBARHEIGHT,ITERATION,CREATEDBY,CREATEDON,MODIFIEDBY,MODIFIEDON) values (9,8,4,'ICSDEV',to_timestamp('04-SEP-10 11.49.56.230000000 AM','DD-MON-RR HH.MI.SS.FF AM'),'ICSDEV',to_timestamp('04-SEP-10 11.49.56.230000000 AM','DD-MON-RR HH.MI.SS.FF AM'));
Insert into TREADWEARDTL (TREADWEARID,WEARBARHEIGHT,ITERATION,CREATEDBY,CREATEDON,MODIFIEDBY,MODIFIEDON) values (9,10,5,'ICSDEV',to_timestamp('04-SEP-10 11.49.56.231000000 AM','DD-MON-RR HH.MI.SS.FF AM'),'ICSDEV',to_timestamp('04-SEP-10 11.49.56.231000000 AM','DD-MON-RR HH.MI.SS.FF AM'));
Insert into TREADWEARDTL (TREADWEARID,WEARBARHEIGHT,ITERATION,CREATEDBY,CREATEDON,MODIFIEDBY,MODIFIEDON) values (9,10,6,'ICSDEV',to_timestamp('04-SEP-10 11.49.56.232000000 AM','DD-MON-RR HH.MI.SS.FF AM'),'ICSDEV',to_timestamp('04-SEP-10 11.49.56.232000000 AM','DD-MON-RR HH.MI.SS.FF AM'));

---------------------------------------------------
--   END DATA FOR TABLE TREADWEARDTL
---------------------------------------------------

---------------------------------------------------
--   DATA FOR TABLE MEASUREHDR
--   FILTER = none used
---------------------------------------------------
REM INSERTING into MEASUREHDR
Insert into MEASUREHDR (MEASUREID,PROJECTNUMBER,TIRENUMBER,TESTSPEC,COMPLETIONDATE,INFLATIONPRESSURE,MOLDDESIGN,RIMWIDTH,DOTSERIALNUMBER,DIAMETER,AVGSECTIONWIDTH,AVGOVERALLWIDTH,MAXOVERALLWIDTH,SIZEFACTOR,MOUNTTIME,MOUNTTEMP,SERIALDATE,ENDTIME,ACTSIZEFACTOR,CERTIFICATIONTYPEID,CERTIFICATENUMBER,SKUID,CREATEDBY,CREATEDON,MODIFIEDBY,MODIFIEDON) values (1,'MProj1',1,'MTest1',to_timestamp('04-SEP-10 12.00.00.000000000 AM','DD-MON-RR HH.MI.SS.FF AM'),2,null,null,null,4,null,5,null,8,to_timestamp('04-SEP-10 11.30.00.000000000 AM','DD-MON-RR HH.MI.SS.FF AM'),null,null,null,2,1,'ecert001',391,'ICSDEV',to_timestamp('04-SEP-10 11.31.45.037000000 AM','DD-MON-RR HH.MI.SS.FF AM'),'ICSDEV',to_timestamp('04-SEP-10 11.31.45.037000000 AM','DD-MON-RR HH.MI.SS.FF AM'));
Insert into MEASUREHDR (MEASUREID,PROJECTNUMBER,TIRENUMBER,TESTSPEC,COMPLETIONDATE,INFLATIONPRESSURE,MOLDDESIGN,RIMWIDTH,DOTSERIALNUMBER,DIAMETER,AVGSECTIONWIDTH,AVGOVERALLWIDTH,MAXOVERALLWIDTH,SIZEFACTOR,MOUNTTIME,MOUNTTEMP,SERIALDATE,ENDTIME,ACTSIZEFACTOR,CERTIFICATIONTYPEID,CERTIFICATENUMBER,SKUID,CREATEDBY,CREATEDON,MODIFIEDBY,MODIFIEDON) values (2,'MProj1',1,'MTest1',to_timestamp('04-SEP-10 12.00.00.000000000 AM','DD-MON-RR HH.MI.SS.FF AM'),2,null,null,null,4,null,5,null,8,to_timestamp('04-SEP-10 11.34.00.000000000 AM','DD-MON-RR HH.MI.SS.FF AM'),null,null,null,2,2,'GSO-001',391,'ICSDEV',to_timestamp('04-SEP-10 11.34.39.817000000 AM','DD-MON-RR HH.MI.SS.FF AM'),'ICSDEV',to_timestamp('04-SEP-10 11.34.39.817000000 AM','DD-MON-RR HH.MI.SS.FF AM'));
Insert into MEASUREHDR (MEASUREID,PROJECTNUMBER,TIRENUMBER,TESTSPEC,COMPLETIONDATE,INFLATIONPRESSURE,MOLDDESIGN,RIMWIDTH,DOTSERIALNUMBER,DIAMETER,AVGSECTIONWIDTH,AVGOVERALLWIDTH,MAXOVERALLWIDTH,SIZEFACTOR,MOUNTTIME,MOUNTTEMP,SERIALDATE,ENDTIME,ACTSIZEFACTOR,CERTIFICATIONTYPEID,CERTIFICATENUMBER,SKUID,CREATEDBY,CREATEDON,MODIFIEDBY,MODIFIEDON) values (3,'MProj1',1,'MTest1',to_timestamp('04-SEP-10 12.00.00.000000000 AM','DD-MON-RR HH.MI.SS.FF AM'),2,null,null,null,4,null,5,null,8,to_timestamp('04-SEP-10 11.37.00.000000000 AM','DD-MON-RR HH.MI.SS.FF AM'),null,null,null,2,3,'Nom001',391,'ICSDEV',to_timestamp('04-SEP-10 11.37.20.759000000 AM','DD-MON-RR HH.MI.SS.FF AM'),'ICSDEV',to_timestamp('04-SEP-10 11.37.20.759000000 AM','DD-MON-RR HH.MI.SS.FF AM'));
Insert into MEASUREHDR (MEASUREID,PROJECTNUMBER,TIRENUMBER,TESTSPEC,COMPLETIONDATE,INFLATIONPRESSURE,MOLDDESIGN,RIMWIDTH,DOTSERIALNUMBER,DIAMETER,AVGSECTIONWIDTH,AVGOVERALLWIDTH,MAXOVERALLWIDTH,SIZEFACTOR,MOUNTTIME,MOUNTTEMP,SERIALDATE,ENDTIME,ACTSIZEFACTOR,CERTIFICATIONTYPEID,CERTIFICATENUMBER,SKUID,CREATEDBY,CREATEDON,MODIFIEDBY,MODIFIEDON) values (4,'MProj1',1,'MTest1',to_timestamp('04-SEP-10 12.00.00.000000000 AM','DD-MON-RR HH.MI.SS.FF AM'),2,null,null,null,4,null,5,null,8,to_timestamp('04-SEP-10 11.37.00.000000000 AM','DD-MON-RR HH.MI.SS.FF AM'),null,null,null,2,1,'Ecert001',392,'ICSDEV',to_timestamp('04-SEP-10 11.38.24.439000000 AM','DD-MON-RR HH.MI.SS.FF AM'),'ICSDEV',to_timestamp('04-SEP-10 11.38.24.439000000 AM','DD-MON-RR HH.MI.SS.FF AM'));
Insert into MEASUREHDR (MEASUREID,PROJECTNUMBER,TIRENUMBER,TESTSPEC,COMPLETIONDATE,INFLATIONPRESSURE,MOLDDESIGN,RIMWIDTH,DOTSERIALNUMBER,DIAMETER,AVGSECTIONWIDTH,AVGOVERALLWIDTH,MAXOVERALLWIDTH,SIZEFACTOR,MOUNTTIME,MOUNTTEMP,SERIALDATE,ENDTIME,ACTSIZEFACTOR,CERTIFICATIONTYPEID,CERTIFICATENUMBER,SKUID,CREATEDBY,CREATEDON,MODIFIEDBY,MODIFIEDON) values (5,'MProj1',1,'MTest1',to_timestamp('04-SEP-10 12.00.00.000000000 AM','DD-MON-RR HH.MI.SS.FF AM'),2,null,null,null,4,null,5,null,8,to_timestamp('04-SEP-10 11.39.00.000000000 AM','DD-MON-RR HH.MI.SS.FF AM'),null,null,null,2,2,'GSO002',392,'ICSDEV',to_timestamp('04-SEP-10 11.39.12.915000000 AM','DD-MON-RR HH.MI.SS.FF AM'),'ICSDEV',to_timestamp('04-SEP-10 11.39.12.915000000 AM','DD-MON-RR HH.MI.SS.FF AM'));
Insert into MEASUREHDR (MEASUREID,PROJECTNUMBER,TIRENUMBER,TESTSPEC,COMPLETIONDATE,INFLATIONPRESSURE,MOLDDESIGN,RIMWIDTH,DOTSERIALNUMBER,DIAMETER,AVGSECTIONWIDTH,AVGOVERALLWIDTH,MAXOVERALLWIDTH,SIZEFACTOR,MOUNTTIME,MOUNTTEMP,SERIALDATE,ENDTIME,ACTSIZEFACTOR,CERTIFICATIONTYPEID,CERTIFICATENUMBER,SKUID,CREATEDBY,CREATEDON,MODIFIEDBY,MODIFIEDON) values (6,'MProj1',1,'MTest1',to_timestamp('04-SEP-10 12.00.00.000000000 AM','DD-MON-RR HH.MI.SS.FF AM'),2,null,null,null,4,null,5,null,8,to_timestamp('04-SEP-10 11.41.00.000000000 AM','DD-MON-RR HH.MI.SS.FF AM'),null,null,null,2,3,'Nom003',392,'ICSDEV',to_timestamp('04-SEP-10 11.41.15.613000000 AM','DD-MON-RR HH.MI.SS.FF AM'),'ICSDEV',to_timestamp('04-SEP-10 11.41.15.613000000 AM','DD-MON-RR HH.MI.SS.FF AM'));
Insert into MEASUREHDR (MEASUREID,PROJECTNUMBER,TIRENUMBER,TESTSPEC,COMPLETIONDATE,INFLATIONPRESSURE,MOLDDESIGN,RIMWIDTH,DOTSERIALNUMBER,DIAMETER,AVGSECTIONWIDTH,AVGOVERALLWIDTH,MAXOVERALLWIDTH,SIZEFACTOR,MOUNTTIME,MOUNTTEMP,SERIALDATE,ENDTIME,ACTSIZEFACTOR,CERTIFICATIONTYPEID,CERTIFICATENUMBER,SKUID,CREATEDBY,CREATEDON,MODIFIEDBY,MODIFIEDON) values (7,'MProj1',1,'MTest1',to_timestamp('04-SEP-10 12.00.00.000000000 AM','DD-MON-RR HH.MI.SS.FF AM'),2,null,null,null,4,null,5,null,8,to_timestamp('04-SEP-10 11.42.00.000000000 AM','DD-MON-RR HH.MI.SS.FF AM'),null,null,null,2,1,'Ecert003',393,'ICSDEV',to_timestamp('04-SEP-10 11.43.06.794000000 AM','DD-MON-RR HH.MI.SS.FF AM'),'ICSDEV',to_timestamp('04-SEP-10 11.43.06.794000000 AM','DD-MON-RR HH.MI.SS.FF AM'));
Insert into MEASUREHDR (MEASUREID,PROJECTNUMBER,TIRENUMBER,TESTSPEC,COMPLETIONDATE,INFLATIONPRESSURE,MOLDDESIGN,RIMWIDTH,DOTSERIALNUMBER,DIAMETER,AVGSECTIONWIDTH,AVGOVERALLWIDTH,MAXOVERALLWIDTH,SIZEFACTOR,MOUNTTIME,MOUNTTEMP,SERIALDATE,ENDTIME,ACTSIZEFACTOR,CERTIFICATIONTYPEID,CERTIFICATENUMBER,SKUID,CREATEDBY,CREATEDON,MODIFIEDBY,MODIFIEDON) values (8,'MProj1',1,'MTest1',to_timestamp('04-SEP-10 12.00.00.000000000 AM','DD-MON-RR HH.MI.SS.FF AM'),2,null,null,null,4,null,5,null,8,to_timestamp('04-SEP-10 11.48.00.000000000 AM','DD-MON-RR HH.MI.SS.FF AM'),null,null,null,2,2,'GSO-003',393,'ICSDEV',to_timestamp('04-SEP-10 11.48.03.923000000 AM','DD-MON-RR HH.MI.SS.FF AM'),'ICSDEV',to_timestamp('04-SEP-10 11.48.03.923000000 AM','DD-MON-RR HH.MI.SS.FF AM'));
Insert into MEASUREHDR (MEASUREID,PROJECTNUMBER,TIRENUMBER,TESTSPEC,COMPLETIONDATE,INFLATIONPRESSURE,MOLDDESIGN,RIMWIDTH,DOTSERIALNUMBER,DIAMETER,AVGSECTIONWIDTH,AVGOVERALLWIDTH,MAXOVERALLWIDTH,SIZEFACTOR,MOUNTTIME,MOUNTTEMP,SERIALDATE,ENDTIME,ACTSIZEFACTOR,CERTIFICATIONTYPEID,CERTIFICATENUMBER,SKUID,CREATEDBY,CREATEDON,MODIFIEDBY,MODIFIEDON) values (9,'MProj1',1,'MTest1',to_timestamp('04-SEP-10 12.00.00.000000000 AM','DD-MON-RR HH.MI.SS.FF AM'),2,null,null,null,4,null,5,null,8,to_timestamp('04-SEP-10 11.49.00.000000000 AM','DD-MON-RR HH.MI.SS.FF AM'),null,null,null,2,3,'Nom003',393,'ICSDEV',to_timestamp('04-SEP-10 11.49.56.208000000 AM','DD-MON-RR HH.MI.SS.FF AM'),'ICSDEV',to_timestamp('04-SEP-10 11.49.56.208000000 AM','DD-MON-RR HH.MI.SS.FF AM'));

---------------------------------------------------
--   END DATA FOR TABLE MEASUREHDR
---------------------------------------------------


---------------------------------------------------
--   DATA FOR TABLE MEASUREDTL
--   FILTER = none used
---------------------------------------------------
REM INSERTING into MEASUREDTL
Insert into MEASUREDTL (MEASUREID,SECTIONWIDTH,OVERALLWIDTH,ITERATION,CREATEDBY,CREATEDON,MODIFIEDBY,MODIFIEDON) values (1,4,21,1,'ICSDEV',to_timestamp('04-SEP-10 11.31.45.050000000 AM','DD-MON-RR HH.MI.SS.FF AM'),'ICSDEV',to_timestamp('04-SEP-10 11.31.45.050000000 AM','DD-MON-RR HH.MI.SS.FF AM'));
Insert into MEASUREDTL (MEASUREID,SECTIONWIDTH,OVERALLWIDTH,ITERATION,CREATEDBY,CREATEDON,MODIFIEDBY,MODIFIEDON) values (1,5,22,2,'ICSDEV',to_timestamp('04-SEP-10 11.31.45.051000000 AM','DD-MON-RR HH.MI.SS.FF AM'),'ICSDEV',to_timestamp('04-SEP-10 11.31.45.051000000 AM','DD-MON-RR HH.MI.SS.FF AM'));
Insert into MEASUREDTL (MEASUREID,SECTIONWIDTH,OVERALLWIDTH,ITERATION,CREATEDBY,CREATEDON,MODIFIEDBY,MODIFIEDON) values (1,6,23,3,'ICSDEV',to_timestamp('04-SEP-10 11.31.45.052000000 AM','DD-MON-RR HH.MI.SS.FF AM'),'ICSDEV',to_timestamp('04-SEP-10 11.31.45.052000000 AM','DD-MON-RR HH.MI.SS.FF AM'));
Insert into MEASUREDTL (MEASUREID,SECTIONWIDTH,OVERALLWIDTH,ITERATION,CREATEDBY,CREATEDON,MODIFIEDBY,MODIFIEDON) values (1,7,24,4,'ICSDEV',to_timestamp('04-SEP-10 11.31.45.053000000 AM','DD-MON-RR HH.MI.SS.FF AM'),'ICSDEV',to_timestamp('04-SEP-10 11.31.45.053000000 AM','DD-MON-RR HH.MI.SS.FF AM'));
Insert into MEASUREDTL (MEASUREID,SECTIONWIDTH,OVERALLWIDTH,ITERATION,CREATEDBY,CREATEDON,MODIFIEDBY,MODIFIEDON) values (1,8,25,5,'ICSDEV',to_timestamp('04-SEP-10 11.31.45.054000000 AM','DD-MON-RR HH.MI.SS.FF AM'),'ICSDEV',to_timestamp('04-SEP-10 11.31.45.054000000 AM','DD-MON-RR HH.MI.SS.FF AM'));
Insert into MEASUREDTL (MEASUREID,SECTIONWIDTH,OVERALLWIDTH,ITERATION,CREATEDBY,CREATEDON,MODIFIEDBY,MODIFIEDON) values (1,9,26,6,'ICSDEV',to_timestamp('04-SEP-10 11.31.45.055000000 AM','DD-MON-RR HH.MI.SS.FF AM'),'ICSDEV',to_timestamp('04-SEP-10 11.31.45.055000000 AM','DD-MON-RR HH.MI.SS.FF AM'));
Insert into MEASUREDTL (MEASUREID,SECTIONWIDTH,OVERALLWIDTH,ITERATION,CREATEDBY,CREATEDON,MODIFIEDBY,MODIFIEDON) values (2,4,21,1,'ICSDEV',to_timestamp('04-SEP-10 11.34.39.819000000 AM','DD-MON-RR HH.MI.SS.FF AM'),'ICSDEV',to_timestamp('04-SEP-10 11.34.39.819000000 AM','DD-MON-RR HH.MI.SS.FF AM'));
Insert into MEASUREDTL (MEASUREID,SECTIONWIDTH,OVERALLWIDTH,ITERATION,CREATEDBY,CREATEDON,MODIFIEDBY,MODIFIEDON) values (2,5,22,2,'ICSDEV',to_timestamp('04-SEP-10 11.34.39.820000000 AM','DD-MON-RR HH.MI.SS.FF AM'),'ICSDEV',to_timestamp('04-SEP-10 11.34.39.820000000 AM','DD-MON-RR HH.MI.SS.FF AM'));
Insert into MEASUREDTL (MEASUREID,SECTIONWIDTH,OVERALLWIDTH,ITERATION,CREATEDBY,CREATEDON,MODIFIEDBY,MODIFIEDON) values (2,6,23,3,'ICSDEV',to_timestamp('04-SEP-10 11.34.39.821000000 AM','DD-MON-RR HH.MI.SS.FF AM'),'ICSDEV',to_timestamp('04-SEP-10 11.34.39.821000000 AM','DD-MON-RR HH.MI.SS.FF AM'));
Insert into MEASUREDTL (MEASUREID,SECTIONWIDTH,OVERALLWIDTH,ITERATION,CREATEDBY,CREATEDON,MODIFIEDBY,MODIFIEDON) values (2,7,24,4,'ICSDEV',to_timestamp('04-SEP-10 11.34.39.822000000 AM','DD-MON-RR HH.MI.SS.FF AM'),'ICSDEV',to_timestamp('04-SEP-10 11.34.39.822000000 AM','DD-MON-RR HH.MI.SS.FF AM'));
Insert into MEASUREDTL (MEASUREID,SECTIONWIDTH,OVERALLWIDTH,ITERATION,CREATEDBY,CREATEDON,MODIFIEDBY,MODIFIEDON) values (2,8,25,5,'ICSDEV',to_timestamp('04-SEP-10 11.34.39.823000000 AM','DD-MON-RR HH.MI.SS.FF AM'),'ICSDEV',to_timestamp('04-SEP-10 11.34.39.823000000 AM','DD-MON-RR HH.MI.SS.FF AM'));
Insert into MEASUREDTL (MEASUREID,SECTIONWIDTH,OVERALLWIDTH,ITERATION,CREATEDBY,CREATEDON,MODIFIEDBY,MODIFIEDON) values (2,9,26,6,'ICSDEV',to_timestamp('04-SEP-10 11.34.39.824000000 AM','DD-MON-RR HH.MI.SS.FF AM'),'ICSDEV',to_timestamp('04-SEP-10 11.34.39.824000000 AM','DD-MON-RR HH.MI.SS.FF AM'));
Insert into MEASUREDTL (MEASUREID,SECTIONWIDTH,OVERALLWIDTH,ITERATION,CREATEDBY,CREATEDON,MODIFIEDBY,MODIFIEDON) values (3,4,21,1,'ICSDEV',to_timestamp('04-SEP-10 11.37.20.761000000 AM','DD-MON-RR HH.MI.SS.FF AM'),'ICSDEV',to_timestamp('04-SEP-10 11.37.20.761000000 AM','DD-MON-RR HH.MI.SS.FF AM'));
Insert into MEASUREDTL (MEASUREID,SECTIONWIDTH,OVERALLWIDTH,ITERATION,CREATEDBY,CREATEDON,MODIFIEDBY,MODIFIEDON) values (3,5,22,2,'ICSDEV',to_timestamp('04-SEP-10 11.37.20.762000000 AM','DD-MON-RR HH.MI.SS.FF AM'),'ICSDEV',to_timestamp('04-SEP-10 11.37.20.762000000 AM','DD-MON-RR HH.MI.SS.FF AM'));
Insert into MEASUREDTL (MEASUREID,SECTIONWIDTH,OVERALLWIDTH,ITERATION,CREATEDBY,CREATEDON,MODIFIEDBY,MODIFIEDON) values (3,6,23,3,'ICSDEV',to_timestamp('04-SEP-10 11.37.20.763000000 AM','DD-MON-RR HH.MI.SS.FF AM'),'ICSDEV',to_timestamp('04-SEP-10 11.37.20.763000000 AM','DD-MON-RR HH.MI.SS.FF AM'));
Insert into MEASUREDTL (MEASUREID,SECTIONWIDTH,OVERALLWIDTH,ITERATION,CREATEDBY,CREATEDON,MODIFIEDBY,MODIFIEDON) values (3,7,24,4,'ICSDEV',to_timestamp('04-SEP-10 11.37.20.764000000 AM','DD-MON-RR HH.MI.SS.FF AM'),'ICSDEV',to_timestamp('04-SEP-10 11.37.20.764000000 AM','DD-MON-RR HH.MI.SS.FF AM'));
Insert into MEASUREDTL (MEASUREID,SECTIONWIDTH,OVERALLWIDTH,ITERATION,CREATEDBY,CREATEDON,MODIFIEDBY,MODIFIEDON) values (3,8,25,5,'ICSDEV',to_timestamp('04-SEP-10 11.37.20.765000000 AM','DD-MON-RR HH.MI.SS.FF AM'),'ICSDEV',to_timestamp('04-SEP-10 11.37.20.765000000 AM','DD-MON-RR HH.MI.SS.FF AM'));
Insert into MEASUREDTL (MEASUREID,SECTIONWIDTH,OVERALLWIDTH,ITERATION,CREATEDBY,CREATEDON,MODIFIEDBY,MODIFIEDON) values (3,9,26,6,'ICSDEV',to_timestamp('04-SEP-10 11.37.20.766000000 AM','DD-MON-RR HH.MI.SS.FF AM'),'ICSDEV',to_timestamp('04-SEP-10 11.37.20.766000000 AM','DD-MON-RR HH.MI.SS.FF AM'));
Insert into MEASUREDTL (MEASUREID,SECTIONWIDTH,OVERALLWIDTH,ITERATION,CREATEDBY,CREATEDON,MODIFIEDBY,MODIFIEDON) values (4,4,21,1,'ICSDEV',to_timestamp('04-SEP-10 11.38.24.440000000 AM','DD-MON-RR HH.MI.SS.FF AM'),'ICSDEV',to_timestamp('04-SEP-10 11.38.24.440000000 AM','DD-MON-RR HH.MI.SS.FF AM'));
Insert into MEASUREDTL (MEASUREID,SECTIONWIDTH,OVERALLWIDTH,ITERATION,CREATEDBY,CREATEDON,MODIFIEDBY,MODIFIEDON) values (4,5,22,2,'ICSDEV',to_timestamp('04-SEP-10 11.38.24.441000000 AM','DD-MON-RR HH.MI.SS.FF AM'),'ICSDEV',to_timestamp('04-SEP-10 11.38.24.441000000 AM','DD-MON-RR HH.MI.SS.FF AM'));
Insert into MEASUREDTL (MEASUREID,SECTIONWIDTH,OVERALLWIDTH,ITERATION,CREATEDBY,CREATEDON,MODIFIEDBY,MODIFIEDON) values (4,6,23,3,'ICSDEV',to_timestamp('04-SEP-10 11.38.24.442000000 AM','DD-MON-RR HH.MI.SS.FF AM'),'ICSDEV',to_timestamp('04-SEP-10 11.38.24.442000000 AM','DD-MON-RR HH.MI.SS.FF AM'));
Insert into MEASUREDTL (MEASUREID,SECTIONWIDTH,OVERALLWIDTH,ITERATION,CREATEDBY,CREATEDON,MODIFIEDBY,MODIFIEDON) values (4,7,24,4,'ICSDEV',to_timestamp('04-SEP-10 11.38.24.443000000 AM','DD-MON-RR HH.MI.SS.FF AM'),'ICSDEV',to_timestamp('04-SEP-10 11.38.24.443000000 AM','DD-MON-RR HH.MI.SS.FF AM'));
Insert into MEASUREDTL (MEASUREID,SECTIONWIDTH,OVERALLWIDTH,ITERATION,CREATEDBY,CREATEDON,MODIFIEDBY,MODIFIEDON) values (4,8,25,5,'ICSDEV',to_timestamp('04-SEP-10 11.38.24.444000000 AM','DD-MON-RR HH.MI.SS.FF AM'),'ICSDEV',to_timestamp('04-SEP-10 11.38.24.444000000 AM','DD-MON-RR HH.MI.SS.FF AM'));
Insert into MEASUREDTL (MEASUREID,SECTIONWIDTH,OVERALLWIDTH,ITERATION,CREATEDBY,CREATEDON,MODIFIEDBY,MODIFIEDON) values (4,9,26,6,'ICSDEV',to_timestamp('04-SEP-10 11.38.24.445000000 AM','DD-MON-RR HH.MI.SS.FF AM'),'ICSDEV',to_timestamp('04-SEP-10 11.38.24.445000000 AM','DD-MON-RR HH.MI.SS.FF AM'));
Insert into MEASUREDTL (MEASUREID,SECTIONWIDTH,OVERALLWIDTH,ITERATION,CREATEDBY,CREATEDON,MODIFIEDBY,MODIFIEDON) values (5,4,21,1,'ICSDEV',to_timestamp('04-SEP-10 11.39.12.917000000 AM','DD-MON-RR HH.MI.SS.FF AM'),'ICSDEV',to_timestamp('04-SEP-10 11.39.12.917000000 AM','DD-MON-RR HH.MI.SS.FF AM'));
Insert into MEASUREDTL (MEASUREID,SECTIONWIDTH,OVERALLWIDTH,ITERATION,CREATEDBY,CREATEDON,MODIFIEDBY,MODIFIEDON) values (5,5,22,2,'ICSDEV',to_timestamp('04-SEP-10 11.39.12.918000000 AM','DD-MON-RR HH.MI.SS.FF AM'),'ICSDEV',to_timestamp('04-SEP-10 11.39.12.918000000 AM','DD-MON-RR HH.MI.SS.FF AM'));
Insert into MEASUREDTL (MEASUREID,SECTIONWIDTH,OVERALLWIDTH,ITERATION,CREATEDBY,CREATEDON,MODIFIEDBY,MODIFIEDON) values (5,6,23,3,'ICSDEV',to_timestamp('04-SEP-10 11.39.12.919000000 AM','DD-MON-RR HH.MI.SS.FF AM'),'ICSDEV',to_timestamp('04-SEP-10 11.39.12.919000000 AM','DD-MON-RR HH.MI.SS.FF AM'));
Insert into MEASUREDTL (MEASUREID,SECTIONWIDTH,OVERALLWIDTH,ITERATION,CREATEDBY,CREATEDON,MODIFIEDBY,MODIFIEDON) values (5,7,24,4,'ICSDEV',to_timestamp('04-SEP-10 11.39.12.920000000 AM','DD-MON-RR HH.MI.SS.FF AM'),'ICSDEV',to_timestamp('04-SEP-10 11.39.12.920000000 AM','DD-MON-RR HH.MI.SS.FF AM'));
Insert into MEASUREDTL (MEASUREID,SECTIONWIDTH,OVERALLWIDTH,ITERATION,CREATEDBY,CREATEDON,MODIFIEDBY,MODIFIEDON) values (5,8,25,5,'ICSDEV',to_timestamp('04-SEP-10 11.39.12.921000000 AM','DD-MON-RR HH.MI.SS.FF AM'),'ICSDEV',to_timestamp('04-SEP-10 11.39.12.921000000 AM','DD-MON-RR HH.MI.SS.FF AM'));
Insert into MEASUREDTL (MEASUREID,SECTIONWIDTH,OVERALLWIDTH,ITERATION,CREATEDBY,CREATEDON,MODIFIEDBY,MODIFIEDON) values (5,9,26,6,'ICSDEV',to_timestamp('04-SEP-10 11.39.12.922000000 AM','DD-MON-RR HH.MI.SS.FF AM'),'ICSDEV',to_timestamp('04-SEP-10 11.39.12.922000000 AM','DD-MON-RR HH.MI.SS.FF AM'));
Insert into MEASUREDTL (MEASUREID,SECTIONWIDTH,OVERALLWIDTH,ITERATION,CREATEDBY,CREATEDON,MODIFIEDBY,MODIFIEDON) values (6,4,21,1,'ICSDEV',to_timestamp('04-SEP-10 11.41.15.615000000 AM','DD-MON-RR HH.MI.SS.FF AM'),'ICSDEV',to_timestamp('04-SEP-10 11.41.15.615000000 AM','DD-MON-RR HH.MI.SS.FF AM'));
Insert into MEASUREDTL (MEASUREID,SECTIONWIDTH,OVERALLWIDTH,ITERATION,CREATEDBY,CREATEDON,MODIFIEDBY,MODIFIEDON) values (6,5,22,2,'ICSDEV',to_timestamp('04-SEP-10 11.41.15.616000000 AM','DD-MON-RR HH.MI.SS.FF AM'),'ICSDEV',to_timestamp('04-SEP-10 11.41.15.616000000 AM','DD-MON-RR HH.MI.SS.FF AM'));
Insert into MEASUREDTL (MEASUREID,SECTIONWIDTH,OVERALLWIDTH,ITERATION,CREATEDBY,CREATEDON,MODIFIEDBY,MODIFIEDON) values (6,6,23,3,'ICSDEV',to_timestamp('04-SEP-10 11.41.15.617000000 AM','DD-MON-RR HH.MI.SS.FF AM'),'ICSDEV',to_timestamp('04-SEP-10 11.41.15.617000000 AM','DD-MON-RR HH.MI.SS.FF AM'));
Insert into MEASUREDTL (MEASUREID,SECTIONWIDTH,OVERALLWIDTH,ITERATION,CREATEDBY,CREATEDON,MODIFIEDBY,MODIFIEDON) values (6,7,24,4,'ICSDEV',to_timestamp('04-SEP-10 11.41.15.618000000 AM','DD-MON-RR HH.MI.SS.FF AM'),'ICSDEV',to_timestamp('04-SEP-10 11.41.15.618000000 AM','DD-MON-RR HH.MI.SS.FF AM'));
Insert into MEASUREDTL (MEASUREID,SECTIONWIDTH,OVERALLWIDTH,ITERATION,CREATEDBY,CREATEDON,MODIFIEDBY,MODIFIEDON) values (6,8,25,5,'ICSDEV',to_timestamp('04-SEP-10 11.41.15.619000000 AM','DD-MON-RR HH.MI.SS.FF AM'),'ICSDEV',to_timestamp('04-SEP-10 11.41.15.619000000 AM','DD-MON-RR HH.MI.SS.FF AM'));
Insert into MEASUREDTL (MEASUREID,SECTIONWIDTH,OVERALLWIDTH,ITERATION,CREATEDBY,CREATEDON,MODIFIEDBY,MODIFIEDON) values (6,9,26,6,'ICSDEV',to_timestamp('04-SEP-10 11.41.15.620000000 AM','DD-MON-RR HH.MI.SS.FF AM'),'ICSDEV',to_timestamp('04-SEP-10 11.41.15.620000000 AM','DD-MON-RR HH.MI.SS.FF AM'));
Insert into MEASUREDTL (MEASUREID,SECTIONWIDTH,OVERALLWIDTH,ITERATION,CREATEDBY,CREATEDON,MODIFIEDBY,MODIFIEDON) values (7,4,21,1,'ICSDEV',to_timestamp('04-SEP-10 11.43.06.796000000 AM','DD-MON-RR HH.MI.SS.FF AM'),'ICSDEV',to_timestamp('04-SEP-10 11.43.06.796000000 AM','DD-MON-RR HH.MI.SS.FF AM'));
Insert into MEASUREDTL (MEASUREID,SECTIONWIDTH,OVERALLWIDTH,ITERATION,CREATEDBY,CREATEDON,MODIFIEDBY,MODIFIEDON) values (7,5,22,2,'ICSDEV',to_timestamp('04-SEP-10 11.43.06.797000000 AM','DD-MON-RR HH.MI.SS.FF AM'),'ICSDEV',to_timestamp('04-SEP-10 11.43.06.797000000 AM','DD-MON-RR HH.MI.SS.FF AM'));
Insert into MEASUREDTL (MEASUREID,SECTIONWIDTH,OVERALLWIDTH,ITERATION,CREATEDBY,CREATEDON,MODIFIEDBY,MODIFIEDON) values (7,6,23,3,'ICSDEV',to_timestamp('04-SEP-10 11.43.06.798000000 AM','DD-MON-RR HH.MI.SS.FF AM'),'ICSDEV',to_timestamp('04-SEP-10 11.43.06.798000000 AM','DD-MON-RR HH.MI.SS.FF AM'));
Insert into MEASUREDTL (MEASUREID,SECTIONWIDTH,OVERALLWIDTH,ITERATION,CREATEDBY,CREATEDON,MODIFIEDBY,MODIFIEDON) values (7,7,24,4,'ICSDEV',to_timestamp('04-SEP-10 11.43.06.799000000 AM','DD-MON-RR HH.MI.SS.FF AM'),'ICSDEV',to_timestamp('04-SEP-10 11.43.06.799000000 AM','DD-MON-RR HH.MI.SS.FF AM'));
Insert into MEASUREDTL (MEASUREID,SECTIONWIDTH,OVERALLWIDTH,ITERATION,CREATEDBY,CREATEDON,MODIFIEDBY,MODIFIEDON) values (7,8,25,5,'ICSDEV',to_timestamp('04-SEP-10 11.43.06.800000000 AM','DD-MON-RR HH.MI.SS.FF AM'),'ICSDEV',to_timestamp('04-SEP-10 11.43.06.800000000 AM','DD-MON-RR HH.MI.SS.FF AM'));
Insert into MEASUREDTL (MEASUREID,SECTIONWIDTH,OVERALLWIDTH,ITERATION,CREATEDBY,CREATEDON,MODIFIEDBY,MODIFIEDON) values (7,9,26,6,'ICSDEV',to_timestamp('04-SEP-10 11.43.06.801000000 AM','DD-MON-RR HH.MI.SS.FF AM'),'ICSDEV',to_timestamp('04-SEP-10 11.43.06.801000000 AM','DD-MON-RR HH.MI.SS.FF AM'));
Insert into MEASUREDTL (MEASUREID,SECTIONWIDTH,OVERALLWIDTH,ITERATION,CREATEDBY,CREATEDON,MODIFIEDBY,MODIFIEDON) values (8,4,21,1,'ICSDEV',to_timestamp('04-SEP-10 11.48.03.927000000 AM','DD-MON-RR HH.MI.SS.FF AM'),'ICSDEV',to_timestamp('04-SEP-10 11.48.03.927000000 AM','DD-MON-RR HH.MI.SS.FF AM'));
Insert into MEASUREDTL (MEASUREID,SECTIONWIDTH,OVERALLWIDTH,ITERATION,CREATEDBY,CREATEDON,MODIFIEDBY,MODIFIEDON) values (8,5,22,2,'ICSDEV',to_timestamp('04-SEP-10 11.48.03.928000000 AM','DD-MON-RR HH.MI.SS.FF AM'),'ICSDEV',to_timestamp('04-SEP-10 11.48.03.928000000 AM','DD-MON-RR HH.MI.SS.FF AM'));
Insert into MEASUREDTL (MEASUREID,SECTIONWIDTH,OVERALLWIDTH,ITERATION,CREATEDBY,CREATEDON,MODIFIEDBY,MODIFIEDON) values (8,6,23,3,'ICSDEV',to_timestamp('04-SEP-10 11.48.03.929000000 AM','DD-MON-RR HH.MI.SS.FF AM'),'ICSDEV',to_timestamp('04-SEP-10 11.48.03.929000000 AM','DD-MON-RR HH.MI.SS.FF AM'));
Insert into MEASUREDTL (MEASUREID,SECTIONWIDTH,OVERALLWIDTH,ITERATION,CREATEDBY,CREATEDON,MODIFIEDBY,MODIFIEDON) values (8,7,24,4,'ICSDEV',to_timestamp('04-SEP-10 11.48.03.930000000 AM','DD-MON-RR HH.MI.SS.FF AM'),'ICSDEV',to_timestamp('04-SEP-10 11.48.03.930000000 AM','DD-MON-RR HH.MI.SS.FF AM'));
Insert into MEASUREDTL (MEASUREID,SECTIONWIDTH,OVERALLWIDTH,ITERATION,CREATEDBY,CREATEDON,MODIFIEDBY,MODIFIEDON) values (8,8,25,5,'ICSDEV',to_timestamp('04-SEP-10 11.48.03.931000000 AM','DD-MON-RR HH.MI.SS.FF AM'),'ICSDEV',to_timestamp('04-SEP-10 11.48.03.931000000 AM','DD-MON-RR HH.MI.SS.FF AM'));
Insert into MEASUREDTL (MEASUREID,SECTIONWIDTH,OVERALLWIDTH,ITERATION,CREATEDBY,CREATEDON,MODIFIEDBY,MODIFIEDON) values (8,9,26,6,'ICSDEV',to_timestamp('04-SEP-10 11.48.03.932000000 AM','DD-MON-RR HH.MI.SS.FF AM'),'ICSDEV',to_timestamp('04-SEP-10 11.48.03.932000000 AM','DD-MON-RR HH.MI.SS.FF AM'));
Insert into MEASUREDTL (MEASUREID,SECTIONWIDTH,OVERALLWIDTH,ITERATION,CREATEDBY,CREATEDON,MODIFIEDBY,MODIFIEDON) values (9,4,21,1,'ICSDEV',to_timestamp('04-SEP-10 11.49.56.210000000 AM','DD-MON-RR HH.MI.SS.FF AM'),'ICSDEV',to_timestamp('04-SEP-10 11.49.56.210000000 AM','DD-MON-RR HH.MI.SS.FF AM'));
Insert into MEASUREDTL (MEASUREID,SECTIONWIDTH,OVERALLWIDTH,ITERATION,CREATEDBY,CREATEDON,MODIFIEDBY,MODIFIEDON) values (9,5,22,2,'ICSDEV',to_timestamp('04-SEP-10 11.49.56.211000000 AM','DD-MON-RR HH.MI.SS.FF AM'),'ICSDEV',to_timestamp('04-SEP-10 11.49.56.211000000 AM','DD-MON-RR HH.MI.SS.FF AM'));
Insert into MEASUREDTL (MEASUREID,SECTIONWIDTH,OVERALLWIDTH,ITERATION,CREATEDBY,CREATEDON,MODIFIEDBY,MODIFIEDON) values (9,6,23,3,'ICSDEV',to_timestamp('04-SEP-10 11.49.56.212000000 AM','DD-MON-RR HH.MI.SS.FF AM'),'ICSDEV',to_timestamp('04-SEP-10 11.49.56.212000000 AM','DD-MON-RR HH.MI.SS.FF AM'));
Insert into MEASUREDTL (MEASUREID,SECTIONWIDTH,OVERALLWIDTH,ITERATION,CREATEDBY,CREATEDON,MODIFIEDBY,MODIFIEDON) values (9,7,24,4,'ICSDEV',to_timestamp('04-SEP-10 11.49.56.213000000 AM','DD-MON-RR HH.MI.SS.FF AM'),'ICSDEV',to_timestamp('04-SEP-10 11.49.56.213000000 AM','DD-MON-RR HH.MI.SS.FF AM'));
Insert into MEASUREDTL (MEASUREID,SECTIONWIDTH,OVERALLWIDTH,ITERATION,CREATEDBY,CREATEDON,MODIFIEDBY,MODIFIEDON) values (9,8,25,5,'ICSDEV',to_timestamp('04-SEP-10 11.49.56.214000000 AM','DD-MON-RR HH.MI.SS.FF AM'),'ICSDEV',to_timestamp('04-SEP-10 11.49.56.214000000 AM','DD-MON-RR HH.MI.SS.FF AM'));
Insert into MEASUREDTL (MEASUREID,SECTIONWIDTH,OVERALLWIDTH,ITERATION,CREATEDBY,CREATEDON,MODIFIEDBY,MODIFIEDON) values (9,9,26,6,'ICSDEV',to_timestamp('04-SEP-10 11.49.56.215000000 AM','DD-MON-RR HH.MI.SS.FF AM'),'ICSDEV',to_timestamp('04-SEP-10 11.49.56.215000000 AM','DD-MON-RR HH.MI.SS.FF AM'));

---------------------------------------------------
--   END DATA FOR TABLE MEASUREDTL
---------------------------------------------------

---------------------------------------------------
--   DATA FOR TABLE BEADUNSEATDTL
--   FILTER = none used
---------------------------------------------------
REM INSERTING into BEADUNSEATDTL
Insert into BEADUNSEATDTL (BEADUNSEATID,UNSEATFORCE,ITERATION,CREATEDBY,CREATEDON,MODIFIEDBY,MODIFIEDON) values (1,11,1,'ICSDEV',to_timestamp('04-SEP-10 11.31.45.097000000 AM','DD-MON-RR HH.MI.SS.FF AM'),'ICSDEV',to_timestamp('04-SEP-10 11.31.45.097000000 AM','DD-MON-RR HH.MI.SS.FF AM'));
Insert into BEADUNSEATDTL (BEADUNSEATID,UNSEATFORCE,ITERATION,CREATEDBY,CREATEDON,MODIFIEDBY,MODIFIEDON) values (1,12,2,'ICSDEV',to_timestamp('04-SEP-10 11.31.45.099000000 AM','DD-MON-RR HH.MI.SS.FF AM'),'ICSDEV',to_timestamp('04-SEP-10 11.31.45.099000000 AM','DD-MON-RR HH.MI.SS.FF AM'));
Insert into BEADUNSEATDTL (BEADUNSEATID,UNSEATFORCE,ITERATION,CREATEDBY,CREATEDON,MODIFIEDBY,MODIFIEDON) values (1,13,3,'ICSDEV',to_timestamp('04-SEP-10 11.31.45.100000000 AM','DD-MON-RR HH.MI.SS.FF AM'),'ICSDEV',to_timestamp('04-SEP-10 11.31.45.100000000 AM','DD-MON-RR HH.MI.SS.FF AM'));
Insert into BEADUNSEATDTL (BEADUNSEATID,UNSEATFORCE,ITERATION,CREATEDBY,CREATEDON,MODIFIEDBY,MODIFIEDON) values (1,14,4,'ICSDEV',to_timestamp('04-SEP-10 11.31.45.101000000 AM','DD-MON-RR HH.MI.SS.FF AM'),'ICSDEV',to_timestamp('04-SEP-10 11.31.45.101000000 AM','DD-MON-RR HH.MI.SS.FF AM'));
Insert into BEADUNSEATDTL (BEADUNSEATID,UNSEATFORCE,ITERATION,CREATEDBY,CREATEDON,MODIFIEDBY,MODIFIEDON) values (2,11,1,'ICSDEV',to_timestamp('04-SEP-10 11.34.39.936000000 AM','DD-MON-RR HH.MI.SS.FF AM'),'ICSDEV',to_timestamp('04-SEP-10 11.34.39.936000000 AM','DD-MON-RR HH.MI.SS.FF AM'));
Insert into BEADUNSEATDTL (BEADUNSEATID,UNSEATFORCE,ITERATION,CREATEDBY,CREATEDON,MODIFIEDBY,MODIFIEDON) values (2,12,2,'ICSDEV',to_timestamp('04-SEP-10 11.34.39.937000000 AM','DD-MON-RR HH.MI.SS.FF AM'),'ICSDEV',to_timestamp('04-SEP-10 11.34.39.937000000 AM','DD-MON-RR HH.MI.SS.FF AM'));
Insert into BEADUNSEATDTL (BEADUNSEATID,UNSEATFORCE,ITERATION,CREATEDBY,CREATEDON,MODIFIEDBY,MODIFIEDON) values (2,13,3,'ICSDEV',to_timestamp('04-SEP-10 11.34.39.938000000 AM','DD-MON-RR HH.MI.SS.FF AM'),'ICSDEV',to_timestamp('04-SEP-10 11.34.39.938000000 AM','DD-MON-RR HH.MI.SS.FF AM'));
Insert into BEADUNSEATDTL (BEADUNSEATID,UNSEATFORCE,ITERATION,CREATEDBY,CREATEDON,MODIFIEDBY,MODIFIEDON) values (2,14,4,'ICSDEV',to_timestamp('04-SEP-10 11.34.39.939000000 AM','DD-MON-RR HH.MI.SS.FF AM'),'ICSDEV',to_timestamp('04-SEP-10 11.34.39.939000000 AM','DD-MON-RR HH.MI.SS.FF AM'));
Insert into BEADUNSEATDTL (BEADUNSEATID,UNSEATFORCE,ITERATION,CREATEDBY,CREATEDON,MODIFIEDBY,MODIFIEDON) values (3,11,1,'ICSDEV',to_timestamp('04-SEP-10 11.37.20.772000000 AM','DD-MON-RR HH.MI.SS.FF AM'),'ICSDEV',to_timestamp('04-SEP-10 11.37.20.772000000 AM','DD-MON-RR HH.MI.SS.FF AM'));
Insert into BEADUNSEATDTL (BEADUNSEATID,UNSEATFORCE,ITERATION,CREATEDBY,CREATEDON,MODIFIEDBY,MODIFIEDON) values (3,12,2,'ICSDEV',to_timestamp('04-SEP-10 11.37.20.773000000 AM','DD-MON-RR HH.MI.SS.FF AM'),'ICSDEV',to_timestamp('04-SEP-10 11.37.20.773000000 AM','DD-MON-RR HH.MI.SS.FF AM'));
Insert into BEADUNSEATDTL (BEADUNSEATID,UNSEATFORCE,ITERATION,CREATEDBY,CREATEDON,MODIFIEDBY,MODIFIEDON) values (3,13,3,'ICSDEV',to_timestamp('04-SEP-10 11.37.20.775000000 AM','DD-MON-RR HH.MI.SS.FF AM'),'ICSDEV',to_timestamp('04-SEP-10 11.37.20.775000000 AM','DD-MON-RR HH.MI.SS.FF AM'));
Insert into BEADUNSEATDTL (BEADUNSEATID,UNSEATFORCE,ITERATION,CREATEDBY,CREATEDON,MODIFIEDBY,MODIFIEDON) values (3,14,4,'ICSDEV',to_timestamp('04-SEP-10 11.37.20.776000000 AM','DD-MON-RR HH.MI.SS.FF AM'),'ICSDEV',to_timestamp('04-SEP-10 11.37.20.776000000 AM','DD-MON-RR HH.MI.SS.FF AM'));
Insert into BEADUNSEATDTL (BEADUNSEATID,UNSEATFORCE,ITERATION,CREATEDBY,CREATEDON,MODIFIEDBY,MODIFIEDON) values (4,11,1,'ICSDEV',to_timestamp('04-SEP-10 11.38.24.451000000 AM','DD-MON-RR HH.MI.SS.FF AM'),'ICSDEV',to_timestamp('04-SEP-10 11.38.24.451000000 AM','DD-MON-RR HH.MI.SS.FF AM'));
Insert into BEADUNSEATDTL (BEADUNSEATID,UNSEATFORCE,ITERATION,CREATEDBY,CREATEDON,MODIFIEDBY,MODIFIEDON) values (4,12,2,'ICSDEV',to_timestamp('04-SEP-10 11.38.24.452000000 AM','DD-MON-RR HH.MI.SS.FF AM'),'ICSDEV',to_timestamp('04-SEP-10 11.38.24.452000000 AM','DD-MON-RR HH.MI.SS.FF AM'));
Insert into BEADUNSEATDTL (BEADUNSEATID,UNSEATFORCE,ITERATION,CREATEDBY,CREATEDON,MODIFIEDBY,MODIFIEDON) values (4,13,3,'ICSDEV',to_timestamp('04-SEP-10 11.38.24.453000000 AM','DD-MON-RR HH.MI.SS.FF AM'),'ICSDEV',to_timestamp('04-SEP-10 11.38.24.453000000 AM','DD-MON-RR HH.MI.SS.FF AM'));
Insert into BEADUNSEATDTL (BEADUNSEATID,UNSEATFORCE,ITERATION,CREATEDBY,CREATEDON,MODIFIEDBY,MODIFIEDON) values (4,14,4,'ICSDEV',to_timestamp('04-SEP-10 11.38.24.454000000 AM','DD-MON-RR HH.MI.SS.FF AM'),'ICSDEV',to_timestamp('04-SEP-10 11.38.24.454000000 AM','DD-MON-RR HH.MI.SS.FF AM'));
Insert into BEADUNSEATDTL (BEADUNSEATID,UNSEATFORCE,ITERATION,CREATEDBY,CREATEDON,MODIFIEDBY,MODIFIEDON) values (5,11,1,'ICSDEV',to_timestamp('04-SEP-10 11.39.12.928000000 AM','DD-MON-RR HH.MI.SS.FF AM'),'ICSDEV',to_timestamp('04-SEP-10 11.39.12.928000000 AM','DD-MON-RR HH.MI.SS.FF AM'));
Insert into BEADUNSEATDTL (BEADUNSEATID,UNSEATFORCE,ITERATION,CREATEDBY,CREATEDON,MODIFIEDBY,MODIFIEDON) values (5,12,2,'ICSDEV',to_timestamp('04-SEP-10 11.39.12.929000000 AM','DD-MON-RR HH.MI.SS.FF AM'),'ICSDEV',to_timestamp('04-SEP-10 11.39.12.929000000 AM','DD-MON-RR HH.MI.SS.FF AM'));
Insert into BEADUNSEATDTL (BEADUNSEATID,UNSEATFORCE,ITERATION,CREATEDBY,CREATEDON,MODIFIEDBY,MODIFIEDON) values (5,13,3,'ICSDEV',to_timestamp('04-SEP-10 11.39.12.930000000 AM','DD-MON-RR HH.MI.SS.FF AM'),'ICSDEV',to_timestamp('04-SEP-10 11.39.12.930000000 AM','DD-MON-RR HH.MI.SS.FF AM'));
Insert into BEADUNSEATDTL (BEADUNSEATID,UNSEATFORCE,ITERATION,CREATEDBY,CREATEDON,MODIFIEDBY,MODIFIEDON) values (5,14,4,'ICSDEV',to_timestamp('04-SEP-10 11.39.12.931000000 AM','DD-MON-RR HH.MI.SS.FF AM'),'ICSDEV',to_timestamp('04-SEP-10 11.39.12.931000000 AM','DD-MON-RR HH.MI.SS.FF AM'));
Insert into BEADUNSEATDTL (BEADUNSEATID,UNSEATFORCE,ITERATION,CREATEDBY,CREATEDON,MODIFIEDBY,MODIFIEDON) values (6,11,1,'ICSDEV',to_timestamp('04-SEP-10 11.41.15.626000000 AM','DD-MON-RR HH.MI.SS.FF AM'),'ICSDEV',to_timestamp('04-SEP-10 11.41.15.626000000 AM','DD-MON-RR HH.MI.SS.FF AM'));
Insert into BEADUNSEATDTL (BEADUNSEATID,UNSEATFORCE,ITERATION,CREATEDBY,CREATEDON,MODIFIEDBY,MODIFIEDON) values (6,12,2,'ICSDEV',to_timestamp('04-SEP-10 11.41.15.627000000 AM','DD-MON-RR HH.MI.SS.FF AM'),'ICSDEV',to_timestamp('04-SEP-10 11.41.15.627000000 AM','DD-MON-RR HH.MI.SS.FF AM'));
Insert into BEADUNSEATDTL (BEADUNSEATID,UNSEATFORCE,ITERATION,CREATEDBY,CREATEDON,MODIFIEDBY,MODIFIEDON) values (6,13,3,'ICSDEV',to_timestamp('04-SEP-10 11.41.15.628000000 AM','DD-MON-RR HH.MI.SS.FF AM'),'ICSDEV',to_timestamp('04-SEP-10 11.41.15.628000000 AM','DD-MON-RR HH.MI.SS.FF AM'));
Insert into BEADUNSEATDTL (BEADUNSEATID,UNSEATFORCE,ITERATION,CREATEDBY,CREATEDON,MODIFIEDBY,MODIFIEDON) values (6,14,4,'ICSDEV',to_timestamp('04-SEP-10 11.41.15.629000000 AM','DD-MON-RR HH.MI.SS.FF AM'),'ICSDEV',to_timestamp('04-SEP-10 11.41.15.629000000 AM','DD-MON-RR HH.MI.SS.FF AM'));
Insert into BEADUNSEATDTL (BEADUNSEATID,UNSEATFORCE,ITERATION,CREATEDBY,CREATEDON,MODIFIEDBY,MODIFIEDON) values (7,11,1,'ICSDEV',to_timestamp('04-SEP-10 11.43.06.807000000 AM','DD-MON-RR HH.MI.SS.FF AM'),'ICSDEV',to_timestamp('04-SEP-10 11.43.06.807000000 AM','DD-MON-RR HH.MI.SS.FF AM'));
Insert into BEADUNSEATDTL (BEADUNSEATID,UNSEATFORCE,ITERATION,CREATEDBY,CREATEDON,MODIFIEDBY,MODIFIEDON) values (7,12,2,'ICSDEV',to_timestamp('04-SEP-10 11.43.06.808000000 AM','DD-MON-RR HH.MI.SS.FF AM'),'ICSDEV',to_timestamp('04-SEP-10 11.43.06.808000000 AM','DD-MON-RR HH.MI.SS.FF AM'));
Insert into BEADUNSEATDTL (BEADUNSEATID,UNSEATFORCE,ITERATION,CREATEDBY,CREATEDON,MODIFIEDBY,MODIFIEDON) values (7,13,3,'ICSDEV',to_timestamp('04-SEP-10 11.43.06.809000000 AM','DD-MON-RR HH.MI.SS.FF AM'),'ICSDEV',to_timestamp('04-SEP-10 11.43.06.809000000 AM','DD-MON-RR HH.MI.SS.FF AM'));
Insert into BEADUNSEATDTL (BEADUNSEATID,UNSEATFORCE,ITERATION,CREATEDBY,CREATEDON,MODIFIEDBY,MODIFIEDON) values (7,14,4,'ICSDEV',to_timestamp('04-SEP-10 11.43.06.810000000 AM','DD-MON-RR HH.MI.SS.FF AM'),'ICSDEV',to_timestamp('04-SEP-10 11.43.06.810000000 AM','DD-MON-RR HH.MI.SS.FF AM'));
Insert into BEADUNSEATDTL (BEADUNSEATID,UNSEATFORCE,ITERATION,CREATEDBY,CREATEDON,MODIFIEDBY,MODIFIEDON) values (8,11,1,'ICSDEV',to_timestamp('04-SEP-10 11.48.03.945000000 AM','DD-MON-RR HH.MI.SS.FF AM'),'ICSDEV',to_timestamp('04-SEP-10 11.48.03.945000000 AM','DD-MON-RR HH.MI.SS.FF AM'));
Insert into BEADUNSEATDTL (BEADUNSEATID,UNSEATFORCE,ITERATION,CREATEDBY,CREATEDON,MODIFIEDBY,MODIFIEDON) values (8,12,2,'ICSDEV',to_timestamp('04-SEP-10 11.48.03.946000000 AM','DD-MON-RR HH.MI.SS.FF AM'),'ICSDEV',to_timestamp('04-SEP-10 11.48.03.946000000 AM','DD-MON-RR HH.MI.SS.FF AM'));
Insert into BEADUNSEATDTL (BEADUNSEATID,UNSEATFORCE,ITERATION,CREATEDBY,CREATEDON,MODIFIEDBY,MODIFIEDON) values (8,13,3,'ICSDEV',to_timestamp('04-SEP-10 11.48.03.947000000 AM','DD-MON-RR HH.MI.SS.FF AM'),'ICSDEV',to_timestamp('04-SEP-10 11.48.03.947000000 AM','DD-MON-RR HH.MI.SS.FF AM'));
Insert into BEADUNSEATDTL (BEADUNSEATID,UNSEATFORCE,ITERATION,CREATEDBY,CREATEDON,MODIFIEDBY,MODIFIEDON) values (8,14,4,'ICSDEV',to_timestamp('04-SEP-10 11.48.03.948000000 AM','DD-MON-RR HH.MI.SS.FF AM'),'ICSDEV',to_timestamp('04-SEP-10 11.48.03.948000000 AM','DD-MON-RR HH.MI.SS.FF AM'));
Insert into BEADUNSEATDTL (BEADUNSEATID,UNSEATFORCE,ITERATION,CREATEDBY,CREATEDON,MODIFIEDBY,MODIFIEDON) values (9,11,1,'ICSDEV',to_timestamp('04-SEP-10 11.49.56.222000000 AM','DD-MON-RR HH.MI.SS.FF AM'),'ICSDEV',to_timestamp('04-SEP-10 11.49.56.222000000 AM','DD-MON-RR HH.MI.SS.FF AM'));
Insert into BEADUNSEATDTL (BEADUNSEATID,UNSEATFORCE,ITERATION,CREATEDBY,CREATEDON,MODIFIEDBY,MODIFIEDON) values (9,12,2,'ICSDEV',to_timestamp('04-SEP-10 11.49.56.223000000 AM','DD-MON-RR HH.MI.SS.FF AM'),'ICSDEV',to_timestamp('04-SEP-10 11.49.56.223000000 AM','DD-MON-RR HH.MI.SS.FF AM'));
Insert into BEADUNSEATDTL (BEADUNSEATID,UNSEATFORCE,ITERATION,CREATEDBY,CREATEDON,MODIFIEDBY,MODIFIEDON) values (9,13,3,'ICSDEV',to_timestamp('04-SEP-10 11.49.56.223000000 AM','DD-MON-RR HH.MI.SS.FF AM'),'ICSDEV',to_timestamp('04-SEP-10 11.49.56.223000000 AM','DD-MON-RR HH.MI.SS.FF AM'));
Insert into BEADUNSEATDTL (BEADUNSEATID,UNSEATFORCE,ITERATION,CREATEDBY,CREATEDON,MODIFIEDBY,MODIFIEDON) values (9,14,4,'ICSDEV',to_timestamp('04-SEP-10 11.49.56.224000000 AM','DD-MON-RR HH.MI.SS.FF AM'),'ICSDEV',to_timestamp('04-SEP-10 11.49.56.224000000 AM','DD-MON-RR HH.MI.SS.FF AM'));

---------------------------------------------------
--   END DATA FOR TABLE BEADUNSEATDTL
---------------------------------------------------

---------------------------------------------------
--   DATA FOR TABLE ENDURANCEHDR
--   FILTER = none used
---------------------------------------------------
REM INSERTING into ENDURANCEHDR
Insert into ENDURANCEHDR (ENDURANCEID,PROJECTNUMBER,TIRENUMBER,TESTSPEC,COMPLETIONDATE,DOTSERIALNUMBER,MFGWWYY,PRECONDSTARTDATE,PRECONDSTARTTEMP,RIMDIAMETER,RIMWIDTH,PRECONDENDDATE,PRECONDENDTEMP,INFLATIONPRESSURE,BEFOREDIAMETER,AFTERDIAMETER,BEFOREINFLATION,AFTERINFLATION,WHEELPOSITION,WHEELNUMBER,FINALTEMP,FINALDISTANCE,FINALINFLATION,POSTCONDSTARTDATE,POSTCONDENDDATE,POSTCONDENDTEMP,PASSYN,CERTIFICATIONTYPEID,CERTIFICATENUMBER,SKUID,SERIALDATE,PRECONDTIME,POSTCONDTIME,CREATEDBY,CREATEDON,MODIFIEDBY,MODIFIEDON) values (1,'ENDPr1',1,'ENDTst1',to_timestamp('26-AUG-10 12.00.00.000000000 AM','DD-MON-RR HH.MI.SS.FF AM'),'2010/08/20',null,to_timestamp('20-AUG-10 12.00.00.000000000 AM','DD-MON-RR HH.MI.SS.FF AM'),22,14,16,to_timestamp('22-AUG-10 12.00.00.000000000 AM','DD-MON-RR HH.MI.SS.FF AM'),26,110,13,14,100,115,11,16,24,230,108,to_timestamp('24-AUG-10 12.00.00.000000000 AM','DD-MON-RR HH.MI.SS.FF AM'),to_timestamp('26-AUG-10 12.00.00.000000000 AM','DD-MON-RR HH.MI.SS.FF AM'),22,'n',1,'ecert001',391,null,11,10,'ICSDEV',to_timestamp('04-SEP-10 11.31.45.143000000 AM','DD-MON-RR HH.MI.SS.FF AM'),'ICSDEV',to_timestamp('04-SEP-10 11.31.45.143000000 AM','DD-MON-RR HH.MI.SS.FF AM'));
Insert into ENDURANCEHDR (ENDURANCEID,PROJECTNUMBER,TIRENUMBER,TESTSPEC,COMPLETIONDATE,DOTSERIALNUMBER,MFGWWYY,PRECONDSTARTDATE,PRECONDSTARTTEMP,RIMDIAMETER,RIMWIDTH,PRECONDENDDATE,PRECONDENDTEMP,INFLATIONPRESSURE,BEFOREDIAMETER,AFTERDIAMETER,BEFOREINFLATION,AFTERINFLATION,WHEELPOSITION,WHEELNUMBER,FINALTEMP,FINALDISTANCE,FINALINFLATION,POSTCONDSTARTDATE,POSTCONDENDDATE,POSTCONDENDTEMP,PASSYN,CERTIFICATIONTYPEID,CERTIFICATENUMBER,SKUID,SERIALDATE,PRECONDTIME,POSTCONDTIME,CREATEDBY,CREATEDON,MODIFIEDBY,MODIFIEDON) values (2,'ENDPr1',1,'ENDTst1',to_timestamp('26-AUG-10 12.00.00.000000000 AM','DD-MON-RR HH.MI.SS.FF AM'),'2010/08/20',null,to_timestamp('20-AUG-10 12.00.00.000000000 AM','DD-MON-RR HH.MI.SS.FF AM'),22,14,16,to_timestamp('22-AUG-10 12.00.00.000000000 AM','DD-MON-RR HH.MI.SS.FF AM'),26,110,13,14,100,115,11,16,24,230,108,to_timestamp('24-AUG-10 12.00.00.000000000 AM','DD-MON-RR HH.MI.SS.FF AM'),to_timestamp('26-AUG-10 12.00.00.000000000 AM','DD-MON-RR HH.MI.SS.FF AM'),22,'n',2,'GSO-001',391,null,11,10,'ICSDEV',to_timestamp('04-SEP-10 11.34.39.950000000 AM','DD-MON-RR HH.MI.SS.FF AM'),'ICSDEV',to_timestamp('04-SEP-10 11.34.39.950000000 AM','DD-MON-RR HH.MI.SS.FF AM'));
Insert into ENDURANCEHDR (ENDURANCEID,PROJECTNUMBER,TIRENUMBER,TESTSPEC,COMPLETIONDATE,DOTSERIALNUMBER,MFGWWYY,PRECONDSTARTDATE,PRECONDSTARTTEMP,RIMDIAMETER,RIMWIDTH,PRECONDENDDATE,PRECONDENDTEMP,INFLATIONPRESSURE,BEFOREDIAMETER,AFTERDIAMETER,BEFOREINFLATION,AFTERINFLATION,WHEELPOSITION,WHEELNUMBER,FINALTEMP,FINALDISTANCE,FINALINFLATION,POSTCONDSTARTDATE,POSTCONDENDDATE,POSTCONDENDTEMP,PASSYN,CERTIFICATIONTYPEID,CERTIFICATENUMBER,SKUID,SERIALDATE,PRECONDTIME,POSTCONDTIME,CREATEDBY,CREATEDON,MODIFIEDBY,MODIFIEDON) values (3,'ENDPr1',1,'ENDTst1',to_timestamp('26-AUG-10 12.00.00.000000000 AM','DD-MON-RR HH.MI.SS.FF AM'),'2010/08/20',null,to_timestamp('20-AUG-10 12.00.00.000000000 AM','DD-MON-RR HH.MI.SS.FF AM'),22,14,16,to_timestamp('22-AUG-10 12.00.00.000000000 AM','DD-MON-RR HH.MI.SS.FF AM'),26,110,13,14,100,115,11,16,24,230,108,to_timestamp('24-AUG-10 12.00.00.000000000 AM','DD-MON-RR HH.MI.SS.FF AM'),to_timestamp('26-AUG-10 12.00.00.000000000 AM','DD-MON-RR HH.MI.SS.FF AM'),22,'n',3,'Nom001',391,null,11,10,'ICSDEV',to_timestamp('04-SEP-10 11.37.20.786000000 AM','DD-MON-RR HH.MI.SS.FF AM'),'ICSDEV',to_timestamp('04-SEP-10 11.37.20.786000000 AM','DD-MON-RR HH.MI.SS.FF AM'));
Insert into ENDURANCEHDR (ENDURANCEID,PROJECTNUMBER,TIRENUMBER,TESTSPEC,COMPLETIONDATE,DOTSERIALNUMBER,MFGWWYY,PRECONDSTARTDATE,PRECONDSTARTTEMP,RIMDIAMETER,RIMWIDTH,PRECONDENDDATE,PRECONDENDTEMP,INFLATIONPRESSURE,BEFOREDIAMETER,AFTERDIAMETER,BEFOREINFLATION,AFTERINFLATION,WHEELPOSITION,WHEELNUMBER,FINALTEMP,FINALDISTANCE,FINALINFLATION,POSTCONDSTARTDATE,POSTCONDENDDATE,POSTCONDENDTEMP,PASSYN,CERTIFICATIONTYPEID,CERTIFICATENUMBER,SKUID,SERIALDATE,PRECONDTIME,POSTCONDTIME,CREATEDBY,CREATEDON,MODIFIEDBY,MODIFIEDON) values (4,'ENDPr1',1,'ENDTst1',to_timestamp('26-AUG-10 12.00.00.000000000 AM','DD-MON-RR HH.MI.SS.FF AM'),'2010/08/20',null,to_timestamp('20-AUG-10 12.00.00.000000000 AM','DD-MON-RR HH.MI.SS.FF AM'),22,14,16,to_timestamp('22-AUG-10 12.00.00.000000000 AM','DD-MON-RR HH.MI.SS.FF AM'),26,110,13,14,100,115,11,16,24,230,108,to_timestamp('24-AUG-10 12.00.00.000000000 AM','DD-MON-RR HH.MI.SS.FF AM'),to_timestamp('26-AUG-10 12.00.00.000000000 AM','DD-MON-RR HH.MI.SS.FF AM'),22,'n',1,'Ecert001',392,null,11,10,'ICSDEV',to_timestamp('04-SEP-10 11.38.24.464000000 AM','DD-MON-RR HH.MI.SS.FF AM'),'ICSDEV',to_timestamp('04-SEP-10 11.38.24.464000000 AM','DD-MON-RR HH.MI.SS.FF AM'));
Insert into ENDURANCEHDR (ENDURANCEID,PROJECTNUMBER,TIRENUMBER,TESTSPEC,COMPLETIONDATE,DOTSERIALNUMBER,MFGWWYY,PRECONDSTARTDATE,PRECONDSTARTTEMP,RIMDIAMETER,RIMWIDTH,PRECONDENDDATE,PRECONDENDTEMP,INFLATIONPRESSURE,BEFOREDIAMETER,AFTERDIAMETER,BEFOREINFLATION,AFTERINFLATION,WHEELPOSITION,WHEELNUMBER,FINALTEMP,FINALDISTANCE,FINALINFLATION,POSTCONDSTARTDATE,POSTCONDENDDATE,POSTCONDENDTEMP,PASSYN,CERTIFICATIONTYPEID,CERTIFICATENUMBER,SKUID,SERIALDATE,PRECONDTIME,POSTCONDTIME,CREATEDBY,CREATEDON,MODIFIEDBY,MODIFIEDON) values (5,'ENDPr1',1,'ENDTst1',to_timestamp('26-AUG-10 12.00.00.000000000 AM','DD-MON-RR HH.MI.SS.FF AM'),'2010/08/20',null,to_timestamp('20-AUG-10 12.00.00.000000000 AM','DD-MON-RR HH.MI.SS.FF AM'),22,14,16,to_timestamp('22-AUG-10 12.00.00.000000000 AM','DD-MON-RR HH.MI.SS.FF AM'),26,110,13,14,100,115,11,16,24,230,108,to_timestamp('24-AUG-10 12.00.00.000000000 AM','DD-MON-RR HH.MI.SS.FF AM'),to_timestamp('26-AUG-10 12.00.00.000000000 AM','DD-MON-RR HH.MI.SS.FF AM'),22,'n',2,'GSO002',392,null,11,10,'ICSDEV',to_timestamp('04-SEP-10 11.39.12.940000000 AM','DD-MON-RR HH.MI.SS.FF AM'),'ICSDEV',to_timestamp('04-SEP-10 11.39.12.940000000 AM','DD-MON-RR HH.MI.SS.FF AM'));
Insert into ENDURANCEHDR (ENDURANCEID,PROJECTNUMBER,TIRENUMBER,TESTSPEC,COMPLETIONDATE,DOTSERIALNUMBER,MFGWWYY,PRECONDSTARTDATE,PRECONDSTARTTEMP,RIMDIAMETER,RIMWIDTH,PRECONDENDDATE,PRECONDENDTEMP,INFLATIONPRESSURE,BEFOREDIAMETER,AFTERDIAMETER,BEFOREINFLATION,AFTERINFLATION,WHEELPOSITION,WHEELNUMBER,FINALTEMP,FINALDISTANCE,FINALINFLATION,POSTCONDSTARTDATE,POSTCONDENDDATE,POSTCONDENDTEMP,PASSYN,CERTIFICATIONTYPEID,CERTIFICATENUMBER,SKUID,SERIALDATE,PRECONDTIME,POSTCONDTIME,CREATEDBY,CREATEDON,MODIFIEDBY,MODIFIEDON) values (6,'ENDPr1',1,'ENDTst1',to_timestamp('26-AUG-10 12.00.00.000000000 AM','DD-MON-RR HH.MI.SS.FF AM'),'2010/08/20',null,to_timestamp('20-AUG-10 12.00.00.000000000 AM','DD-MON-RR HH.MI.SS.FF AM'),22,14,16,to_timestamp('22-AUG-10 12.00.00.000000000 AM','DD-MON-RR HH.MI.SS.FF AM'),26,110,13,14,100,115,11,16,24,230,108,to_timestamp('24-AUG-10 12.00.00.000000000 AM','DD-MON-RR HH.MI.SS.FF AM'),to_timestamp('26-AUG-10 12.00.00.000000000 AM','DD-MON-RR HH.MI.SS.FF AM'),22,'n',3,'Nom003',392,null,11,10,'ICSDEV',to_timestamp('04-SEP-10 11.41.15.639000000 AM','DD-MON-RR HH.MI.SS.FF AM'),'ICSDEV',to_timestamp('04-SEP-10 11.41.15.639000000 AM','DD-MON-RR HH.MI.SS.FF AM'));
Insert into ENDURANCEHDR (ENDURANCEID,PROJECTNUMBER,TIRENUMBER,TESTSPEC,COMPLETIONDATE,DOTSERIALNUMBER,MFGWWYY,PRECONDSTARTDATE,PRECONDSTARTTEMP,RIMDIAMETER,RIMWIDTH,PRECONDENDDATE,PRECONDENDTEMP,INFLATIONPRESSURE,BEFOREDIAMETER,AFTERDIAMETER,BEFOREINFLATION,AFTERINFLATION,WHEELPOSITION,WHEELNUMBER,FINALTEMP,FINALDISTANCE,FINALINFLATION,POSTCONDSTARTDATE,POSTCONDENDDATE,POSTCONDENDTEMP,PASSYN,CERTIFICATIONTYPEID,CERTIFICATENUMBER,SKUID,SERIALDATE,PRECONDTIME,POSTCONDTIME,CREATEDBY,CREATEDON,MODIFIEDBY,MODIFIEDON) values (7,'ENDPr1',1,'ENDTst1',to_timestamp('26-AUG-10 12.00.00.000000000 AM','DD-MON-RR HH.MI.SS.FF AM'),'2010/08/20',null,to_timestamp('20-AUG-10 12.00.00.000000000 AM','DD-MON-RR HH.MI.SS.FF AM'),22,14,16,to_timestamp('22-AUG-10 12.00.00.000000000 AM','DD-MON-RR HH.MI.SS.FF AM'),26,110,13,14,100,115,11,16,24,230,108,to_timestamp('24-AUG-10 12.00.00.000000000 AM','DD-MON-RR HH.MI.SS.FF AM'),to_timestamp('26-AUG-10 12.00.00.000000000 AM','DD-MON-RR HH.MI.SS.FF AM'),22,'n',1,'Ecert003',393,null,11,10,'ICSDEV',to_timestamp('04-SEP-10 11.43.06.820000000 AM','DD-MON-RR HH.MI.SS.FF AM'),'ICSDEV',to_timestamp('04-SEP-10 11.43.06.820000000 AM','DD-MON-RR HH.MI.SS.FF AM'));
Insert into ENDURANCEHDR (ENDURANCEID,PROJECTNUMBER,TIRENUMBER,TESTSPEC,COMPLETIONDATE,DOTSERIALNUMBER,MFGWWYY,PRECONDSTARTDATE,PRECONDSTARTTEMP,RIMDIAMETER,RIMWIDTH,PRECONDENDDATE,PRECONDENDTEMP,INFLATIONPRESSURE,BEFOREDIAMETER,AFTERDIAMETER,BEFOREINFLATION,AFTERINFLATION,WHEELPOSITION,WHEELNUMBER,FINALTEMP,FINALDISTANCE,FINALINFLATION,POSTCONDSTARTDATE,POSTCONDENDDATE,POSTCONDENDTEMP,PASSYN,CERTIFICATIONTYPEID,CERTIFICATENUMBER,SKUID,SERIALDATE,PRECONDTIME,POSTCONDTIME,CREATEDBY,CREATEDON,MODIFIEDBY,MODIFIEDON) values (8,'ENDPr1',1,'ENDTst1',to_timestamp('26-AUG-10 12.00.00.000000000 AM','DD-MON-RR HH.MI.SS.FF AM'),'2010/08/20',null,to_timestamp('20-AUG-10 12.00.00.000000000 AM','DD-MON-RR HH.MI.SS.FF AM'),22,14,16,to_timestamp('22-AUG-10 12.00.00.000000000 AM','DD-MON-RR HH.MI.SS.FF AM'),26,110,13,14,100,115,11,16,24,230,108,to_timestamp('24-AUG-10 12.00.00.000000000 AM','DD-MON-RR HH.MI.SS.FF AM'),to_timestamp('26-AUG-10 12.00.00.000000000 AM','DD-MON-RR HH.MI.SS.FF AM'),22,'n',2,'GSO-003',393,null,11,10,'ICSDEV',to_timestamp('04-SEP-10 11.48.03.964000000 AM','DD-MON-RR HH.MI.SS.FF AM'),'ICSDEV',to_timestamp('04-SEP-10 11.48.03.964000000 AM','DD-MON-RR HH.MI.SS.FF AM'));
Insert into ENDURANCEHDR (ENDURANCEID,PROJECTNUMBER,TIRENUMBER,TESTSPEC,COMPLETIONDATE,DOTSERIALNUMBER,MFGWWYY,PRECONDSTARTDATE,PRECONDSTARTTEMP,RIMDIAMETER,RIMWIDTH,PRECONDENDDATE,PRECONDENDTEMP,INFLATIONPRESSURE,BEFOREDIAMETER,AFTERDIAMETER,BEFOREINFLATION,AFTERINFLATION,WHEELPOSITION,WHEELNUMBER,FINALTEMP,FINALDISTANCE,FINALINFLATION,POSTCONDSTARTDATE,POSTCONDENDDATE,POSTCONDENDTEMP,PASSYN,CERTIFICATIONTYPEID,CERTIFICATENUMBER,SKUID,SERIALDATE,PRECONDTIME,POSTCONDTIME,CREATEDBY,CREATEDON,MODIFIEDBY,MODIFIEDON) values (9,'ENDPr1',1,'ENDTst1',to_timestamp('26-AUG-10 12.00.00.000000000 AM','DD-MON-RR HH.MI.SS.FF AM'),'2010/08/20',null,to_timestamp('20-AUG-10 12.00.00.000000000 AM','DD-MON-RR HH.MI.SS.FF AM'),22,14,16,to_timestamp('22-AUG-10 12.00.00.000000000 AM','DD-MON-RR HH.MI.SS.FF AM'),26,110,13,14,100,115,11,16,24,230,108,to_timestamp('24-AUG-10 12.00.00.000000000 AM','DD-MON-RR HH.MI.SS.FF AM'),to_timestamp('26-AUG-10 12.00.00.000000000 AM','DD-MON-RR HH.MI.SS.FF AM'),22,'n',3,'Nom003',393,null,11,10,'ICSDEV',to_timestamp('04-SEP-10 11.49.56.233000000 AM','DD-MON-RR HH.MI.SS.FF AM'),'ICSDEV',to_timestamp('04-SEP-10 11.49.56.233000000 AM','DD-MON-RR HH.MI.SS.FF AM'));

---------------------------------------------------
--   END DATA FOR TABLE ENDURANCEHDR
---------------------------------------------------

---------------------------------------------------
--   DATA FOR TABLE PLUNGERHDR
--   FILTER = none used
---------------------------------------------------
REM INSERTING into PLUNGERHDR
Insert into PLUNGERHDR (PLUNGERID,PROJECTNUMBER,TIRENUMBER,TESTSPEC,COMPLETIONDATE,DOTSERIALNUMBER,AVGBREAKINGENERGY,PASSYN,SERIALDATE,MINPLUNGER,CERTIFICATIONTYPEID,CERTIFICATENUMBER,SKUID,CREATEDBY,CREATEDON,MODIFIEDBY,MODIFIEDON) values (1,'PLGPr1',1,'PLGTst1',to_timestamp('04-SEP-10 12.00.00.000000000 AM','DD-MON-RR HH.MI.SS.FF AM'),'Not Found Yet',300,'y',null,1255,1,'ecert001',391,'ICSDEV',to_timestamp('04-SEP-10 11.31.45.065000000 AM','DD-MON-RR HH.MI.SS.FF AM'),'ICSDEV',to_timestamp('04-SEP-10 11.31.45.065000000 AM','DD-MON-RR HH.MI.SS.FF AM'));
Insert into PLUNGERHDR (PLUNGERID,PROJECTNUMBER,TIRENUMBER,TESTSPEC,COMPLETIONDATE,DOTSERIALNUMBER,AVGBREAKINGENERGY,PASSYN,SERIALDATE,MINPLUNGER,CERTIFICATIONTYPEID,CERTIFICATENUMBER,SKUID,CREATEDBY,CREATEDON,MODIFIEDBY,MODIFIEDON) values (2,'PLGPr1',1,'PLGTst1',to_timestamp('04-SEP-10 12.00.00.000000000 AM','DD-MON-RR HH.MI.SS.FF AM'),'Not Found Yet',300,'y',null,1255,2,'GSO-001',391,'ICSDEV',to_timestamp('04-SEP-10 11.34.39.826000000 AM','DD-MON-RR HH.MI.SS.FF AM'),'ICSDEV',to_timestamp('04-SEP-10 11.34.39.826000000 AM','DD-MON-RR HH.MI.SS.FF AM'));
Insert into PLUNGERHDR (PLUNGERID,PROJECTNUMBER,TIRENUMBER,TESTSPEC,COMPLETIONDATE,DOTSERIALNUMBER,AVGBREAKINGENERGY,PASSYN,SERIALDATE,MINPLUNGER,CERTIFICATIONTYPEID,CERTIFICATENUMBER,SKUID,CREATEDBY,CREATEDON,MODIFIEDBY,MODIFIEDON) values (3,'PLGPr1',1,'PLGTst1',to_timestamp('04-SEP-10 12.00.00.000000000 AM','DD-MON-RR HH.MI.SS.FF AM'),'Not Found Yet',300,'y',null,1255,3,'Nom001',391,'ICSDEV',to_timestamp('04-SEP-10 11.37.20.768000000 AM','DD-MON-RR HH.MI.SS.FF AM'),'ICSDEV',to_timestamp('04-SEP-10 11.37.20.768000000 AM','DD-MON-RR HH.MI.SS.FF AM'));
Insert into PLUNGERHDR (PLUNGERID,PROJECTNUMBER,TIRENUMBER,TESTSPEC,COMPLETIONDATE,DOTSERIALNUMBER,AVGBREAKINGENERGY,PASSYN,SERIALDATE,MINPLUNGER,CERTIFICATIONTYPEID,CERTIFICATENUMBER,SKUID,CREATEDBY,CREATEDON,MODIFIEDBY,MODIFIEDON) values (4,'PLGPr1',1,'PLGTst1',to_timestamp('04-SEP-10 12.00.00.000000000 AM','DD-MON-RR HH.MI.SS.FF AM'),'Not Found Yet',300,'y',null,1255,1,'Ecert001',392,'ICSDEV',to_timestamp('04-SEP-10 11.38.24.447000000 AM','DD-MON-RR HH.MI.SS.FF AM'),'ICSDEV',to_timestamp('04-SEP-10 11.38.24.447000000 AM','DD-MON-RR HH.MI.SS.FF AM'));
Insert into PLUNGERHDR (PLUNGERID,PROJECTNUMBER,TIRENUMBER,TESTSPEC,COMPLETIONDATE,DOTSERIALNUMBER,AVGBREAKINGENERGY,PASSYN,SERIALDATE,MINPLUNGER,CERTIFICATIONTYPEID,CERTIFICATENUMBER,SKUID,CREATEDBY,CREATEDON,MODIFIEDBY,MODIFIEDON) values (5,'PLGPr1',1,'PLGTst1',to_timestamp('04-SEP-10 12.00.00.000000000 AM','DD-MON-RR HH.MI.SS.FF AM'),'Not Found Yet',300,'y',null,1255,2,'GSO002',392,'ICSDEV',to_timestamp('04-SEP-10 11.39.12.923000000 AM','DD-MON-RR HH.MI.SS.FF AM'),'ICSDEV',to_timestamp('04-SEP-10 11.39.12.923000000 AM','DD-MON-RR HH.MI.SS.FF AM'));
Insert into PLUNGERHDR (PLUNGERID,PROJECTNUMBER,TIRENUMBER,TESTSPEC,COMPLETIONDATE,DOTSERIALNUMBER,AVGBREAKINGENERGY,PASSYN,SERIALDATE,MINPLUNGER,CERTIFICATIONTYPEID,CERTIFICATENUMBER,SKUID,CREATEDBY,CREATEDON,MODIFIEDBY,MODIFIEDON) values (6,'PLGPr1',1,'PLGTst1',to_timestamp('04-SEP-10 12.00.00.000000000 AM','DD-MON-RR HH.MI.SS.FF AM'),'Not Found Yet',300,'y',null,1255,3,'Nom003',392,'ICSDEV',to_timestamp('04-SEP-10 11.41.15.622000000 AM','DD-MON-RR HH.MI.SS.FF AM'),'ICSDEV',to_timestamp('04-SEP-10 11.41.15.622000000 AM','DD-MON-RR HH.MI.SS.FF AM'));
Insert into PLUNGERHDR (PLUNGERID,PROJECTNUMBER,TIRENUMBER,TESTSPEC,COMPLETIONDATE,DOTSERIALNUMBER,AVGBREAKINGENERGY,PASSYN,SERIALDATE,MINPLUNGER,CERTIFICATIONTYPEID,CERTIFICATENUMBER,SKUID,CREATEDBY,CREATEDON,MODIFIEDBY,MODIFIEDON) values (7,'PLGPr1',1,'PLGTst1',to_timestamp('04-SEP-10 12.00.00.000000000 AM','DD-MON-RR HH.MI.SS.FF AM'),'Not Found Yet',300,'y',null,1255,1,'Ecert003',393,'ICSDEV',to_timestamp('04-SEP-10 11.43.06.802000000 AM','DD-MON-RR HH.MI.SS.FF AM'),'ICSDEV',to_timestamp('04-SEP-10 11.43.06.802000000 AM','DD-MON-RR HH.MI.SS.FF AM'));
Insert into PLUNGERHDR (PLUNGERID,PROJECTNUMBER,TIRENUMBER,TESTSPEC,COMPLETIONDATE,DOTSERIALNUMBER,AVGBREAKINGENERGY,PASSYN,SERIALDATE,MINPLUNGER,CERTIFICATIONTYPEID,CERTIFICATENUMBER,SKUID,CREATEDBY,CREATEDON,MODIFIEDBY,MODIFIEDON) values (8,'PLGPr1',1,'PLGTst1',to_timestamp('04-SEP-10 12.00.00.000000000 AM','DD-MON-RR HH.MI.SS.FF AM'),'Not Found Yet',300,'y',null,1255,2,'GSO-003',393,'ICSDEV',to_timestamp('04-SEP-10 11.48.03.936000000 AM','DD-MON-RR HH.MI.SS.FF AM'),'ICSDEV',to_timestamp('04-SEP-10 11.48.03.936000000 AM','DD-MON-RR HH.MI.SS.FF AM'));
Insert into PLUNGERHDR (PLUNGERID,PROJECTNUMBER,TIRENUMBER,TESTSPEC,COMPLETIONDATE,DOTSERIALNUMBER,AVGBREAKINGENERGY,PASSYN,SERIALDATE,MINPLUNGER,CERTIFICATIONTYPEID,CERTIFICATENUMBER,SKUID,CREATEDBY,CREATEDON,MODIFIEDBY,MODIFIEDON) values (9,'PLGPr1',1,'PLGTst1',to_timestamp('04-SEP-10 12.00.00.000000000 AM','DD-MON-RR HH.MI.SS.FF AM'),'Not Found Yet',300,'y',null,1255,3,'Nom003',393,'ICSDEV',to_timestamp('04-SEP-10 11.49.56.217000000 AM','DD-MON-RR HH.MI.SS.FF AM'),'ICSDEV',to_timestamp('04-SEP-10 11.49.56.217000000 AM','DD-MON-RR HH.MI.SS.FF AM'));

---------------------------------------------------
--   END DATA FOR TABLE PLUNGERHDR
---------------------------------------------------
---------------------------------------------------
--   DATA FOR TABLE PLUNGERDTL
--   FILTER = none used
---------------------------------------------------
REM INSERTING into PLUNGERDTL
Insert into PLUNGERDTL (PLUNGERID,BREAKINGENERGY,ITERATION,CREATEDBY,CREATEDON,MODIFIEDBY,MODIFIEDON) values (1,101,1,'ICSDEV',to_timestamp('04-SEP-10 11.31.45.076000000 AM','DD-MON-RR HH.MI.SS.FF AM'),'ICSDEV',to_timestamp('04-SEP-10 11.31.45.076000000 AM','DD-MON-RR HH.MI.SS.FF AM'));
Insert into PLUNGERDTL (PLUNGERID,BREAKINGENERGY,ITERATION,CREATEDBY,CREATEDON,MODIFIEDBY,MODIFIEDON) values (2,101,1,'ICSDEV',to_timestamp('04-SEP-10 11.34.39.932000000 AM','DD-MON-RR HH.MI.SS.FF AM'),'ICSDEV',to_timestamp('04-SEP-10 11.34.39.932000000 AM','DD-MON-RR HH.MI.SS.FF AM'));
Insert into PLUNGERDTL (PLUNGERID,BREAKINGENERGY,ITERATION,CREATEDBY,CREATEDON,MODIFIEDBY,MODIFIEDON) values (3,101,1,'ICSDEV',to_timestamp('04-SEP-10 11.37.20.769000000 AM','DD-MON-RR HH.MI.SS.FF AM'),'ICSDEV',to_timestamp('04-SEP-10 11.37.20.769000000 AM','DD-MON-RR HH.MI.SS.FF AM'));
Insert into PLUNGERDTL (PLUNGERID,BREAKINGENERGY,ITERATION,CREATEDBY,CREATEDON,MODIFIEDBY,MODIFIEDON) values (4,101,1,'ICSDEV',to_timestamp('04-SEP-10 11.38.24.448000000 AM','DD-MON-RR HH.MI.SS.FF AM'),'ICSDEV',to_timestamp('04-SEP-10 11.38.24.448000000 AM','DD-MON-RR HH.MI.SS.FF AM'));
Insert into PLUNGERDTL (PLUNGERID,BREAKINGENERGY,ITERATION,CREATEDBY,CREATEDON,MODIFIEDBY,MODIFIEDON) values (5,101,1,'ICSDEV',to_timestamp('04-SEP-10 11.39.12.925000000 AM','DD-MON-RR HH.MI.SS.FF AM'),'ICSDEV',to_timestamp('04-SEP-10 11.39.12.925000000 AM','DD-MON-RR HH.MI.SS.FF AM'));
Insert into PLUNGERDTL (PLUNGERID,BREAKINGENERGY,ITERATION,CREATEDBY,CREATEDON,MODIFIEDBY,MODIFIEDON) values (6,101,1,'ICSDEV',to_timestamp('04-SEP-10 11.41.15.623000000 AM','DD-MON-RR HH.MI.SS.FF AM'),'ICSDEV',to_timestamp('04-SEP-10 11.41.15.623000000 AM','DD-MON-RR HH.MI.SS.FF AM'));
Insert into PLUNGERDTL (PLUNGERID,BREAKINGENERGY,ITERATION,CREATEDBY,CREATEDON,MODIFIEDBY,MODIFIEDON) values (7,101,1,'ICSDEV',to_timestamp('04-SEP-10 11.43.06.804000000 AM','DD-MON-RR HH.MI.SS.FF AM'),'ICSDEV',to_timestamp('04-SEP-10 11.43.06.804000000 AM','DD-MON-RR HH.MI.SS.FF AM'));
Insert into PLUNGERDTL (PLUNGERID,BREAKINGENERGY,ITERATION,CREATEDBY,CREATEDON,MODIFIEDBY,MODIFIEDON) values (8,101,1,'ICSDEV',to_timestamp('04-SEP-10 11.48.03.939000000 AM','DD-MON-RR HH.MI.SS.FF AM'),'ICSDEV',to_timestamp('04-SEP-10 11.48.03.939000000 AM','DD-MON-RR HH.MI.SS.FF AM'));
Insert into PLUNGERDTL (PLUNGERID,BREAKINGENERGY,ITERATION,CREATEDBY,CREATEDON,MODIFIEDBY,MODIFIEDON) values (9,101,1,'ICSDEV',to_timestamp('04-SEP-10 11.49.56.219000000 AM','DD-MON-RR HH.MI.SS.FF AM'),'ICSDEV',to_timestamp('04-SEP-10 11.49.56.219000000 AM','DD-MON-RR HH.MI.SS.FF AM'));

---------------------------------------------------
--   END DATA FOR TABLE PLUNGERDTL
---------------------------------------------------
---------------------------------------------------
--   DATA FOR TABLE ENDURANCEDTL
--   FILTER = none used
---------------------------------------------------
REM INSERTING into ENDURANCEDTL
Insert into ENDURANCEDTL (TESTSTEP,TIMEINMIN,SPEED,TOTMILES,LOAD,LOADPERCENT,SETINFLATION,AMBTEMP,INFPRESSURE,STEPCOMPLETIONDATE,ENDURANCEID,CREATEDBY,CREATEDON,MODIFIEDBY,MODIFIEDON) values (null,null,null,null,null,null,null,25,150,to_timestamp('22-AUG-10 12.00.00.000000000 AM','DD-MON-RR HH.MI.SS.FF AM'),1,'ICSDEV',to_timestamp('04-SEP-10 11.31.45.159000000 AM','DD-MON-RR HH.MI.SS.FF AM'),'ICSDEV',to_timestamp('04-SEP-10 11.31.45.159000000 AM','DD-MON-RR HH.MI.SS.FF AM'));
Insert into ENDURANCEDTL (TESTSTEP,TIMEINMIN,SPEED,TOTMILES,LOAD,LOADPERCENT,SETINFLATION,AMBTEMP,INFPRESSURE,STEPCOMPLETIONDATE,ENDURANCEID,CREATEDBY,CREATEDON,MODIFIEDBY,MODIFIEDON) values (1,11,null,51,13,61,null,26,151,to_timestamp('23-AUG-10 12.00.00.000000000 AM','DD-MON-RR HH.MI.SS.FF AM'),1,'ICSDEV',to_timestamp('04-SEP-10 11.31.45.160000000 AM','DD-MON-RR HH.MI.SS.FF AM'),'ICSDEV',to_timestamp('04-SEP-10 11.31.45.160000000 AM','DD-MON-RR HH.MI.SS.FF AM'));
Insert into ENDURANCEDTL (TESTSTEP,TIMEINMIN,SPEED,TOTMILES,LOAD,LOADPERCENT,SETINFLATION,AMBTEMP,INFPRESSURE,STEPCOMPLETIONDATE,ENDURANCEID,CREATEDBY,CREATEDON,MODIFIEDBY,MODIFIEDON) values (2,12,null,52,14,62,null,27,152,to_timestamp('24-AUG-10 12.00.00.000000000 AM','DD-MON-RR HH.MI.SS.FF AM'),1,'ICSDEV',to_timestamp('04-SEP-10 11.31.45.162000000 AM','DD-MON-RR HH.MI.SS.FF AM'),'ICSDEV',to_timestamp('04-SEP-10 11.31.45.162000000 AM','DD-MON-RR HH.MI.SS.FF AM'));
Insert into ENDURANCEDTL (TESTSTEP,TIMEINMIN,SPEED,TOTMILES,LOAD,LOADPERCENT,SETINFLATION,AMBTEMP,INFPRESSURE,STEPCOMPLETIONDATE,ENDURANCEID,CREATEDBY,CREATEDON,MODIFIEDBY,MODIFIEDON) values (3,13,null,53,15,63,null,28,153,to_timestamp('25-AUG-10 12.00.00.000000000 AM','DD-MON-RR HH.MI.SS.FF AM'),1,'ICSDEV',to_timestamp('04-SEP-10 11.31.45.163000000 AM','DD-MON-RR HH.MI.SS.FF AM'),'ICSDEV',to_timestamp('04-SEP-10 11.31.45.163000000 AM','DD-MON-RR HH.MI.SS.FF AM'));
Insert into ENDURANCEDTL (TESTSTEP,TIMEINMIN,SPEED,TOTMILES,LOAD,LOADPERCENT,SETINFLATION,AMBTEMP,INFPRESSURE,STEPCOMPLETIONDATE,ENDURANCEID,CREATEDBY,CREATEDON,MODIFIEDBY,MODIFIEDON) values (4,14,null,54,16,64,null,29,154,to_timestamp('26-AUG-10 12.00.00.000000000 AM','DD-MON-RR HH.MI.SS.FF AM'),1,'ICSDEV',to_timestamp('04-SEP-10 11.31.45.164000000 AM','DD-MON-RR HH.MI.SS.FF AM'),'ICSDEV',to_timestamp('04-SEP-10 11.31.45.164000000 AM','DD-MON-RR HH.MI.SS.FF AM'));
Insert into ENDURANCEDTL (TESTSTEP,TIMEINMIN,SPEED,TOTMILES,LOAD,LOADPERCENT,SETINFLATION,AMBTEMP,INFPRESSURE,STEPCOMPLETIONDATE,ENDURANCEID,CREATEDBY,CREATEDON,MODIFIEDBY,MODIFIEDON) values (null,null,null,null,null,null,null,25,150,to_timestamp('22-AUG-10 12.00.00.000000000 AM','DD-MON-RR HH.MI.SS.FF AM'),2,'ICSDEV',to_timestamp('04-SEP-10 11.34.39.952000000 AM','DD-MON-RR HH.MI.SS.FF AM'),'ICSDEV',to_timestamp('04-SEP-10 11.34.39.952000000 AM','DD-MON-RR HH.MI.SS.FF AM'));
Insert into ENDURANCEDTL (TESTSTEP,TIMEINMIN,SPEED,TOTMILES,LOAD,LOADPERCENT,SETINFLATION,AMBTEMP,INFPRESSURE,STEPCOMPLETIONDATE,ENDURANCEID,CREATEDBY,CREATEDON,MODIFIEDBY,MODIFIEDON) values (1,11,null,51,13,61,null,26,151,to_timestamp('23-AUG-10 12.00.00.000000000 AM','DD-MON-RR HH.MI.SS.FF AM'),2,'ICSDEV',to_timestamp('04-SEP-10 11.34.39.953000000 AM','DD-MON-RR HH.MI.SS.FF AM'),'ICSDEV',to_timestamp('04-SEP-10 11.34.39.953000000 AM','DD-MON-RR HH.MI.SS.FF AM'));
Insert into ENDURANCEDTL (TESTSTEP,TIMEINMIN,SPEED,TOTMILES,LOAD,LOADPERCENT,SETINFLATION,AMBTEMP,INFPRESSURE,STEPCOMPLETIONDATE,ENDURANCEID,CREATEDBY,CREATEDON,MODIFIEDBY,MODIFIEDON) values (2,12,null,52,14,62,null,27,152,to_timestamp('24-AUG-10 12.00.00.000000000 AM','DD-MON-RR HH.MI.SS.FF AM'),2,'ICSDEV',to_timestamp('04-SEP-10 11.34.39.954000000 AM','DD-MON-RR HH.MI.SS.FF AM'),'ICSDEV',to_timestamp('04-SEP-10 11.34.39.954000000 AM','DD-MON-RR HH.MI.SS.FF AM'));
Insert into ENDURANCEDTL (TESTSTEP,TIMEINMIN,SPEED,TOTMILES,LOAD,LOADPERCENT,SETINFLATION,AMBTEMP,INFPRESSURE,STEPCOMPLETIONDATE,ENDURANCEID,CREATEDBY,CREATEDON,MODIFIEDBY,MODIFIEDON) values (3,13,null,53,15,63,null,28,153,to_timestamp('25-AUG-10 12.00.00.000000000 AM','DD-MON-RR HH.MI.SS.FF AM'),2,'ICSDEV',to_timestamp('04-SEP-10 11.34.39.955000000 AM','DD-MON-RR HH.MI.SS.FF AM'),'ICSDEV',to_timestamp('04-SEP-10 11.34.39.955000000 AM','DD-MON-RR HH.MI.SS.FF AM'));
Insert into ENDURANCEDTL (TESTSTEP,TIMEINMIN,SPEED,TOTMILES,LOAD,LOADPERCENT,SETINFLATION,AMBTEMP,INFPRESSURE,STEPCOMPLETIONDATE,ENDURANCEID,CREATEDBY,CREATEDON,MODIFIEDBY,MODIFIEDON) values (4,14,null,54,16,64,null,29,154,to_timestamp('26-AUG-10 12.00.00.000000000 AM','DD-MON-RR HH.MI.SS.FF AM'),2,'ICSDEV',to_timestamp('04-SEP-10 11.34.39.956000000 AM','DD-MON-RR HH.MI.SS.FF AM'),'ICSDEV',to_timestamp('04-SEP-10 11.34.39.956000000 AM','DD-MON-RR HH.MI.SS.FF AM'));
Insert into ENDURANCEDTL (TESTSTEP,TIMEINMIN,SPEED,TOTMILES,LOAD,LOADPERCENT,SETINFLATION,AMBTEMP,INFPRESSURE,STEPCOMPLETIONDATE,ENDURANCEID,CREATEDBY,CREATEDON,MODIFIEDBY,MODIFIEDON) values (null,null,null,null,null,null,null,25,150,to_timestamp('22-AUG-10 12.00.00.000000000 AM','DD-MON-RR HH.MI.SS.FF AM'),3,'ICSDEV',to_timestamp('04-SEP-10 11.37.20.788000000 AM','DD-MON-RR HH.MI.SS.FF AM'),'ICSDEV',to_timestamp('04-SEP-10 11.37.20.788000000 AM','DD-MON-RR HH.MI.SS.FF AM'));
Insert into ENDURANCEDTL (TESTSTEP,TIMEINMIN,SPEED,TOTMILES,LOAD,LOADPERCENT,SETINFLATION,AMBTEMP,INFPRESSURE,STEPCOMPLETIONDATE,ENDURANCEID,CREATEDBY,CREATEDON,MODIFIEDBY,MODIFIEDON) values (1,11,null,51,13,61,null,26,151,to_timestamp('23-AUG-10 12.00.00.000000000 AM','DD-MON-RR HH.MI.SS.FF AM'),3,'ICSDEV',to_timestamp('04-SEP-10 11.37.20.789000000 AM','DD-MON-RR HH.MI.SS.FF AM'),'ICSDEV',to_timestamp('04-SEP-10 11.37.20.789000000 AM','DD-MON-RR HH.MI.SS.FF AM'));
Insert into ENDURANCEDTL (TESTSTEP,TIMEINMIN,SPEED,TOTMILES,LOAD,LOADPERCENT,SETINFLATION,AMBTEMP,INFPRESSURE,STEPCOMPLETIONDATE,ENDURANCEID,CREATEDBY,CREATEDON,MODIFIEDBY,MODIFIEDON) values (2,12,null,52,14,62,null,27,152,to_timestamp('24-AUG-10 12.00.00.000000000 AM','DD-MON-RR HH.MI.SS.FF AM'),3,'ICSDEV',to_timestamp('04-SEP-10 11.37.20.790000000 AM','DD-MON-RR HH.MI.SS.FF AM'),'ICSDEV',to_timestamp('04-SEP-10 11.37.20.790000000 AM','DD-MON-RR HH.MI.SS.FF AM'));
Insert into ENDURANCEDTL (TESTSTEP,TIMEINMIN,SPEED,TOTMILES,LOAD,LOADPERCENT,SETINFLATION,AMBTEMP,INFPRESSURE,STEPCOMPLETIONDATE,ENDURANCEID,CREATEDBY,CREATEDON,MODIFIEDBY,MODIFIEDON) values (3,13,null,53,15,63,null,28,153,to_timestamp('25-AUG-10 12.00.00.000000000 AM','DD-MON-RR HH.MI.SS.FF AM'),3,'ICSDEV',to_timestamp('04-SEP-10 11.37.20.791000000 AM','DD-MON-RR HH.MI.SS.FF AM'),'ICSDEV',to_timestamp('04-SEP-10 11.37.20.791000000 AM','DD-MON-RR HH.MI.SS.FF AM'));
Insert into ENDURANCEDTL (TESTSTEP,TIMEINMIN,SPEED,TOTMILES,LOAD,LOADPERCENT,SETINFLATION,AMBTEMP,INFPRESSURE,STEPCOMPLETIONDATE,ENDURANCEID,CREATEDBY,CREATEDON,MODIFIEDBY,MODIFIEDON) values (4,14,null,54,16,64,null,29,154,to_timestamp('26-AUG-10 12.00.00.000000000 AM','DD-MON-RR HH.MI.SS.FF AM'),3,'ICSDEV',to_timestamp('04-SEP-10 11.37.20.792000000 AM','DD-MON-RR HH.MI.SS.FF AM'),'ICSDEV',to_timestamp('04-SEP-10 11.37.20.792000000 AM','DD-MON-RR HH.MI.SS.FF AM'));
Insert into ENDURANCEDTL (TESTSTEP,TIMEINMIN,SPEED,TOTMILES,LOAD,LOADPERCENT,SETINFLATION,AMBTEMP,INFPRESSURE,STEPCOMPLETIONDATE,ENDURANCEID,CREATEDBY,CREATEDON,MODIFIEDBY,MODIFIEDON) values (null,null,null,null,null,null,null,25,150,to_timestamp('22-AUG-10 12.00.00.000000000 AM','DD-MON-RR HH.MI.SS.FF AM'),4,'ICSDEV',to_timestamp('04-SEP-10 11.38.24.465000000 AM','DD-MON-RR HH.MI.SS.FF AM'),'ICSDEV',to_timestamp('04-SEP-10 11.38.24.465000000 AM','DD-MON-RR HH.MI.SS.FF AM'));
Insert into ENDURANCEDTL (TESTSTEP,TIMEINMIN,SPEED,TOTMILES,LOAD,LOADPERCENT,SETINFLATION,AMBTEMP,INFPRESSURE,STEPCOMPLETIONDATE,ENDURANCEID,CREATEDBY,CREATEDON,MODIFIEDBY,MODIFIEDON) values (1,11,null,51,13,61,null,26,151,to_timestamp('23-AUG-10 12.00.00.000000000 AM','DD-MON-RR HH.MI.SS.FF AM'),4,'ICSDEV',to_timestamp('04-SEP-10 11.38.24.467000000 AM','DD-MON-RR HH.MI.SS.FF AM'),'ICSDEV',to_timestamp('04-SEP-10 11.38.24.467000000 AM','DD-MON-RR HH.MI.SS.FF AM'));
Insert into ENDURANCEDTL (TESTSTEP,TIMEINMIN,SPEED,TOTMILES,LOAD,LOADPERCENT,SETINFLATION,AMBTEMP,INFPRESSURE,STEPCOMPLETIONDATE,ENDURANCEID,CREATEDBY,CREATEDON,MODIFIEDBY,MODIFIEDON) values (2,12,null,52,14,62,null,27,152,to_timestamp('24-AUG-10 12.00.00.000000000 AM','DD-MON-RR HH.MI.SS.FF AM'),4,'ICSDEV',to_timestamp('04-SEP-10 11.38.24.468000000 AM','DD-MON-RR HH.MI.SS.FF AM'),'ICSDEV',to_timestamp('04-SEP-10 11.38.24.468000000 AM','DD-MON-RR HH.MI.SS.FF AM'));
Insert into ENDURANCEDTL (TESTSTEP,TIMEINMIN,SPEED,TOTMILES,LOAD,LOADPERCENT,SETINFLATION,AMBTEMP,INFPRESSURE,STEPCOMPLETIONDATE,ENDURANCEID,CREATEDBY,CREATEDON,MODIFIEDBY,MODIFIEDON) values (3,13,null,53,15,63,null,28,153,to_timestamp('25-AUG-10 12.00.00.000000000 AM','DD-MON-RR HH.MI.SS.FF AM'),4,'ICSDEV',to_timestamp('04-SEP-10 11.38.24.469000000 AM','DD-MON-RR HH.MI.SS.FF AM'),'ICSDEV',to_timestamp('04-SEP-10 11.38.24.469000000 AM','DD-MON-RR HH.MI.SS.FF AM'));
Insert into ENDURANCEDTL (TESTSTEP,TIMEINMIN,SPEED,TOTMILES,LOAD,LOADPERCENT,SETINFLATION,AMBTEMP,INFPRESSURE,STEPCOMPLETIONDATE,ENDURANCEID,CREATEDBY,CREATEDON,MODIFIEDBY,MODIFIEDON) values (4,14,null,54,16,64,null,29,154,to_timestamp('26-AUG-10 12.00.00.000000000 AM','DD-MON-RR HH.MI.SS.FF AM'),4,'ICSDEV',to_timestamp('04-SEP-10 11.38.24.470000000 AM','DD-MON-RR HH.MI.SS.FF AM'),'ICSDEV',to_timestamp('04-SEP-10 11.38.24.470000000 AM','DD-MON-RR HH.MI.SS.FF AM'));
Insert into ENDURANCEDTL (TESTSTEP,TIMEINMIN,SPEED,TOTMILES,LOAD,LOADPERCENT,SETINFLATION,AMBTEMP,INFPRESSURE,STEPCOMPLETIONDATE,ENDURANCEID,CREATEDBY,CREATEDON,MODIFIEDBY,MODIFIEDON) values (null,null,null,null,null,null,null,25,150,to_timestamp('22-AUG-10 12.00.00.000000000 AM','DD-MON-RR HH.MI.SS.FF AM'),5,'ICSDEV',to_timestamp('04-SEP-10 11.39.12.942000000 AM','DD-MON-RR HH.MI.SS.FF AM'),'ICSDEV',to_timestamp('04-SEP-10 11.39.12.942000000 AM','DD-MON-RR HH.MI.SS.FF AM'));
Insert into ENDURANCEDTL (TESTSTEP,TIMEINMIN,SPEED,TOTMILES,LOAD,LOADPERCENT,SETINFLATION,AMBTEMP,INFPRESSURE,STEPCOMPLETIONDATE,ENDURANCEID,CREATEDBY,CREATEDON,MODIFIEDBY,MODIFIEDON) values (1,11,null,51,13,61,null,26,151,to_timestamp('23-AUG-10 12.00.00.000000000 AM','DD-MON-RR HH.MI.SS.FF AM'),5,'ICSDEV',to_timestamp('04-SEP-10 11.39.12.943000000 AM','DD-MON-RR HH.MI.SS.FF AM'),'ICSDEV',to_timestamp('04-SEP-10 11.39.12.943000000 AM','DD-MON-RR HH.MI.SS.FF AM'));
Insert into ENDURANCEDTL (TESTSTEP,TIMEINMIN,SPEED,TOTMILES,LOAD,LOADPERCENT,SETINFLATION,AMBTEMP,INFPRESSURE,STEPCOMPLETIONDATE,ENDURANCEID,CREATEDBY,CREATEDON,MODIFIEDBY,MODIFIEDON) values (2,12,null,52,14,62,null,27,152,to_timestamp('24-AUG-10 12.00.00.000000000 AM','DD-MON-RR HH.MI.SS.FF AM'),5,'ICSDEV',to_timestamp('04-SEP-10 11.39.12.944000000 AM','DD-MON-RR HH.MI.SS.FF AM'),'ICSDEV',to_timestamp('04-SEP-10 11.39.12.944000000 AM','DD-MON-RR HH.MI.SS.FF AM'));
Insert into ENDURANCEDTL (TESTSTEP,TIMEINMIN,SPEED,TOTMILES,LOAD,LOADPERCENT,SETINFLATION,AMBTEMP,INFPRESSURE,STEPCOMPLETIONDATE,ENDURANCEID,CREATEDBY,CREATEDON,MODIFIEDBY,MODIFIEDON) values (3,13,null,53,15,63,null,28,153,to_timestamp('25-AUG-10 12.00.00.000000000 AM','DD-MON-RR HH.MI.SS.FF AM'),5,'ICSDEV',to_timestamp('04-SEP-10 11.39.12.945000000 AM','DD-MON-RR HH.MI.SS.FF AM'),'ICSDEV',to_timestamp('04-SEP-10 11.39.12.945000000 AM','DD-MON-RR HH.MI.SS.FF AM'));
Insert into ENDURANCEDTL (TESTSTEP,TIMEINMIN,SPEED,TOTMILES,LOAD,LOADPERCENT,SETINFLATION,AMBTEMP,INFPRESSURE,STEPCOMPLETIONDATE,ENDURANCEID,CREATEDBY,CREATEDON,MODIFIEDBY,MODIFIEDON) values (4,14,null,54,16,64,null,29,154,to_timestamp('26-AUG-10 12.00.00.000000000 AM','DD-MON-RR HH.MI.SS.FF AM'),5,'ICSDEV',to_timestamp('04-SEP-10 11.39.12.946000000 AM','DD-MON-RR HH.MI.SS.FF AM'),'ICSDEV',to_timestamp('04-SEP-10 11.39.12.946000000 AM','DD-MON-RR HH.MI.SS.FF AM'));
Insert into ENDURANCEDTL (TESTSTEP,TIMEINMIN,SPEED,TOTMILES,LOAD,LOADPERCENT,SETINFLATION,AMBTEMP,INFPRESSURE,STEPCOMPLETIONDATE,ENDURANCEID,CREATEDBY,CREATEDON,MODIFIEDBY,MODIFIEDON) values (null,null,null,null,null,null,null,25,150,to_timestamp('22-AUG-10 12.00.00.000000000 AM','DD-MON-RR HH.MI.SS.FF AM'),6,'ICSDEV',to_timestamp('04-SEP-10 11.41.15.640000000 AM','DD-MON-RR HH.MI.SS.FF AM'),'ICSDEV',to_timestamp('04-SEP-10 11.41.15.640000000 AM','DD-MON-RR HH.MI.SS.FF AM'));
Insert into ENDURANCEDTL (TESTSTEP,TIMEINMIN,SPEED,TOTMILES,LOAD,LOADPERCENT,SETINFLATION,AMBTEMP,INFPRESSURE,STEPCOMPLETIONDATE,ENDURANCEID,CREATEDBY,CREATEDON,MODIFIEDBY,MODIFIEDON) values (1,11,null,51,13,61,null,26,151,to_timestamp('23-AUG-10 12.00.00.000000000 AM','DD-MON-RR HH.MI.SS.FF AM'),6,'ICSDEV',to_timestamp('04-SEP-10 11.41.15.641000000 AM','DD-MON-RR HH.MI.SS.FF AM'),'ICSDEV',to_timestamp('04-SEP-10 11.41.15.641000000 AM','DD-MON-RR HH.MI.SS.FF AM'));
Insert into ENDURANCEDTL (TESTSTEP,TIMEINMIN,SPEED,TOTMILES,LOAD,LOADPERCENT,SETINFLATION,AMBTEMP,INFPRESSURE,STEPCOMPLETIONDATE,ENDURANCEID,CREATEDBY,CREATEDON,MODIFIEDBY,MODIFIEDON) values (2,12,null,52,14,62,null,27,152,to_timestamp('24-AUG-10 12.00.00.000000000 AM','DD-MON-RR HH.MI.SS.FF AM'),6,'ICSDEV',to_timestamp('04-SEP-10 11.41.15.642000000 AM','DD-MON-RR HH.MI.SS.FF AM'),'ICSDEV',to_timestamp('04-SEP-10 11.41.15.642000000 AM','DD-MON-RR HH.MI.SS.FF AM'));
Insert into ENDURANCEDTL (TESTSTEP,TIMEINMIN,SPEED,TOTMILES,LOAD,LOADPERCENT,SETINFLATION,AMBTEMP,INFPRESSURE,STEPCOMPLETIONDATE,ENDURANCEID,CREATEDBY,CREATEDON,MODIFIEDBY,MODIFIEDON) values (3,13,null,53,15,63,null,28,153,to_timestamp('25-AUG-10 12.00.00.000000000 AM','DD-MON-RR HH.MI.SS.FF AM'),6,'ICSDEV',to_timestamp('04-SEP-10 11.41.15.643000000 AM','DD-MON-RR HH.MI.SS.FF AM'),'ICSDEV',to_timestamp('04-SEP-10 11.41.15.643000000 AM','DD-MON-RR HH.MI.SS.FF AM'));
Insert into ENDURANCEDTL (TESTSTEP,TIMEINMIN,SPEED,TOTMILES,LOAD,LOADPERCENT,SETINFLATION,AMBTEMP,INFPRESSURE,STEPCOMPLETIONDATE,ENDURANCEID,CREATEDBY,CREATEDON,MODIFIEDBY,MODIFIEDON) values (4,14,null,54,16,64,null,29,154,to_timestamp('26-AUG-10 12.00.00.000000000 AM','DD-MON-RR HH.MI.SS.FF AM'),6,'ICSDEV',to_timestamp('04-SEP-10 11.41.15.645000000 AM','DD-MON-RR HH.MI.SS.FF AM'),'ICSDEV',to_timestamp('04-SEP-10 11.41.15.645000000 AM','DD-MON-RR HH.MI.SS.FF AM'));
Insert into ENDURANCEDTL (TESTSTEP,TIMEINMIN,SPEED,TOTMILES,LOAD,LOADPERCENT,SETINFLATION,AMBTEMP,INFPRESSURE,STEPCOMPLETIONDATE,ENDURANCEID,CREATEDBY,CREATEDON,MODIFIEDBY,MODIFIEDON) values (null,null,null,null,null,null,null,25,150,to_timestamp('22-AUG-10 12.00.00.000000000 AM','DD-MON-RR HH.MI.SS.FF AM'),7,'ICSDEV',to_timestamp('04-SEP-10 11.43.06.822000000 AM','DD-MON-RR HH.MI.SS.FF AM'),'ICSDEV',to_timestamp('04-SEP-10 11.43.06.822000000 AM','DD-MON-RR HH.MI.SS.FF AM'));
Insert into ENDURANCEDTL (TESTSTEP,TIMEINMIN,SPEED,TOTMILES,LOAD,LOADPERCENT,SETINFLATION,AMBTEMP,INFPRESSURE,STEPCOMPLETIONDATE,ENDURANCEID,CREATEDBY,CREATEDON,MODIFIEDBY,MODIFIEDON) values (1,11,null,51,13,61,null,26,151,to_timestamp('23-AUG-10 12.00.00.000000000 AM','DD-MON-RR HH.MI.SS.FF AM'),7,'ICSDEV',to_timestamp('04-SEP-10 11.43.06.823000000 AM','DD-MON-RR HH.MI.SS.FF AM'),'ICSDEV',to_timestamp('04-SEP-10 11.43.06.823000000 AM','DD-MON-RR HH.MI.SS.FF AM'));
Insert into ENDURANCEDTL (TESTSTEP,TIMEINMIN,SPEED,TOTMILES,LOAD,LOADPERCENT,SETINFLATION,AMBTEMP,INFPRESSURE,STEPCOMPLETIONDATE,ENDURANCEID,CREATEDBY,CREATEDON,MODIFIEDBY,MODIFIEDON) values (2,12,null,52,14,62,null,27,152,to_timestamp('24-AUG-10 12.00.00.000000000 AM','DD-MON-RR HH.MI.SS.FF AM'),7,'ICSDEV',to_timestamp('04-SEP-10 11.43.06.824000000 AM','DD-MON-RR HH.MI.SS.FF AM'),'ICSDEV',to_timestamp('04-SEP-10 11.43.06.824000000 AM','DD-MON-RR HH.MI.SS.FF AM'));
Insert into ENDURANCEDTL (TESTSTEP,TIMEINMIN,SPEED,TOTMILES,LOAD,LOADPERCENT,SETINFLATION,AMBTEMP,INFPRESSURE,STEPCOMPLETIONDATE,ENDURANCEID,CREATEDBY,CREATEDON,MODIFIEDBY,MODIFIEDON) values (3,13,null,53,15,63,null,28,153,to_timestamp('25-AUG-10 12.00.00.000000000 AM','DD-MON-RR HH.MI.SS.FF AM'),7,'ICSDEV',to_timestamp('04-SEP-10 11.43.06.825000000 AM','DD-MON-RR HH.MI.SS.FF AM'),'ICSDEV',to_timestamp('04-SEP-10 11.43.06.825000000 AM','DD-MON-RR HH.MI.SS.FF AM'));
Insert into ENDURANCEDTL (TESTSTEP,TIMEINMIN,SPEED,TOTMILES,LOAD,LOADPERCENT,SETINFLATION,AMBTEMP,INFPRESSURE,STEPCOMPLETIONDATE,ENDURANCEID,CREATEDBY,CREATEDON,MODIFIEDBY,MODIFIEDON) values (4,14,null,54,16,64,null,29,154,to_timestamp('26-AUG-10 12.00.00.000000000 AM','DD-MON-RR HH.MI.SS.FF AM'),7,'ICSDEV',to_timestamp('04-SEP-10 11.43.06.826000000 AM','DD-MON-RR HH.MI.SS.FF AM'),'ICSDEV',to_timestamp('04-SEP-10 11.43.06.826000000 AM','DD-MON-RR HH.MI.SS.FF AM'));
Insert into ENDURANCEDTL (TESTSTEP,TIMEINMIN,SPEED,TOTMILES,LOAD,LOADPERCENT,SETINFLATION,AMBTEMP,INFPRESSURE,STEPCOMPLETIONDATE,ENDURANCEID,CREATEDBY,CREATEDON,MODIFIEDBY,MODIFIEDON) values (null,null,null,null,null,null,null,25,150,to_timestamp('22-AUG-10 12.00.00.000000000 AM','DD-MON-RR HH.MI.SS.FF AM'),8,'ICSDEV',to_timestamp('04-SEP-10 11.48.03.967000000 AM','DD-MON-RR HH.MI.SS.FF AM'),'ICSDEV',to_timestamp('04-SEP-10 11.48.03.967000000 AM','DD-MON-RR HH.MI.SS.FF AM'));
Insert into ENDURANCEDTL (TESTSTEP,TIMEINMIN,SPEED,TOTMILES,LOAD,LOADPERCENT,SETINFLATION,AMBTEMP,INFPRESSURE,STEPCOMPLETIONDATE,ENDURANCEID,CREATEDBY,CREATEDON,MODIFIEDBY,MODIFIEDON) values (1,11,null,51,13,61,null,26,151,to_timestamp('23-AUG-10 12.00.00.000000000 AM','DD-MON-RR HH.MI.SS.FF AM'),8,'ICSDEV',to_timestamp('04-SEP-10 11.48.03.969000000 AM','DD-MON-RR HH.MI.SS.FF AM'),'ICSDEV',to_timestamp('04-SEP-10 11.48.03.969000000 AM','DD-MON-RR HH.MI.SS.FF AM'));
Insert into ENDURANCEDTL (TESTSTEP,TIMEINMIN,SPEED,TOTMILES,LOAD,LOADPERCENT,SETINFLATION,AMBTEMP,INFPRESSURE,STEPCOMPLETIONDATE,ENDURANCEID,CREATEDBY,CREATEDON,MODIFIEDBY,MODIFIEDON) values (2,12,null,52,14,62,null,27,152,to_timestamp('24-AUG-10 12.00.00.000000000 AM','DD-MON-RR HH.MI.SS.FF AM'),8,'ICSDEV',to_timestamp('04-SEP-10 11.48.03.970000000 AM','DD-MON-RR HH.MI.SS.FF AM'),'ICSDEV',to_timestamp('04-SEP-10 11.48.03.970000000 AM','DD-MON-RR HH.MI.SS.FF AM'));
Insert into ENDURANCEDTL (TESTSTEP,TIMEINMIN,SPEED,TOTMILES,LOAD,LOADPERCENT,SETINFLATION,AMBTEMP,INFPRESSURE,STEPCOMPLETIONDATE,ENDURANCEID,CREATEDBY,CREATEDON,MODIFIEDBY,MODIFIEDON) values (3,13,null,53,15,63,null,28,153,to_timestamp('25-AUG-10 12.00.00.000000000 AM','DD-MON-RR HH.MI.SS.FF AM'),8,'ICSDEV',to_timestamp('04-SEP-10 11.48.03.971000000 AM','DD-MON-RR HH.MI.SS.FF AM'),'ICSDEV',to_timestamp('04-SEP-10 11.48.03.971000000 AM','DD-MON-RR HH.MI.SS.FF AM'));
Insert into ENDURANCEDTL (TESTSTEP,TIMEINMIN,SPEED,TOTMILES,LOAD,LOADPERCENT,SETINFLATION,AMBTEMP,INFPRESSURE,STEPCOMPLETIONDATE,ENDURANCEID,CREATEDBY,CREATEDON,MODIFIEDBY,MODIFIEDON) values (4,14,null,54,16,64,null,29,154,to_timestamp('26-AUG-10 12.00.00.000000000 AM','DD-MON-RR HH.MI.SS.FF AM'),8,'ICSDEV',to_timestamp('04-SEP-10 11.48.03.972000000 AM','DD-MON-RR HH.MI.SS.FF AM'),'ICSDEV',to_timestamp('04-SEP-10 11.48.03.972000000 AM','DD-MON-RR HH.MI.SS.FF AM'));
Insert into ENDURANCEDTL (TESTSTEP,TIMEINMIN,SPEED,TOTMILES,LOAD,LOADPERCENT,SETINFLATION,AMBTEMP,INFPRESSURE,STEPCOMPLETIONDATE,ENDURANCEID,CREATEDBY,CREATEDON,MODIFIEDBY,MODIFIEDON) values (null,null,null,null,null,null,null,25,150,to_timestamp('22-AUG-10 12.00.00.000000000 AM','DD-MON-RR HH.MI.SS.FF AM'),9,'ICSDEV',to_timestamp('04-SEP-10 11.49.56.235000000 AM','DD-MON-RR HH.MI.SS.FF AM'),'ICSDEV',to_timestamp('04-SEP-10 11.49.56.235000000 AM','DD-MON-RR HH.MI.SS.FF AM'));
Insert into ENDURANCEDTL (TESTSTEP,TIMEINMIN,SPEED,TOTMILES,LOAD,LOADPERCENT,SETINFLATION,AMBTEMP,INFPRESSURE,STEPCOMPLETIONDATE,ENDURANCEID,CREATEDBY,CREATEDON,MODIFIEDBY,MODIFIEDON) values (1,11,null,51,13,61,null,26,151,to_timestamp('23-AUG-10 12.00.00.000000000 AM','DD-MON-RR HH.MI.SS.FF AM'),9,'ICSDEV',to_timestamp('04-SEP-10 11.49.56.236000000 AM','DD-MON-RR HH.MI.SS.FF AM'),'ICSDEV',to_timestamp('04-SEP-10 11.49.56.236000000 AM','DD-MON-RR HH.MI.SS.FF AM'));
Insert into ENDURANCEDTL (TESTSTEP,TIMEINMIN,SPEED,TOTMILES,LOAD,LOADPERCENT,SETINFLATION,AMBTEMP,INFPRESSURE,STEPCOMPLETIONDATE,ENDURANCEID,CREATEDBY,CREATEDON,MODIFIEDBY,MODIFIEDON) values (2,12,null,52,14,62,null,27,152,to_timestamp('24-AUG-10 12.00.00.000000000 AM','DD-MON-RR HH.MI.SS.FF AM'),9,'ICSDEV',to_timestamp('04-SEP-10 11.49.56.237000000 AM','DD-MON-RR HH.MI.SS.FF AM'),'ICSDEV',to_timestamp('04-SEP-10 11.49.56.237000000 AM','DD-MON-RR HH.MI.SS.FF AM'));
Insert into ENDURANCEDTL (TESTSTEP,TIMEINMIN,SPEED,TOTMILES,LOAD,LOADPERCENT,SETINFLATION,AMBTEMP,INFPRESSURE,STEPCOMPLETIONDATE,ENDURANCEID,CREATEDBY,CREATEDON,MODIFIEDBY,MODIFIEDON) values (3,13,null,53,15,63,null,28,153,to_timestamp('25-AUG-10 12.00.00.000000000 AM','DD-MON-RR HH.MI.SS.FF AM'),9,'ICSDEV',to_timestamp('04-SEP-10 11.49.56.238000000 AM','DD-MON-RR HH.MI.SS.FF AM'),'ICSDEV',to_timestamp('04-SEP-10 11.49.56.238000000 AM','DD-MON-RR HH.MI.SS.FF AM'));
Insert into ENDURANCEDTL (TESTSTEP,TIMEINMIN,SPEED,TOTMILES,LOAD,LOADPERCENT,SETINFLATION,AMBTEMP,INFPRESSURE,STEPCOMPLETIONDATE,ENDURANCEID,CREATEDBY,CREATEDON,MODIFIEDBY,MODIFIEDON) values (4,14,null,54,16,64,null,29,154,to_timestamp('26-AUG-10 12.00.00.000000000 AM','DD-MON-RR HH.MI.SS.FF AM'),9,'ICSDEV',to_timestamp('04-SEP-10 11.49.56.239000000 AM','DD-MON-RR HH.MI.SS.FF AM'),'ICSDEV',to_timestamp('04-SEP-10 11.49.56.239000000 AM','DD-MON-RR HH.MI.SS.FF AM'));

---------------------------------------------------
--   END DATA FOR TABLE ENDURANCEDTL
---------------------------------------------------
