Insert into NPR_MASTER (NPRID,CUSTOMERNAME  ) values (492,null  );
Insert into NPR_MASTER (NPRID,CUSTOMERNAME  ) values (1535,null  );
Insert into NPR_MASTER (NPRID,CUSTOMERNAME  ) values (2535,null  );
Insert into NPR_MASTER (NPRID,CUSTOMERNAME  ) values (2556,null  );
Insert into NPR_MASTER (NPRID,CUSTOMERNAME  ) values (2557,null  );
Insert into NPR_MASTER (NPRID,CUSTOMERNAME  ) values (2936,null  );
Insert into NPR_MASTER (NPRID,CUSTOMERNAME  ) values (3007,null  );
Insert into NPR_MASTER (NPRID,CUSTOMERNAME  ) values (3088,null  );
Insert into NPR_MASTER (NPRID,CUSTOMERNAME  ) values (3200,null  );
Insert into NPR_MASTER (NPRID,CUSTOMERNAME  ) values (3215,null  );
Insert into NPR_MASTER (NPRID,CUSTOMERNAME  ) values (5080,null  );
Insert into NPR_MASTER (NPRID,CUSTOMERNAME  ) values (5214,null  );
Insert into NPR_MASTER (NPRID,CUSTOMERNAME  ) values (9203,null  );
Insert into NPR_MASTER (NPRID,CUSTOMERNAME  ) values (30260,null  );
Insert into NPR_MASTER (NPRID,CUSTOMERNAME  ) values (30524,null  );
Insert into NPR_MASTER (NPRID,CUSTOMERNAME  ) values (30683,null  );
Insert into NPR_MASTER (NPRID,CUSTOMERNAME  ) values (30684,null  );
Insert into NPR_MASTER (NPRID,CUSTOMERNAME  ) values (30685,null  );
Insert into NPR_MASTER (NPRID,CUSTOMERNAME  ) values (30839,null  );
Insert into NPR_MASTER (NPRID,CUSTOMERNAME  ) values (30885,null  );
Insert into NPR_MASTER (NPRID,CUSTOMERNAME  ) values (30968,null  );
Insert into NPR_MASTER (NPRID,CUSTOMERNAME  ) values (30986,null  );
Insert into NPR_MASTER (NPRID,CUSTOMERNAME  ) values (31339,null  );
Insert into NPR_MASTER (NPRID,CUSTOMERNAME  ) values (31630,null  );
Insert into NPR_MASTER (NPRID,CUSTOMERNAME  ) values (31638,null  );
Insert into NPR_MASTER (NPRID,CUSTOMERNAME  ) values (31647,null  );
Insert into NPR_MASTER (NPRID,CUSTOMERNAME  ) values (31736,null  );
Insert into NPR_MASTER (NPRID,CUSTOMERNAME  ) values (31753,null  );
Insert into NPR_MASTER (NPRID,CUSTOMERNAME  ) values (31754,null  );
Insert into NPR_MASTER (NPRID,CUSTOMERNAME  ) values (31755,null  );
Insert into NPR_MASTER (NPRID,CUSTOMERNAME  ) values (31756,null  );
Insert into NPR_MASTER (NPRID,CUSTOMERNAME  ) values (31758,null  );
Insert into NPR_MASTER (NPRID,CUSTOMERNAME  ) values (31801,null  );
Insert into NPR_MASTER (NPRID,CUSTOMERNAME  ) values (31807,null  );
Insert into NPR_MASTER (NPRID,CUSTOMERNAME  ) values (31821,null  );
Insert into NPR_MASTER (NPRID,CUSTOMERNAME  ) values (31906,null  );
Insert into NPR_MASTER (NPRID,CUSTOMERNAME  ) values (31926,null  );
Insert into NPR_MASTER (NPRID,CUSTOMERNAME  ) values (31978,null  );
Insert into NPR_MASTER (NPRID,CUSTOMERNAME  ) values (32196,null  );
Insert into NPR_MASTER (NPRID,CUSTOMERNAME  ) values (32323,null  );
Insert into NPR_MASTER (NPRID,CUSTOMERNAME  ) values (32362,null  );
Insert into NPR_MASTER (NPRID,CUSTOMERNAME  ) values (32564,null  );
Insert into NPR_MASTER (NPRID,CUSTOMERNAME  ) values (32995,null  );
Insert into NPR_MASTER (NPRID,CUSTOMERNAME  ) values (33126,null  );
Insert into NPR_MASTER (NPRID,CUSTOMERNAME  ) values (33153,null  );
Insert into NPR_MASTER (NPRID,CUSTOMERNAME  ) values (33355,null  );
Insert into NPR_MASTER (NPRID,CUSTOMERNAME  ) values (33834,null  );
Insert into NPR_MASTER (NPRID,CUSTOMERNAME  ) values (34475,null  );
Insert into NPR_MASTER (NPRID,CUSTOMERNAME  ) values (35678,null  );
Insert into NPR_MASTER (NPRID,CUSTOMERNAME  ) values (36182,null  );

select count(*) as Total_npr_master from npr_master;

Insert into BRAND (BRANDCODE,BRANDNAME  ) values ('053','STINGER RADIAL GTS');  
Insert into BRAND (BRANDCODE,BRANDNAME  ) values ('2HC','AVON ZV-3 (H-RATED)');  
Insert into BRAND (BRANDCODE,BRANDNAME  ) values ('4KE','COOPER DISCOVERER H/T (T-RATED)');  
Insert into BRAND (BRANDCODE,BRANDNAME  ) values ('4KX','COOPER DISCOVERER H/T PLUS (T-RATED)');  
Insert into BRAND (BRANDCODE,BRANDNAME  ) values ('4KY','MASTERCRAFT COURSER HTR PLUS (T-RATED)'); 
Insert into BRAND (BRANDCODE,BRANDNAME  ) values ('4MW','COOPER CS4 TOURING (TR)');  
Insert into BRAND (BRANDCODE,BRANDNAME  ) values ('4MX','COOPER CS4 TOURING (HR)');  
Insert into BRAND (BRANDCODE,BRANDNAME  ) values ('4MY','COOPER CS4 TOURING (VR)');  
Insert into BRAND (BRANDCODE,BRANDNAME  ) values ('4NA','MASTERCRAFT AVENGER TOURING LSR (TR)');  
Insert into BRAND (BRANDCODE,BRANDNAME  ) values ('4NE','MASTERCRAFT AVENGER TOURING LSR (VR)'); 
Insert into BRAND (BRANDCODE,BRANDNAME  ) values ('4PL','COOPER ZEON XST A (V-RATED)');  
Insert into BRAND (BRANDCODE,BRANDNAME  ) values ('595','MASTERCRAFT COURSER HTR');  
Insert into BRAND (BRANDCODE,BRANDNAME  ) values ('5CC','WILDCAT RADIAL A/T');  
Insert into BRAND (BRANDCODE,BRANDNAME  ) values ('5CY','HERCULES TERRA TRAC HT');  
Insert into BRAND (BRANDCODE,BRANDNAME  ) values ('5EY','COOPER ZEON LTZ');  
Insert into BRAND (BRANDCODE,BRANDNAME  ) values ('5FJ','MASTERCRAFT COURSER A/T 2');  
Insert into BRAND (BRANDCODE,BRANDNAME  ) values ('5GC','WILD SPIRIT SPORT H/T');  
Insert into BRAND (BRANDCODE,BRANDNAME  ) values ('759','WILDCAT TOURING SLT');  
Insert into BRAND (BRANDCODE,BRANDNAME  ) values ('916','DEAN A220 (LONG HAUL TRUCK - ALL POSITION)'); 

select count(*) as Total_brand from brand;

Insert into PRODUCT (SKUID,SKU,BRANDCODE,TIRETYPEID,NPRID,SIZESTAMP,DISCONTINUEDDATE,SPECNUMBER,SPEEDRATING,SINGLOADINDEX,DUALLOADINDEX,BELTEDRADIALYN,TUBELESSYN,REINFORCEDYN,EXTRALOADYN,UTQGTREADWEAR,UTQGTRACTION,UTQGTEMP,MUDSNOWYN,RIMDIAMETER,SERIALDATE,BRANDDESC,LOADRANGE,MEARIMWIDTH,REGROOVABLEIND,PLANTPRODUCED,MOSTRECENTTESTDATE,IMARK,INFORMENUMBER,FECHADATE,TREADPATTERN,SPECIALPROTECTIVEBAND,NOMINALTIREWIDTH,ASPECTRADIO,TREADWEARINDICATORS,NAMEOFMANUFACTURER,FAMILY,DOTSERIALNUMBER) values (1002,'L119161136','916',7,35678,'11R22.5',null,'9999',null,null,null,null,null,null,null,null,null,null,null,null,null,'DEAN A220 (LONG HAUL TRUCK - ALL POSITION)',null,null,null,null,null,null, null,null,null,null,null,null,null,null,null,null);
Insert into PRODUCT (SKUID,SKU,BRANDCODE,TIRETYPEID,NPRID,SIZESTAMP,DISCONTINUEDDATE,SPECNUMBER,SPEEDRATING,SINGLOADINDEX,DUALLOADINDEX,BELTEDRADIALYN,TUBELESSYN,REINFORCEDYN,EXTRALOADYN,UTQGTREADWEAR,UTQGTRACTION,UTQGTEMP,MUDSNOWYN,RIMDIAMETER,SERIALDATE,BRANDDESC,LOADRANGE,MEARIMWIDTH,REGROOVABLEIND,PLANTPRODUCED,MOSTRECENTTESTDATE,IMARK,INFORMENUMBER,FECHADATE,TREADPATTERN,SPECIALPROTECTIVEBAND,NOMINALTIREWIDTH,ASPECTRADIO,TREADWEARINDICATORS,NAMEOFMANUFACTURER,FAMILY,DOTSERIALNUMBER) values (1003,'L119161208','916',7,32323,'12.00R20',null,'9999',null,null,null,null,null,null,null,null,null,null,null,null,null,'DEAN A220 (LONG HAUL TRUCK - ALL POSITION)',null,null,null,null,null,null, null,null,null,null,null,null,null,null,null,null);
Insert into PRODUCT (SKUID,SKU,BRANDCODE,TIRETYPEID,NPRID,SIZESTAMP,DISCONTINUEDDATE,SPECNUMBER,SPEEDRATING,SINGLOADINDEX,DUALLOADINDEX,BELTEDRADIALYN,TUBELESSYN,REINFORCEDYN,EXTRALOADYN,UTQGTREADWEAR,UTQGTRACTION,UTQGTEMP,MUDSNOWYN,RIMDIAMETER,SERIALDATE,BRANDDESC,LOADRANGE,MEARIMWIDTH,REGROOVABLEIND,PLANTPRODUCED,MOSTRECENTTESTDATE,IMARK,INFORMENUMBER,FECHADATE,TREADPATTERN,SPECIALPROTECTIVEBAND,NOMINALTIREWIDTH,ASPECTRADIO,TREADWEARINDICATORS,NAMEOFMANUFACTURER,FAMILY,DOTSERIALNUMBER) values (1004,'L119169006','916',7,34475,'9.00R20',null,'9999',null,null,null,null,null,null,null,null,null,null,null,null,null,'DEAN A220 (LONG HAUL TRUCK - ALL POSITION)',null,null,null,null,null,null, null,null,null,null,null,null,null,null,null,null);
Insert into PRODUCT (SKUID,SKU,BRANDCODE,TIRETYPEID,NPRID,SIZESTAMP,DISCONTINUEDDATE,SPECNUMBER,SPEEDRATING,SINGLOADINDEX,DUALLOADINDEX,BELTEDRADIALYN,TUBELESSYN,REINFORCEDYN,EXTRALOADYN,UTQGTREADWEAR,UTQGTRACTION,UTQGTEMP,MUDSNOWYN,RIMDIAMETER,SERIALDATE,BRANDDESC,LOADRANGE,MEARIMWIDTH,REGROOVABLEIND,PLANTPRODUCED,MOSTRECENTTESTDATE,IMARK,INFORMENUMBER,FECHADATE,TREADPATTERN,SPECIALPROTECTIVEBAND,NOMINALTIREWIDTH,ASPECTRADIO,TREADWEARINDICATORS,NAMEOFMANUFACTURER,FAMILY,DOTSERIALNUMBER) values (1005,'L119169578','916',7,35678,'9.5R17.5',null,'9999',null,null,null,null,null,null,null,null,null,null,null,null,null,'DEAN A220 (LONG HAUL TRUCK - ALL POSITION)',null,null,null,null,null,null, null,null,null,null,null,null,null,null,null,null);
Insert into PRODUCT (SKUID,SKU,BRANDCODE,TIRETYPEID,NPRID,SIZESTAMP,DISCONTINUEDDATE,SPECNUMBER,SPEEDRATING,SINGLOADINDEX,DUALLOADINDEX,BELTEDRADIALYN,TUBELESSYN,REINFORCEDYN,EXTRALOADYN,UTQGTREADWEAR,UTQGTRACTION,UTQGTEMP,MUDSNOWYN,RIMDIAMETER,SERIALDATE,BRANDDESC,LOADRANGE,MEARIMWIDTH,REGROOVABLEIND,PLANTPRODUCED,MOSTRECENTTESTDATE,IMARK,INFORMENUMBER,FECHADATE,TREADPATTERN,SPECIALPROTECTIVEBAND,NOMINALTIREWIDTH,ASPECTRADIO,TREADWEARINDICATORS,NAMEOFMANUFACTURER,FAMILY,DOTSERIALNUMBER) values (1006,'L11916F536','916',7,35678,'295/80R22.5',null,'9999',null,null,null,null,null,null,null,null,null,null,null,null,null,'DEAN A220 (LONG HAUL TRUCK - ALL POSITION)',null,null,null,null,null,null, null,null,null,null,null,null,null,null,null,null);
Insert into PRODUCT (SKUID,SKU,BRANDCODE,TIRETYPEID,NPRID,SIZESTAMP,DISCONTINUEDDATE,SPECNUMBER,SPEEDRATING,SINGLOADINDEX,DUALLOADINDEX,BELTEDRADIALYN,TUBELESSYN,REINFORCEDYN,EXTRALOADYN,UTQGTREADWEAR,UTQGTRACTION,UTQGTEMP,MUDSNOWYN,RIMDIAMETER,SERIALDATE,BRANDDESC,LOADRANGE,MEARIMWIDTH,REGROOVABLEIND,PLANTPRODUCED,MOSTRECENTTESTDATE,IMARK,INFORMENUMBER,FECHADATE,TREADPATTERN,SPECIALPROTECTIVEBAND,NOMINALTIREWIDTH,ASPECTRADIO,TREADWEARINDICATORS,NAMEOFMANUFACTURER,FAMILY,DOTSERIALNUMBER) values (1007,'W112FKR764','2FK',1,31821,'215/70R16',null,'1704',null,null,null,null,null,null,null,null,null,null,null,null,null,'WILDCAT TOURING SLT',null,null,null,null,null,null, null,null,null,null,null,null,null,null,null,null);
Insert into PRODUCT (SKUID,SKU,BRANDCODE,TIRETYPEID,NPRID,SIZESTAMP,DISCONTINUEDDATE,SPECNUMBER,SPEEDRATING,SINGLOADINDEX,DUALLOADINDEX,BELTEDRADIALYN,TUBELESSYN,REINFORCEDYN,EXTRALOADYN,UTQGTREADWEAR,UTQGTRACTION,UTQGTEMP,MUDSNOWYN,RIMDIAMETER,SERIALDATE,BRANDDESC,LOADRANGE,MEARIMWIDTH,REGROOVABLEIND,PLANTPRODUCED,MOSTRECENTTESTDATE,IMARK,INFORMENUMBER,FECHADATE,TREADPATTERN,SPECIALPROTECTIVEBAND,NOMINALTIREWIDTH,ASPECTRADIO,TREADWEARINDICATORS,NAMEOFMANUFACTURER,FAMILY,DOTSERIALNUMBER) values (1008,'W112FKR764','2FK',1,31821,'215/70R16',null,'1704',null,null,null,null,null,null,null,null,null,null,null,null,null,'WILDCAT TOURING SLT',null,null,null,null,null,null, null,null,null,null,null,null,null,null,null,null);
Insert into PRODUCT (SKUID,SKU,BRANDCODE,TIRETYPEID,NPRID,SIZESTAMP,DISCONTINUEDDATE,SPECNUMBER,SPEEDRATING,SINGLOADINDEX,DUALLOADINDEX,BELTEDRADIALYN,TUBELESSYN,REINFORCEDYN,EXTRALOADYN,UTQGTREADWEAR,UTQGTRACTION,UTQGTEMP,MUDSNOWYN,RIMDIAMETER,SERIALDATE,BRANDDESC,LOADRANGE,MEARIMWIDTH,REGROOVABLEIND,PLANTPRODUCED,MOSTRECENTTESTDATE,IMARK,INFORMENUMBER,FECHADATE,TREADPATTERN,SPECIALPROTECTIVEBAND,NOMINALTIREWIDTH,ASPECTRADIO,TREADWEARINDICATORS,NAMEOFMANUFACTURER,FAMILY,DOTSERIALNUMBER) values (1009,'W112FKR764','2FK',1,31821,'215/70R16',null,'1247',null,null,null,null,null,null,null,null,null,null,null,null,null,'WILDCAT TOURING SLT',null,null,null,null,null,null, null,null,null,null,null,null,null,null,null,null);
Insert into PRODUCT (SKUID,SKU,BRANDCODE,TIRETYPEID,NPRID,SIZESTAMP,DISCONTINUEDDATE,SPECNUMBER,SPEEDRATING,SINGLOADINDEX,DUALLOADINDEX,BELTEDRADIALYN,TUBELESSYN,REINFORCEDYN,EXTRALOADYN,UTQGTREADWEAR,UTQGTRACTION,UTQGTEMP,MUDSNOWYN,RIMDIAMETER,SERIALDATE,BRANDDESC,LOADRANGE,MEARIMWIDTH,REGROOVABLEIND,PLANTPRODUCED,MOSTRECENTTESTDATE,IMARK,INFORMENUMBER,FECHADATE,TREADPATTERN,SPECIALPROTECTIVEBAND,NOMINALTIREWIDTH,ASPECTRADIO,TREADWEARINDICATORS,NAMEOFMANUFACTURER,FAMILY,DOTSERIALNUMBER) values (1010,'W112HCE456','2HC',1,32362,'185/60R15',null,'9999',null,null,null,null,null,null,null,null,null,null,null,null,null,'AVON ZV-3 (H-RATED)',null,null,null,null,null,null, null,null,null,null,null,null,null,null,null,null);
Insert into PRODUCT (SKUID,SKU,BRANDCODE,TIRETYPEID,NPRID,SIZESTAMP,DISCONTINUEDDATE,SPECNUMBER,SPEEDRATING,SINGLOADINDEX,DUALLOADINDEX,BELTEDRADIALYN,TUBELESSYN,REINFORCEDYN,EXTRALOADYN,UTQGTREADWEAR,UTQGTRACTION,UTQGTEMP,MUDSNOWYN,RIMDIAMETER,SERIALDATE,BRANDDESC,LOADRANGE,MEARIMWIDTH,REGROOVABLEIND,PLANTPRODUCED,MOSTRECENTTESTDATE,IMARK,INFORMENUMBER,FECHADATE,TREADPATTERN,SPECIALPROTECTIVEBAND,NOMINALTIREWIDTH,ASPECTRADIO,TREADWEARINDICATORS,NAMEOFMANUFACTURER,FAMILY,DOTSERIALNUMBER) values (1011,'W112HCE656','2HC',1,3200,'205/60R15/6',null,'9999',null,null,null,null,null,null,null,null,null,null,null,null,null,'AVON ZV-3 (H-RATED)',null,null,null,null,null,null, null,null,null,null,null,null,null,null,null,null);
Insert into PRODUCT (SKUID,SKU,BRANDCODE,TIRETYPEID,NPRID,SIZESTAMP,DISCONTINUEDDATE,SPECNUMBER,SPEEDRATING,SINGLOADINDEX,DUALLOADINDEX,BELTEDRADIALYN,TUBELESSYN,REINFORCEDYN,EXTRALOADYN,UTQGTREADWEAR,UTQGTRACTION,UTQGTEMP,MUDSNOWYN,RIMDIAMETER,SERIALDATE,BRANDDESC,LOADRANGE,MEARIMWIDTH,REGROOVABLEIND,PLANTPRODUCED,MOSTRECENTTESTDATE,IMARK,INFORMENUMBER,FECHADATE,TREADPATTERN,SPECIALPROTECTIVEBAND,NOMINALTIREWIDTH,ASPECTRADIO,TREADWEARINDICATORS,NAMEOFMANUFACTURER,FAMILY,DOTSERIALNUMBER) values (1012,'W112HCE664','2HC',1,32362,'205/60R16',null,'9999',null,null,null,null,null,null,null,null,null,null,null,null,null,'AVON ZV-3 (H-RATED)',null,null,null,null,null,null, null,null,null,null,null,null,null,null,null,null);
Insert into PRODUCT (SKUID,SKU,BRANDCODE,TIRETYPEID,NPRID,SIZESTAMP,DISCONTINUEDDATE,SPECNUMBER,SPEEDRATING,SINGLOADINDEX,DUALLOADINDEX,BELTEDRADIALYN,TUBELESSYN,REINFORCEDYN,EXTRALOADYN,UTQGTREADWEAR,UTQGTRACTION,UTQGTEMP,MUDSNOWYN,RIMDIAMETER,SERIALDATE,BRANDDESC,LOADRANGE,MEARIMWIDTH,REGROOVABLEIND,PLANTPRODUCED,MOSTRECENTTESTDATE,IMARK,INFORMENUMBER,FECHADATE,TREADPATTERN,SPECIALPROTECTIVEBAND,NOMINALTIREWIDTH,ASPECTRADIO,TREADWEARINDICATORS,NAMEOFMANUFACTURER,FAMILY,DOTSERIALNUMBER) values (1013,'W112HCG454','2HC',1,30839,'185/55R15',null,'9999',null,null,null,null,null,null,null,null,null,null,null,null,null,'AVON ZV-3 (H-RATED)',null,null,null,null,null,null, null,null,null,null,null,null,null,null,null,null);
Insert into PRODUCT (SKUID,SKU,BRANDCODE,TIRETYPEID,NPRID,SIZESTAMP,DISCONTINUEDDATE,SPECNUMBER,SPEEDRATING,SINGLOADINDEX,DUALLOADINDEX,BELTEDRADIALYN,TUBELESSYN,REINFORCEDYN,EXTRALOADYN,UTQGTREADWEAR,UTQGTRACTION,UTQGTEMP,MUDSNOWYN,RIMDIAMETER,SERIALDATE,BRANDDESC,LOADRANGE,MEARIMWIDTH,REGROOVABLEIND,PLANTPRODUCED,MOSTRECENTTESTDATE,IMARK,INFORMENUMBER,FECHADATE,TREADPATTERN,SPECIALPROTECTIVEBAND,NOMINALTIREWIDTH,ASPECTRADIO,TREADWEARINDICATORS,NAMEOFMANUFACTURER,FAMILY,DOTSERIALNUMBER) values (1014,'W112HCG554','2HC',1,30839,'195/55R15',null,'9999',null,null,null,null,null,null,null,null,null,null,null,null,null,'AVON ZV-3 (H-RATED)',null,null,null,null,null,null, null,null,null,null,null,null,null,null,null,null);
Insert into PRODUCT (SKUID,SKU,BRANDCODE,TIRETYPEID,NPRID,SIZESTAMP,DISCONTINUEDDATE,SPECNUMBER,SPEEDRATING,SINGLOADINDEX,DUALLOADINDEX,BELTEDRADIALYN,TUBELESSYN,REINFORCEDYN,EXTRALOADYN,UTQGTREADWEAR,UTQGTRACTION,UTQGTEMP,MUDSNOWYN,RIMDIAMETER,SERIALDATE,BRANDDESC,LOADRANGE,MEARIMWIDTH,REGROOVABLEIND,PLANTPRODUCED,MOSTRECENTTESTDATE,IMARK,INFORMENUMBER,FECHADATE,TREADPATTERN,SPECIALPROTECTIVEBAND,NOMINALTIREWIDTH,ASPECTRADIO,TREADWEARINDICATORS,NAMEOFMANUFACTURER,FAMILY,DOTSERIALNUMBER) values (1015,'W112HCG664','2HC',1,3200,'205/55R16/4',null,'9999',null,null,null,null,null,null,null,null,null,null,null,null,null,'AVON ZV-3 (H-RATED)',null,null,null,null,null,null, null,null,null,null,null,null,null,null,null,null);
Insert into PRODUCT (SKUID,SKU,BRANDCODE,TIRETYPEID,NPRID,SIZESTAMP,DISCONTINUEDDATE,SPECNUMBER,SPEEDRATING,SINGLOADINDEX,DUALLOADINDEX,BELTEDRADIALYN,TUBELESSYN,REINFORCEDYN,EXTRALOADYN,UTQGTREADWEAR,UTQGTRACTION,UTQGTEMP,MUDSNOWYN,RIMDIAMETER,SERIALDATE,BRANDDESC,LOADRANGE,MEARIMWIDTH,REGROOVABLEIND,PLANTPRODUCED,MOSTRECENTTESTDATE,IMARK,INFORMENUMBER,FECHADATE,TREADPATTERN,SPECIALPROTECTIVEBAND,NOMINALTIREWIDTH,ASPECTRADIO,TREADWEARINDICATORS,NAMEOFMANUFACTURER,FAMILY,DOTSERIALNUMBER) values (1016,'W112HCG764','2HC',1,30968,'215/55R16',null,'9999',null,null,null,null,null,null,null,null,null,null,null,null,null,'AVON ZV-3 (H-RATED)',null,null,null,null,null,null, null,null,null,null,null,null,null,null,null,null);
Insert into PRODUCT (SKUID,SKU,BRANDCODE,TIRETYPEID,NPRID,SIZESTAMP,DISCONTINUEDDATE,SPECNUMBER,SPEEDRATING,SINGLOADINDEX,DUALLOADINDEX,BELTEDRADIALYN,TUBELESSYN,REINFORCEDYN,EXTRALOADYN,UTQGTREADWEAR,UTQGTRACTION,UTQGTEMP,MUDSNOWYN,RIMDIAMETER,SERIALDATE,BRANDDESC,LOADRANGE,MEARIMWIDTH,REGROOVABLEIND,PLANTPRODUCED,MOSTRECENTTESTDATE,IMARK,INFORMENUMBER,FECHADATE,TREADPATTERN,SPECIALPROTECTIVEBAND,NOMINALTIREWIDTH,ASPECTRADIO,TREADWEARINDICATORS,NAMEOFMANUFACTURER,FAMILY,DOTSERIALNUMBER) values (1017,'W112HCG766','2HC',1,3200,'215/55R16/6',null,'9999',null,null,null,null,null,null,null,null,null,null,null,null,null,'AVON ZV-3 (H-RATED)',null,null,null,null,null,null, null,null,null,null,null,null,null,null,null,null);
Insert into PRODUCT (SKUID,SKU,BRANDCODE,TIRETYPEID,NPRID,SIZESTAMP,DISCONTINUEDDATE,SPECNUMBER,SPEEDRATING,SINGLOADINDEX,DUALLOADINDEX,BELTEDRADIALYN,TUBELESSYN,REINFORCEDYN,EXTRALOADYN,UTQGTREADWEAR,UTQGTRACTION,UTQGTEMP,MUDSNOWYN,RIMDIAMETER,SERIALDATE,BRANDDESC,LOADRANGE,MEARIMWIDTH,REGROOVABLEIND,PLANTPRODUCED,MOSTRECENTTESTDATE,IMARK,INFORMENUMBER,FECHADATE,TREADPATTERN,SPECIALPROTECTIVEBAND,NOMINALTIREWIDTH,ASPECTRADIO,TREADWEARINDICATORS,NAMEOFMANUFACTURER,FAMILY,DOTSERIALNUMBER) values (1018,'W112HDF964','2HD',1,31801,'235/65R16',null,'3888',null,null,null,null,null,null,null,null,null,null,null,null,null,'DEAN EQUUS Lsi (T-RATED)',null,null,null,null,null,null, null,null,null,null,null,null,null,null,null,null);
Insert into PRODUCT (SKUID,SKU,BRANDCODE,TIRETYPEID,NPRID,SIZESTAMP,DISCONTINUEDDATE,SPECNUMBER,SPEEDRATING,SINGLOADINDEX,DUALLOADINDEX,BELTEDRADIALYN,TUBELESSYN,REINFORCEDYN,EXTRALOADYN,UTQGTREADWEAR,UTQGTRACTION,UTQGTEMP,MUDSNOWYN,RIMDIAMETER,SERIALDATE,BRANDDESC,LOADRANGE,MEARIMWIDTH,REGROOVABLEIND,PLANTPRODUCED,MOSTRECENTTESTDATE,IMARK,INFORMENUMBER,FECHADATE,TREADPATTERN,SPECIALPROTECTIVEBAND,NOMINALTIREWIDTH,ASPECTRADIO,TREADWEARINDICATORS,NAMEOFMANUFACTURER,FAMILY,DOTSERIALNUMBER) values (1019,'W112HFE764','2HF',1,3007,'215/60R16',null,'3552',null,null,null,null,null,null,null,null,null,null,null,null,null,'DEAN EQUUS LSI (V-RATED)',null,null,null,null,null,null, null,null,null,null,null,null,null,null,null,null);
Insert into PRODUCT (SKUID,SKU,BRANDCODE,TIRETYPEID,NPRID,SIZESTAMP,DISCONTINUEDDATE,SPECNUMBER,SPEEDRATING,SINGLOADINDEX,DUALLOADINDEX,BELTEDRADIALYN,TUBELESSYN,REINFORCEDYN,EXTRALOADYN,UTQGTREADWEAR,UTQGTRACTION,UTQGTEMP,MUDSNOWYN,RIMDIAMETER,SERIALDATE,BRANDDESC,LOADRANGE,MEARIMWIDTH,REGROOVABLEIND,PLANTPRODUCED,MOSTRECENTTESTDATE,IMARK,INFORMENUMBER,FECHADATE,TREADPATTERN,SPECIALPROTECTIVEBAND,NOMINALTIREWIDTH,ASPECTRADIO,TREADWEARINDICATORS,NAMEOFMANUFACTURER,FAMILY,DOTSERIALNUMBER) values (1020,'W112HFF654','2HF',1,3007,'205/65R15',null,'3550',null,null,null,null,null,null,null,null,null,null,null,null,null,'DEAN EQUUS LSI (V-RATED)',null,null,null,null,null,null, null,null,null,null,null,null,null,null,null,null);
Insert into PRODUCT (SKUID,SKU,BRANDCODE,TIRETYPEID,NPRID,SIZESTAMP,DISCONTINUEDDATE,SPECNUMBER,SPEEDRATING,SINGLOADINDEX,DUALLOADINDEX,BELTEDRADIALYN,TUBELESSYN,REINFORCEDYN,EXTRALOADYN,UTQGTREADWEAR,UTQGTRACTION,UTQGTEMP,MUDSNOWYN,RIMDIAMETER,SERIALDATE,BRANDDESC,LOADRANGE,MEARIMWIDTH,REGROOVABLEIND,PLANTPRODUCED,MOSTRECENTTESTDATE,IMARK,INFORMENUMBER,FECHADATE,TREADPATTERN,SPECIALPROTECTIVEBAND,NOMINALTIREWIDTH,ASPECTRADIO,TREADWEARINDICATORS,NAMEOFMANUFACTURER,FAMILY,DOTSERIALNUMBER) values (1021,'W112HFG774','2HF',1,3007,'215/55R17',null,'1142',null,null,null,null,null,null,null,null,null,null,null,null,null,'DEAN EQUUS LSI (V-RATED)',null,null,null,null,null,null, null,null,null,null,null,null,null,null,null,null);
Insert into PRODUCT (SKUID,SKU,BRANDCODE,TIRETYPEID,NPRID,SIZESTAMP,DISCONTINUEDDATE,SPECNUMBER,SPEEDRATING,SINGLOADINDEX,DUALLOADINDEX,BELTEDRADIALYN,TUBELESSYN,REINFORCEDYN,EXTRALOADYN,UTQGTREADWEAR,UTQGTRACTION,UTQGTEMP,MUDSNOWYN,RIMDIAMETER,SERIALDATE,BRANDDESC,LOADRANGE,MEARIMWIDTH,REGROOVABLEIND,PLANTPRODUCED,MOSTRECENTTESTDATE,IMARK,INFORMENUMBER,FECHADATE,TREADPATTERN,SPECIALPROTECTIVEBAND,NOMINALTIREWIDTH,ASPECTRADIO,TREADWEARINDICATORS,NAMEOFMANUFACTURER,FAMILY,DOTSERIALNUMBER) values (1022,'W112HFH774','2HF',1,3007,'215/50R17',null,'1538',null,null,null,null,null,null,null,null,null,null,null,null,null,'DEAN EQUUS LSI (V-RATED)',null,null,null,null,null,null, null,null,null,null,null,null,null,null,null,null);
Insert into PRODUCT (SKUID,SKU,BRANDCODE,TIRETYPEID,NPRID,SIZESTAMP,DISCONTINUEDDATE,SPECNUMBER,SPEEDRATING,SINGLOADINDEX,DUALLOADINDEX,BELTEDRADIALYN,TUBELESSYN,REINFORCEDYN,EXTRALOADYN,UTQGTREADWEAR,UTQGTRACTION,UTQGTEMP,MUDSNOWYN,RIMDIAMETER,SERIALDATE,BRANDDESC,LOADRANGE,MEARIMWIDTH,REGROOVABLEIND,PLANTPRODUCED,MOSTRECENTTESTDATE,IMARK,INFORMENUMBER,FECHADATE,TREADPATTERN,SPECIALPROTECTIVEBAND,NOMINALTIREWIDTH,ASPECTRADIO,TREADWEARINDICATORS,NAMEOFMANUFACTURER,FAMILY,DOTSERIALNUMBER) values (1023,'W112HFH864','2HF',1,3007,'225/50R16',null,'3672',null,null,null,null,null,null,null,null,null,null,null,null,null,'DEAN EQUUS LSI (V-RATED)',null,null,null,null,null,null, null,null,null,null,null,null,null,null,null,null);
Insert into PRODUCT (SKUID,SKU,BRANDCODE,TIRETYPEID,NPRID,SIZESTAMP,DISCONTINUEDDATE,SPECNUMBER,SPEEDRATING,SINGLOADINDEX,DUALLOADINDEX,BELTEDRADIALYN,TUBELESSYN,REINFORCEDYN,EXTRALOADYN,UTQGTREADWEAR,UTQGTRACTION,UTQGTEMP,MUDSNOWYN,RIMDIAMETER,SERIALDATE,BRANDDESC,LOADRANGE,MEARIMWIDTH,REGROOVABLEIND,PLANTPRODUCED,MOSTRECENTTESTDATE,IMARK,INFORMENUMBER,FECHADATE,TREADPATTERN,SPECIALPROTECTIVEBAND,NOMINALTIREWIDTH,ASPECTRADIO,TREADWEARINDICATORS,NAMEOFMANUFACTURER,FAMILY,DOTSERIALNUMBER) values (1024,'W112HFH874','2HF',1,3007,'225/50R17',null,'3887',null,null,null,null,null,null,null,null,null,null,null,null,null,'DEAN EQUUS LSI (V-RATED)',null,null,null,null,null,null, null,null,null,null,null,null,null,null,null,null);
Insert into PRODUCT (SKUID,SKU,BRANDCODE,TIRETYPEID,NPRID,SIZESTAMP,DISCONTINUEDDATE,SPECNUMBER,SPEEDRATING,SINGLOADINDEX,DUALLOADINDEX,BELTEDRADIALYN,TUBELESSYN,REINFORCEDYN,EXTRALOADYN,UTQGTREADWEAR,UTQGTRACTION,UTQGTEMP,MUDSNOWYN,RIMDIAMETER,SERIALDATE,BRANDDESC,LOADRANGE,MEARIMWIDTH,REGROOVABLEIND,PLANTPRODUCED,MOSTRECENTTESTDATE,IMARK,INFORMENUMBER,FECHADATE,TREADPATTERN,SPECIALPROTECTIVEBAND,NOMINALTIREWIDTH,ASPECTRADIO,TREADWEARINDICATORS,NAMEOFMANUFACTURER,FAMILY,DOTSERIALNUMBER) values (1025,'W112HFH974','2HF',1,3007,'235/50R17',null,'1008',null,null,null,null,null,null,null,null,null,null,null,null,null,'DEAN EQUUS LSI (V-RATED)',null,null,null,null,null,null, null,null,null,null,null,null,null,null,null,null);
Insert into PRODUCT (SKUID,SKU,BRANDCODE,TIRETYPEID,NPRID,SIZESTAMP,DISCONTINUEDDATE,SPECNUMBER,SPEEDRATING,SINGLOADINDEX,DUALLOADINDEX,BELTEDRADIALYN,TUBELESSYN,REINFORCEDYN,EXTRALOADYN,UTQGTREADWEAR,UTQGTRACTION,UTQGTEMP,MUDSNOWYN,RIMDIAMETER,SERIALDATE,BRANDDESC,LOADRANGE,MEARIMWIDTH,REGROOVABLEIND,PLANTPRODUCED,MOSTRECENTTESTDATE,IMARK,INFORMENUMBER,FECHADATE,TREADPATTERN,SPECIALPROTECTIVEBAND,NOMINALTIREWIDTH,ASPECTRADIO,TREADWEARINDICATORS,NAMEOFMANUFACTURER,FAMILY,DOTSERIALNUMBER) values (1026,'W112KAT444','2KA',1,9203,'P185/60R14',null,'3303',null,null,null,null,null,null,null,null,null,null,null,null,null,'GRAND SPIRIT GT RADIAL',null,null,null,null,null,null, null,null,null,null,null,null,null,null,null,null);
Insert into PRODUCT (SKUID,SKU,BRANDCODE,TIRETYPEID,NPRID,SIZESTAMP,DISCONTINUEDDATE,SPECNUMBER,SPEEDRATING,SINGLOADINDEX,DUALLOADINDEX,BELTEDRADIALYN,TUBELESSYN,REINFORCEDYN,EXTRALOADYN,UTQGTREADWEAR,UTQGTRACTION,UTQGTEMP,MUDSNOWYN,RIMDIAMETER,SERIALDATE,BRANDDESC,LOADRANGE,MEARIMWIDTH,REGROOVABLEIND,PLANTPRODUCED,MOSTRECENTTESTDATE,IMARK,INFORMENUMBER,FECHADATE,TREADPATTERN,SPECIALPROTECTIVEBAND,NOMINALTIREWIDTH,ASPECTRADIO,TREADWEARINDICATORS,NAMEOFMANUFACTURER,FAMILY,DOTSERIALNUMBER) values (1027,'W112KAT444','2KA',1,9203,'P185/60R14',null,'3303',null,null,null,null,null,null,null,null,null,null,null,null,null,'GRAND SPIRIT GT RADIAL',null,null,null,null,null,null, null,null,null,null,null,null,null,null,null,null);
Insert into PRODUCT (SKUID,SKU,BRANDCODE,TIRETYPEID,NPRID,SIZESTAMP,DISCONTINUEDDATE,SPECNUMBER,SPEEDRATING,SINGLOADINDEX,DUALLOADINDEX,BELTEDRADIALYN,TUBELESSYN,REINFORCEDYN,EXTRALOADYN,UTQGTREADWEAR,UTQGTRACTION,UTQGTEMP,MUDSNOWYN,RIMDIAMETER,SERIALDATE,BRANDDESC,LOADRANGE,MEARIMWIDTH,REGROOVABLEIND,PLANTPRODUCED,MOSTRECENTTESTDATE,IMARK,INFORMENUMBER,FECHADATE,TREADPATTERN,SPECIALPROTECTIVEBAND,NOMINALTIREWIDTH,ASPECTRADIO,TREADWEARINDICATORS,NAMEOFMANUFACTURER,FAMILY,DOTSERIALNUMBER) values (1028,'W112PMG664','2PM',1,30683,'205/55ZR16',null,'1417',null,null,null,null,null,null,null,null,null,null,null,null,null,'COOPER ZEON SPORT A/S',null,null,null,null,null,null, null,null,null,null,null,null,null,null,null,null);
Insert into PRODUCT (SKUID,SKU,BRANDCODE,TIRETYPEID,NPRID,SIZESTAMP,DISCONTINUEDDATE,SPECNUMBER,SPEEDRATING,SINGLOADINDEX,DUALLOADINDEX,BELTEDRADIALYN,TUBELESSYN,REINFORCEDYN,EXTRALOADYN,UTQGTREADWEAR,UTQGTRACTION,UTQGTEMP,MUDSNOWYN,RIMDIAMETER,SERIALDATE,BRANDDESC,LOADRANGE,MEARIMWIDTH,REGROOVABLEIND,PLANTPRODUCED,MOSTRECENTTESTDATE,IMARK,INFORMENUMBER,FECHADATE,TREADPATTERN,SPECIALPROTECTIVEBAND,NOMINALTIREWIDTH,ASPECTRADIO,TREADWEARINDICATORS,NAMEOFMANUFACTURER,FAMILY,DOTSERIALNUMBER) values (1029,'W112PMG764','2PM',1,30684,'215/55ZR16',null,'1418',null,null,null,null,null,null,null,null,null,null,null,null,null,'COOPER ZEON SPORT A/S',null,null,null,null,null,null, null,null,null,null,null,null,null,null,null,null);
Insert into PRODUCT (SKUID,SKU,BRANDCODE,TIRETYPEID,NPRID,SIZESTAMP,DISCONTINUEDDATE,SPECNUMBER,SPEEDRATING,SINGLOADINDEX,DUALLOADINDEX,BELTEDRADIALYN,TUBELESSYN,REINFORCEDYN,EXTRALOADYN,UTQGTREADWEAR,UTQGTRACTION,UTQGTEMP,MUDSNOWYN,RIMDIAMETER,SERIALDATE,BRANDDESC,LOADRANGE,MEARIMWIDTH,REGROOVABLEIND,PLANTPRODUCED,MOSTRECENTTESTDATE,IMARK,INFORMENUMBER,FECHADATE,TREADPATTERN,SPECIALPROTECTIVEBAND,NOMINALTIREWIDTH,ASPECTRADIO,TREADWEARINDICATORS,NAMEOFMANUFACTURER,FAMILY,DOTSERIALNUMBER) values (1030,'W112PMG774','2PM',1,30685,'215/55ZR17',null,'1229',null,null,null,null,null,null,null,null,null,null,null,null,null,'COOPER ZEON SPORT A/S',null,null,null,null,null,null, null,null,null,null,null,null,null,null,null,null);
Insert into PRODUCT (SKUID,SKU,BRANDCODE,TIRETYPEID,NPRID,SIZESTAMP,DISCONTINUEDDATE,SPECNUMBER,SPEEDRATING,SINGLOADINDEX,DUALLOADINDEX,BELTEDRADIALYN,TUBELESSYN,REINFORCEDYN,EXTRALOADYN,UTQGTREADWEAR,UTQGTRACTION,UTQGTEMP,MUDSNOWYN,RIMDIAMETER,SERIALDATE,BRANDDESC,LOADRANGE,MEARIMWIDTH,REGROOVABLEIND,PLANTPRODUCED,MOSTRECENTTESTDATE,IMARK,INFORMENUMBER,FECHADATE,TREADPATTERN,SPECIALPROTECTIVEBAND,NOMINALTIREWIDTH,ASPECTRADIO,TREADWEARINDICATORS,NAMEOFMANUFACTURER,FAMILY,DOTSERIALNUMBER) values (1031,'W112PMG864','2PM',1,30683,'225/55ZR16',null,'1420',null,null,null,null,null,null,null,null,null,null,null,null,null,'COOPER ZEON SPORT A/S',null,null,null,null,null,null, null,null,null,null,null,null,null,null,null,null);
Insert into PRODUCT (SKUID,SKU,BRANDCODE,TIRETYPEID,NPRID,SIZESTAMP,DISCONTINUEDDATE,SPECNUMBER,SPEEDRATING,SINGLOADINDEX,DUALLOADINDEX,BELTEDRADIALYN,TUBELESSYN,REINFORCEDYN,EXTRALOADYN,UTQGTREADWEAR,UTQGTRACTION,UTQGTEMP,MUDSNOWYN,RIMDIAMETER,SERIALDATE,BRANDDESC,LOADRANGE,MEARIMWIDTH,REGROOVABLEIND,PLANTPRODUCED,MOSTRECENTTESTDATE,IMARK,INFORMENUMBER,FECHADATE,TREADPATTERN,SPECIALPROTECTIVEBAND,NOMINALTIREWIDTH,ASPECTRADIO,TREADWEARINDICATORS,NAMEOFMANUFACTURER,FAMILY,DOTSERIALNUMBER) values (1032,'W112PMG874','2PM',1,31807,'225/55ZR17',null,'1230',null,null,null,null,null,null,null,null,null,null,null,null,null,'COOPER ZEON SPORT A/S',null,null,null,null,null,null, null,null,null,null,null,null,null,null,null,null);
Insert into PRODUCT (SKUID,SKU,BRANDCODE,TIRETYPEID,NPRID,SIZESTAMP,DISCONTINUEDDATE,SPECNUMBER,SPEEDRATING,SINGLOADINDEX,DUALLOADINDEX,BELTEDRADIALYN,TUBELESSYN,REINFORCEDYN,EXTRALOADYN,UTQGTREADWEAR,UTQGTRACTION,UTQGTEMP,MUDSNOWYN,RIMDIAMETER,SERIALDATE,BRANDDESC,LOADRANGE,MEARIMWIDTH,REGROOVABLEIND,PLANTPRODUCED,MOSTRECENTTESTDATE,IMARK,INFORMENUMBER,FECHADATE,TREADPATTERN,SPECIALPROTECTIVEBAND,NOMINALTIREWIDTH,ASPECTRADIO,TREADWEARINDICATORS,NAMEOFMANUFACTURER,FAMILY,DOTSERIALNUMBER) values (1033,'W112PMG974','2PM',1,30683,'235/55ZR17',null,'1231',null,null,null,null,null,null,null,null,null,null,null,null,null,'COOPER ZEON SPORT A/S',null,null,null,null,null,null, null,null,null,null,null,null,null,null,null,null);
Insert into PRODUCT (SKUID,SKU,BRANDCODE,TIRETYPEID,NPRID,SIZESTAMP,DISCONTINUEDDATE,SPECNUMBER,SPEEDRATING,SINGLOADINDEX,DUALLOADINDEX,BELTEDRADIALYN,TUBELESSYN,REINFORCEDYN,EXTRALOADYN,UTQGTREADWEAR,UTQGTRACTION,UTQGTEMP,MUDSNOWYN,RIMDIAMETER,SERIALDATE,BRANDDESC,LOADRANGE,MEARIMWIDTH,REGROOVABLEIND,PLANTPRODUCED,MOSTRECENTTESTDATE,IMARK,INFORMENUMBER,FECHADATE,TREADPATTERN,SPECIALPROTECTIVEBAND,NOMINALTIREWIDTH,ASPECTRADIO,TREADWEARINDICATORS,NAMEOFMANUFACTURER,FAMILY,DOTSERIALNUMBER) values (1034,'W112PMG984','2PM',1,30685,'235/55ZR18',null,'1426',null,null,null,null,null,null,null,null,null,null,null,null,null,'COOPER ZEON SPORT A/S',null,null,null,null,null,null, null,null,null,null,null,null,null,null,null,null);
Insert into PRODUCT (SKUID,SKU,BRANDCODE,TIRETYPEID,NPRID,SIZESTAMP,DISCONTINUEDDATE,SPECNUMBER,SPEEDRATING,SINGLOADINDEX,DUALLOADINDEX,BELTEDRADIALYN,TUBELESSYN,REINFORCEDYN,EXTRALOADYN,UTQGTREADWEAR,UTQGTRACTION,UTQGTEMP,MUDSNOWYN,RIMDIAMETER,SERIALDATE,BRANDDESC,LOADRANGE,MEARIMWIDTH,REGROOVABLEIND,PLANTPRODUCED,MOSTRECENTTESTDATE,IMARK,INFORMENUMBER,FECHADATE,TREADPATTERN,SPECIALPROTECTIVEBAND,NOMINALTIREWIDTH,ASPECTRADIO,TREADWEARINDICATORS,NAMEOFMANUFACTURER,FAMILY,DOTSERIALNUMBER) values (1035,'W112PMH064','2PM',1,30684,'245/50ZR16',null,'1421',null,null,null,null,null,null,null,null,null,null,null,null,null,'COOPER ZEON SPORT A/S',null,null,null,null,null,null, null,null,null,null,null,null,null,null,null,null);
Insert into PRODUCT (SKUID,SKU,BRANDCODE,TIRETYPEID,NPRID,SIZESTAMP,DISCONTINUEDDATE,SPECNUMBER,SPEEDRATING,SINGLOADINDEX,DUALLOADINDEX,BELTEDRADIALYN,TUBELESSYN,REINFORCEDYN,EXTRALOADYN,UTQGTREADWEAR,UTQGTRACTION,UTQGTEMP,MUDSNOWYN,RIMDIAMETER,SERIALDATE,BRANDDESC,LOADRANGE,MEARIMWIDTH,REGROOVABLEIND,PLANTPRODUCED,MOSTRECENTTESTDATE,IMARK,INFORMENUMBER,FECHADATE,TREADPATTERN,SPECIALPROTECTIVEBAND,NOMINALTIREWIDTH,ASPECTRADIO,TREADWEARINDICATORS,NAMEOFMANUFACTURER,FAMILY,DOTSERIALNUMBER) values (1000,'L119161008','916',7,32323,'10.00R20',null,'9999',null,null,null,null,null,null,null,null,null,null,null,null,null,'DEAN A220 (LONG HAUL TRUCK - ALL POSITION)',null,null,null,null,null,null, null,null,null,null,null,null,null,null,null,null);
Insert into PRODUCT (SKUID,SKU,BRANDCODE,TIRETYPEID,NPRID,SIZESTAMP,DISCONTINUEDDATE,SPECNUMBER,SPEEDRATING,SINGLOADINDEX,DUALLOADINDEX,BELTEDRADIALYN,TUBELESSYN,REINFORCEDYN,EXTRALOADYN,UTQGTREADWEAR,UTQGTRACTION,UTQGTEMP,MUDSNOWYN,RIMDIAMETER,SERIALDATE,BRANDDESC,LOADRANGE,MEARIMWIDTH,REGROOVABLEIND,PLANTPRODUCED,MOSTRECENTTESTDATE,IMARK,INFORMENUMBER,FECHADATE,TREADPATTERN,SPECIALPROTECTIVEBAND,NOMINALTIREWIDTH,ASPECTRADIO,TREADWEARINDICATORS,NAMEOFMANUFACTURER,FAMILY,DOTSERIALNUMBER) values (1001,'L119161108','916',7,32323,'11.00R20',null,'9999',null,null,null,null,null,null,null,null,null,null,null,null,null,'DEAN A220 (LONG HAUL TRUCK - ALL POSITION)',null,null,null,null,null,null, null,null,null,null,null,null,null,null,null,null);
Insert into PRODUCT (SKUID,SKU,BRANDCODE,TIRETYPEID,NPRID,SIZESTAMP,DISCONTINUEDDATE,SPECNUMBER,SPEEDRATING,SINGLOADINDEX,DUALLOADINDEX,BELTEDRADIALYN,TUBELESSYN,REINFORCEDYN,EXTRALOADYN,UTQGTREADWEAR,UTQGTRACTION,UTQGTEMP,MUDSNOWYN,RIMDIAMETER,SERIALDATE,BRANDDESC,LOADRANGE,MEARIMWIDTH,REGROOVABLEIND,PLANTPRODUCED,MOSTRECENTTESTDATE,IMARK,INFORMENUMBER,FECHADATE,TREADPATTERN,SPECIALPROTECTIVEBAND,NOMINALTIREWIDTH,ASPECTRADIO,TREADWEARINDICATORS,NAMEOFMANUFACTURER,FAMILY,DOTSERIALNUMBER) values (1036,'W112PMH676','2PM',1,30685,'205/50ZR17',null,'3810',null,null,null,null,null,null,null,null,null,null,null,null,null,'COOPER ZEON SPORT A/S',null,null,null,null,null,null, null,null,null,null,null,null,null,null,null,null);
Insert into PRODUCT (SKUID,SKU,BRANDCODE,TIRETYPEID,NPRID,SIZESTAMP,DISCONTINUEDDATE,SPECNUMBER,SPEEDRATING,SINGLOADINDEX,DUALLOADINDEX,BELTEDRADIALYN,TUBELESSYN,REINFORCEDYN,EXTRALOADYN,UTQGTREADWEAR,UTQGTRACTION,UTQGTEMP,MUDSNOWYN,RIMDIAMETER,SERIALDATE,BRANDDESC,LOADRANGE,MEARIMWIDTH,REGROOVABLEIND,PLANTPRODUCED,MOSTRECENTTESTDATE,IMARK,INFORMENUMBER,FECHADATE,TREADPATTERN,SPECIALPROTECTIVEBAND,NOMINALTIREWIDTH,ASPECTRADIO,TREADWEARINDICATORS,NAMEOFMANUFACTURER,FAMILY,DOTSERIALNUMBER) values (1037,'W112PMH774','2PM',1,30683,'215/50ZR17',null,'1070',null,null,null,null,null,null,null,null,null,null,null,null,null,'COOPER ZEON SPORT A/S',null,null,null,null,null,null, null,null,null,null,null,null,null,null,null,null);
Insert into PRODUCT (SKUID,SKU,BRANDCODE,TIRETYPEID,NPRID,SIZESTAMP,DISCONTINUEDDATE,SPECNUMBER,SPEEDRATING,SINGLOADINDEX,DUALLOADINDEX,BELTEDRADIALYN,TUBELESSYN,REINFORCEDYN,EXTRALOADYN,UTQGTREADWEAR,UTQGTRACTION,UTQGTEMP,MUDSNOWYN,RIMDIAMETER,SERIALDATE,BRANDDESC,LOADRANGE,MEARIMWIDTH,REGROOVABLEIND,PLANTPRODUCED,MOSTRECENTTESTDATE,IMARK,INFORMENUMBER,FECHADATE,TREADPATTERN,SPECIALPROTECTIVEBAND,NOMINALTIREWIDTH,ASPECTRADIO,TREADWEARINDICATORS,NAMEOFMANUFACTURER,FAMILY,DOTSERIALNUMBER) values (1038,'W112PMH864','2PM',1,30683,'225/50ZR16',null,'1419',null,null,null,null,null,null,null,null,null,null,null,null,null,'COOPER ZEON SPORT A/S',null,null,null,null,null,null, null,null,null,null,null,null,null,null,null,null);
Insert into PRODUCT (SKUID,SKU,BRANDCODE,TIRETYPEID,NPRID,SIZESTAMP,DISCONTINUEDDATE,SPECNUMBER,SPEEDRATING,SINGLOADINDEX,DUALLOADINDEX,BELTEDRADIALYN,TUBELESSYN,REINFORCEDYN,EXTRALOADYN,UTQGTREADWEAR,UTQGTRACTION,UTQGTEMP,MUDSNOWYN,RIMDIAMETER,SERIALDATE,BRANDDESC,LOADRANGE,MEARIMWIDTH,REGROOVABLEIND,PLANTPRODUCED,MOSTRECENTTESTDATE,IMARK,INFORMENUMBER,FECHADATE,TREADPATTERN,SPECIALPROTECTIVEBAND,NOMINALTIREWIDTH,ASPECTRADIO,TREADWEARINDICATORS,NAMEOFMANUFACTURER,FAMILY,DOTSERIALNUMBER) values (1039,'W112PMH874','2PM',1,30683,'225/50ZR17',null,'1227',null,null,null,null,null,null,null,null,null,null,null,null,null,'COOPER ZEON SPORT A/S',null,null,null,null,null,null, null,null,null,null,null,null,null,null,null,null);
Insert into PRODUCT (SKUID,SKU,BRANDCODE,TIRETYPEID,NPRID,SIZESTAMP,DISCONTINUEDDATE,SPECNUMBER,SPEEDRATING,SINGLOADINDEX,DUALLOADINDEX,BELTEDRADIALYN,TUBELESSYN,REINFORCEDYN,EXTRALOADYN,UTQGTREADWEAR,UTQGTRACTION,UTQGTEMP,MUDSNOWYN,RIMDIAMETER,SERIALDATE,BRANDDESC,LOADRANGE,MEARIMWIDTH,REGROOVABLEIND,PLANTPRODUCED,MOSTRECENTTESTDATE,IMARK,INFORMENUMBER,FECHADATE,TREADPATTERN,SPECIALPROTECTIVEBAND,NOMINALTIREWIDTH,ASPECTRADIO,TREADWEARINDICATORS,NAMEOFMANUFACTURER,FAMILY,DOTSERIALNUMBER) values (1040,'W112PMH974','2PM',1,30683,'235/50ZR17',null,'1228',null,null,null,null,null,null,null,null,null,null,null,null,null,'COOPER ZEON SPORT A/S',null,null,null,null,null,null, null,null,null,null,null,null,null,null,null,null);
Insert into PRODUCT (SKUID,SKU,BRANDCODE,TIRETYPEID,NPRID,SIZESTAMP,DISCONTINUEDDATE,SPECNUMBER,SPEEDRATING,SINGLOADINDEX,DUALLOADINDEX,BELTEDRADIALYN,TUBELESSYN,REINFORCEDYN,EXTRALOADYN,UTQGTREADWEAR,UTQGTRACTION,UTQGTEMP,MUDSNOWYN,RIMDIAMETER,SERIALDATE,BRANDDESC,LOADRANGE,MEARIMWIDTH,REGROOVABLEIND,PLANTPRODUCED,MOSTRECENTTESTDATE,IMARK,INFORMENUMBER,FECHADATE,TREADPATTERN,SPECIALPROTECTIVEBAND,NOMINALTIREWIDTH,ASPECTRADIO,TREADWEARINDICATORS,NAMEOFMANUFACTURER,FAMILY,DOTSERIALNUMBER) values (1041,'W112PMJ004','2PM',1,31807,'245/45ZR20',null,'1163',null,null,null,null,null,null,null,null,null,null,null,null,null,'COOPER ZEON SPORT A/S',null,null,null,null,null,null, null,null,null,null,null,null,null,null,null,null);
Insert into PRODUCT (SKUID,SKU,BRANDCODE,TIRETYPEID,NPRID,SIZESTAMP,DISCONTINUEDDATE,SPECNUMBER,SPEEDRATING,SINGLOADINDEX,DUALLOADINDEX,BELTEDRADIALYN,TUBELESSYN,REINFORCEDYN,EXTRALOADYN,UTQGTREADWEAR,UTQGTRACTION,UTQGTEMP,MUDSNOWYN,RIMDIAMETER,SERIALDATE,BRANDDESC,LOADRANGE,MEARIMWIDTH,REGROOVABLEIND,PLANTPRODUCED,MOSTRECENTTESTDATE,IMARK,INFORMENUMBER,FECHADATE,TREADPATTERN,SPECIALPROTECTIVEBAND,NOMINALTIREWIDTH,ASPECTRADIO,TREADWEARINDICATORS,NAMEOFMANUFACTURER,FAMILY,DOTSERIALNUMBER) values (1042,'W112PMJ074','2PM',1,30683,'245/45ZR17',null,'1074',null,null,null,null,null,null,null,null,null,null,null,null,null,'COOPER ZEON SPORT A/S',null,null,null,null,null,null, null,null,null,null,null,null,null,null,null,null);
Insert into PRODUCT (SKUID,SKU,BRANDCODE,TIRETYPEID,NPRID,SIZESTAMP,DISCONTINUEDDATE,SPECNUMBER,SPEEDRATING,SINGLOADINDEX,DUALLOADINDEX,BELTEDRADIALYN,TUBELESSYN,REINFORCEDYN,EXTRALOADYN,UTQGTREADWEAR,UTQGTRACTION,UTQGTEMP,MUDSNOWYN,RIMDIAMETER,SERIALDATE,BRANDDESC,LOADRANGE,MEARIMWIDTH,REGROOVABLEIND,PLANTPRODUCED,MOSTRECENTTESTDATE,IMARK,INFORMENUMBER,FECHADATE,TREADPATTERN,SPECIALPROTECTIVEBAND,NOMINALTIREWIDTH,ASPECTRADIO,TREADWEARINDICATORS,NAMEOFMANUFACTURER,FAMILY,DOTSERIALNUMBER) values (1043,'W112PMJ084','2PM',1,30683,'245/45ZR18',null,'1077',null,null,null,null,null,null,null,null,null,null,null,null,null,'COOPER ZEON SPORT A/S',null,null,null,null,null,null, null,null,null,null,null,null,null,null,null,null);
Insert into PRODUCT (SKUID,SKU,BRANDCODE,TIRETYPEID,NPRID,SIZESTAMP,DISCONTINUEDDATE,SPECNUMBER,SPEEDRATING,SINGLOADINDEX,DUALLOADINDEX,BELTEDRADIALYN,TUBELESSYN,REINFORCEDYN,EXTRALOADYN,UTQGTREADWEAR,UTQGTRACTION,UTQGTEMP,MUDSNOWYN,RIMDIAMETER,SERIALDATE,BRANDDESC,LOADRANGE,MEARIMWIDTH,REGROOVABLEIND,PLANTPRODUCED,MOSTRECENTTESTDATE,IMARK,INFORMENUMBER,FECHADATE,TREADPATTERN,SPECIALPROTECTIVEBAND,NOMINALTIREWIDTH,ASPECTRADIO,TREADWEARINDICATORS,NAMEOFMANUFACTURER,FAMILY,DOTSERIALNUMBER) values (1044,'W112PMJ674','2PM',1,30685,'205/45ZR17',null,'1422',null,null,null,null,null,null,null,null,null,null,null,null,null,'COOPER ZEON SPORT A/S',null,null,null,null,null,null, null,null,null,null,null,null,null,null,null,null);
Insert into PRODUCT (SKUID,SKU,BRANDCODE,TIRETYPEID,NPRID,SIZESTAMP,DISCONTINUEDDATE,SPECNUMBER,SPEEDRATING,SINGLOADINDEX,DUALLOADINDEX,BELTEDRADIALYN,TUBELESSYN,REINFORCEDYN,EXTRALOADYN,UTQGTREADWEAR,UTQGTRACTION,UTQGTEMP,MUDSNOWYN,RIMDIAMETER,SERIALDATE,BRANDDESC,LOADRANGE,MEARIMWIDTH,REGROOVABLEIND,PLANTPRODUCED,MOSTRECENTTESTDATE,IMARK,INFORMENUMBER,FECHADATE,TREADPATTERN,SPECIALPROTECTIVEBAND,NOMINALTIREWIDTH,ASPECTRADIO,TREADWEARINDICATORS,NAMEOFMANUFACTURER,FAMILY,DOTSERIALNUMBER) values (1045,'W112PMJ776','2PM',1,30685,'215/45ZR17',null,'1071',null,null,null,null,null,null,null,null,null,null,null,null,null,'COOPER ZEON SPORT A/S',null,null,null,null,null,null, null,null,null,null,null,null,null,null,null,null);
Insert into PRODUCT (SKUID,SKU,BRANDCODE,TIRETYPEID,NPRID,SIZESTAMP,DISCONTINUEDDATE,SPECNUMBER,SPEEDRATING,SINGLOADINDEX,DUALLOADINDEX,BELTEDRADIALYN,TUBELESSYN,REINFORCEDYN,EXTRALOADYN,UTQGTREADWEAR,UTQGTRACTION,UTQGTEMP,MUDSNOWYN,RIMDIAMETER,SERIALDATE,BRANDDESC,LOADRANGE,MEARIMWIDTH,REGROOVABLEIND,PLANTPRODUCED,MOSTRECENTTESTDATE,IMARK,INFORMENUMBER,FECHADATE,TREADPATTERN,SPECIALPROTECTIVEBAND,NOMINALTIREWIDTH,ASPECTRADIO,TREADWEARINDICATORS,NAMEOFMANUFACTURER,FAMILY,DOTSERIALNUMBER) values (1046,'W112PMJ776','2PM',1,30685,'215/45ZR17',null,'1400',null,null,null,null,null,null,null,null,null,null,null,null,null,'COOPER ZEON SPORT A/S',null,null,null,null,null,null, null,null,null,null,null,null,null,null,null,null);
Insert into PRODUCT (SKUID,SKU,BRANDCODE,TIRETYPEID,NPRID,SIZESTAMP,DISCONTINUEDDATE,SPECNUMBER,SPEEDRATING,SINGLOADINDEX,DUALLOADINDEX,BELTEDRADIALYN,TUBELESSYN,REINFORCEDYN,EXTRALOADYN,UTQGTREADWEAR,UTQGTRACTION,UTQGTEMP,MUDSNOWYN,RIMDIAMETER,SERIALDATE,BRANDDESC,LOADRANGE,MEARIMWIDTH,REGROOVABLEIND,PLANTPRODUCED,MOSTRECENTTESTDATE,IMARK,INFORMENUMBER,FECHADATE,TREADPATTERN,SPECIALPROTECTIVEBAND,NOMINALTIREWIDTH,ASPECTRADIO,TREADWEARINDICATORS,NAMEOFMANUFACTURER,FAMILY,DOTSERIALNUMBER) values (1047,'W112PMJ876','2PM',1,30683,'225/45ZR17',null,'1410',null,null,null,null,null,null,null,null,null,null,null,null,null,'COOPER ZEON SPORT A/S',null,null,null,null,null,null, null,null,null,null,null,null,null,null,null,null);
Insert into PRODUCT (SKUID,SKU,BRANDCODE,TIRETYPEID,NPRID,SIZESTAMP,DISCONTINUEDDATE,SPECNUMBER,SPEEDRATING,SINGLOADINDEX,DUALLOADINDEX,BELTEDRADIALYN,TUBELESSYN,REINFORCEDYN,EXTRALOADYN,UTQGTREADWEAR,UTQGTRACTION,UTQGTEMP,MUDSNOWYN,RIMDIAMETER,SERIALDATE,BRANDDESC,LOADRANGE,MEARIMWIDTH,REGROOVABLEIND,PLANTPRODUCED,MOSTRECENTTESTDATE,IMARK,INFORMENUMBER,FECHADATE,TREADPATTERN,SPECIALPROTECTIVEBAND,NOMINALTIREWIDTH,ASPECTRADIO,TREADWEARINDICATORS,NAMEOFMANUFACTURER,FAMILY,DOTSERIALNUMBER) values (1048,'W112PMJ876','2PM',1,30683,'225/45ZR17',null,'1072',null,null,null,null,null,null,null,null,null,null,null,null,null,'COOPER ZEON SPORT A/S',null,null,null,null,null,null, null,null,null,null,null,null,null,null,null,null);
Insert into PRODUCT (SKUID,SKU,BRANDCODE,TIRETYPEID,NPRID,SIZESTAMP,DISCONTINUEDDATE,SPECNUMBER,SPEEDRATING,SINGLOADINDEX,DUALLOADINDEX,BELTEDRADIALYN,TUBELESSYN,REINFORCEDYN,EXTRALOADYN,UTQGTREADWEAR,UTQGTRACTION,UTQGTEMP,MUDSNOWYN,RIMDIAMETER,SERIALDATE,BRANDDESC,LOADRANGE,MEARIMWIDTH,REGROOVABLEIND,PLANTPRODUCED,MOSTRECENTTESTDATE,IMARK,INFORMENUMBER,FECHADATE,TREADPATTERN,SPECIALPROTECTIVEBAND,NOMINALTIREWIDTH,ASPECTRADIO,TREADWEARINDICATORS,NAMEOFMANUFACTURER,FAMILY,DOTSERIALNUMBER) values (1049,'W112PMJ884','2PM',1,30683,'225/45ZR18',null,'1075',null,null,null,null,null,null,null,null,null,null,null,null,null,'COOPER ZEON SPORT A/S',null,null,null,null,null,null, null,null,null,null,null,null,null,null,null,null);
Insert into PRODUCT (SKUID,SKU,BRANDCODE,TIRETYPEID,NPRID,SIZESTAMP,DISCONTINUEDDATE,SPECNUMBER,SPEEDRATING,SINGLOADINDEX,DUALLOADINDEX,BELTEDRADIALYN,TUBELESSYN,REINFORCEDYN,EXTRALOADYN,UTQGTREADWEAR,UTQGTRACTION,UTQGTEMP,MUDSNOWYN,RIMDIAMETER,SERIALDATE,BRANDDESC,LOADRANGE,MEARIMWIDTH,REGROOVABLEIND,PLANTPRODUCED,MOSTRECENTTESTDATE,IMARK,INFORMENUMBER,FECHADATE,TREADPATTERN,SPECIALPROTECTIVEBAND,NOMINALTIREWIDTH,ASPECTRADIO,TREADWEARINDICATORS,NAMEOFMANUFACTURER,FAMILY,DOTSERIALNUMBER) values (1050,'W112PMJ974','2PM',1,30683,'235/45ZR17',null,'1073',null,null,null,null,null,null,null,null,null,null,null,null,null,'COOPER ZEON SPORT A/S',null,null,null,null,null,null, null,null,null,null,null,null,null,null,null,null);
Insert into PRODUCT (SKUID,SKU,BRANDCODE,TIRETYPEID,NPRID,SIZESTAMP,DISCONTINUEDDATE,SPECNUMBER,SPEEDRATING,SINGLOADINDEX,DUALLOADINDEX,BELTEDRADIALYN,TUBELESSYN,REINFORCEDYN,EXTRALOADYN,UTQGTREADWEAR,UTQGTRACTION,UTQGTEMP,MUDSNOWYN,RIMDIAMETER,SERIALDATE,BRANDDESC,LOADRANGE,MEARIMWIDTH,REGROOVABLEIND,PLANTPRODUCED,MOSTRECENTTESTDATE,IMARK,INFORMENUMBER,FECHADATE,TREADPATTERN,SPECIALPROTECTIVEBAND,NOMINALTIREWIDTH,ASPECTRADIO,TREADWEARINDICATORS,NAMEOFMANUFACTURER,FAMILY,DOTSERIALNUMBER) values (1051,'W112PMJX86','2PM',1,30685,'255/45ZR18',null,'1166',null,null,null,null,null,null,null,null,null,null,null,null,null,'COOPER ZEON SPORT A/S',null,null,null,null,null,null, null,null,null,null,null,null,null,null,null,null);
Insert into PRODUCT (SKUID,SKU,BRANDCODE,TIRETYPEID,NPRID,SIZESTAMP,DISCONTINUEDDATE,SPECNUMBER,SPEEDRATING,SINGLOADINDEX,DUALLOADINDEX,BELTEDRADIALYN,TUBELESSYN,REINFORCEDYN,EXTRALOADYN,UTQGTREADWEAR,UTQGTRACTION,UTQGTEMP,MUDSNOWYN,RIMDIAMETER,SERIALDATE,BRANDDESC,LOADRANGE,MEARIMWIDTH,REGROOVABLEIND,PLANTPRODUCED,MOSTRECENTTESTDATE,IMARK,INFORMENUMBER,FECHADATE,TREADPATTERN,SPECIALPROTECTIVEBAND,NOMINALTIREWIDTH,ASPECTRADIO,TREADWEARINDICATORS,NAMEOFMANUFACTURER,FAMILY,DOTSERIALNUMBER) values (1052,'W112PMK086','2PM',1,30683,'245/40ZR18',null,'1078',null,null,null,null,null,null,null,null,null,null,null,null,null,'COOPER ZEON SPORT A/S',null,null,null,null,null,null, null,null,null,null,null,null,null,null,null,null);
Insert into PRODUCT (SKUID,SKU,BRANDCODE,TIRETYPEID,NPRID,SIZESTAMP,DISCONTINUEDDATE,SPECNUMBER,SPEEDRATING,SINGLOADINDEX,DUALLOADINDEX,BELTEDRADIALYN,TUBELESSYN,REINFORCEDYN,EXTRALOADYN,UTQGTREADWEAR,UTQGTRACTION,UTQGTEMP,MUDSNOWYN,RIMDIAMETER,SERIALDATE,BRANDDESC,LOADRANGE,MEARIMWIDTH,REGROOVABLEIND,PLANTPRODUCED,MOSTRECENTTESTDATE,IMARK,INFORMENUMBER,FECHADATE,TREADPATTERN,SPECIALPROTECTIVEBAND,NOMINALTIREWIDTH,ASPECTRADIO,TREADWEARINDICATORS,NAMEOFMANUFACTURER,FAMILY,DOTSERIALNUMBER) values (1053,'W112PMK886','2PM',1,30683,'225/40ZR18',null,'1076',null,null,null,null,null,null,null,null,null,null,null,null,null,'COOPER ZEON SPORT A/S',null,null,null,null,null,null, null,null,null,null,null,null,null,null,null,null);
Insert into PRODUCT (SKUID,SKU,BRANDCODE,TIRETYPEID,NPRID,SIZESTAMP,DISCONTINUEDDATE,SPECNUMBER,SPEEDRATING,SINGLOADINDEX,DUALLOADINDEX,BELTEDRADIALYN,TUBELESSYN,REINFORCEDYN,EXTRALOADYN,UTQGTREADWEAR,UTQGTRACTION,UTQGTEMP,MUDSNOWYN,RIMDIAMETER,SERIALDATE,BRANDDESC,LOADRANGE,MEARIMWIDTH,REGROOVABLEIND,PLANTPRODUCED,MOSTRECENTTESTDATE,IMARK,INFORMENUMBER,FECHADATE,TREADPATTERN,SPECIALPROTECTIVEBAND,NOMINALTIREWIDTH,ASPECTRADIO,TREADWEARINDICATORS,NAMEOFMANUFACTURER,FAMILY,DOTSERIALNUMBER) values (1054,'W112PMK986','2PM',1,30685,'235/40ZR18',null,'3714',null,null,null,null,null,null,null,null,null,null,null,null,null,'COOPER ZEON SPORT A/S',null,null,null,null,null,null, null,null,null,null,null,null,null,null,null,null);
Insert into PRODUCT (SKUID,SKU,BRANDCODE,TIRETYPEID,NPRID,SIZESTAMP,DISCONTINUEDDATE,SPECNUMBER,SPEEDRATING,SINGLOADINDEX,DUALLOADINDEX,BELTEDRADIALYN,TUBELESSYN,REINFORCEDYN,EXTRALOADYN,UTQGTREADWEAR,UTQGTRACTION,UTQGTEMP,MUDSNOWYN,RIMDIAMETER,SERIALDATE,BRANDDESC,LOADRANGE,MEARIMWIDTH,REGROOVABLEIND,PLANTPRODUCED,MOSTRECENTTESTDATE,IMARK,INFORMENUMBER,FECHADATE,TREADPATTERN,SPECIALPROTECTIVEBAND,NOMINALTIREWIDTH,ASPECTRADIO,TREADWEARINDICATORS,NAMEOFMANUFACTURER,FAMILY,DOTSERIALNUMBER) values (1055,'W112PMKY74','2PM',1,30685,'275/40ZR17',null,'1159',null,null,null,null,null,null,null,null,null,null,null,null,null,'COOPER ZEON SPORT A/S',null,null,null,null,null,null, null,null,null,null,null,null,null,null,null,null);
Insert into PRODUCT (SKUID,SKU,BRANDCODE,TIRETYPEID,NPRID,SIZESTAMP,DISCONTINUEDDATE,SPECNUMBER,SPEEDRATING,SINGLOADINDEX,DUALLOADINDEX,BELTEDRADIALYN,TUBELESSYN,REINFORCEDYN,EXTRALOADYN,UTQGTREADWEAR,UTQGTRACTION,UTQGTEMP,MUDSNOWYN,RIMDIAMETER,SERIALDATE,BRANDDESC,LOADRANGE,MEARIMWIDTH,REGROOVABLEIND,PLANTPRODUCED,MOSTRECENTTESTDATE,IMARK,INFORMENUMBER,FECHADATE,TREADPATTERN,SPECIALPROTECTIVEBAND,NOMINALTIREWIDTH,ASPECTRADIO,TREADWEARINDICATORS,NAMEOFMANUFACTURER,FAMILY,DOTSERIALNUMBER) values (1056,'W112PMKY84','2PM',1,30684,'275/40ZR18',null,'1094',null,null,null,null,null,null,null,null,null,null,null,null,null,'COOPER ZEON SPORT A/S',null,null,null,null,null,null, null,null,null,null,null,null,null,null,null,null);
Insert into PRODUCT (SKUID,SKU,BRANDCODE,TIRETYPEID,NPRID,SIZESTAMP,DISCONTINUEDDATE,SPECNUMBER,SPEEDRATING,SINGLOADINDEX,DUALLOADINDEX,BELTEDRADIALYN,TUBELESSYN,REINFORCEDYN,EXTRALOADYN,UTQGTREADWEAR,UTQGTRACTION,UTQGTEMP,MUDSNOWYN,RIMDIAMETER,SERIALDATE,BRANDDESC,LOADRANGE,MEARIMWIDTH,REGROOVABLEIND,PLANTPRODUCED,MOSTRECENTTESTDATE,IMARK,INFORMENUMBER,FECHADATE,TREADPATTERN,SPECIALPROTECTIVEBAND,NOMINALTIREWIDTH,ASPECTRADIO,TREADWEARINDICATORS,NAMEOFMANUFACTURER,FAMILY,DOTSERIALNUMBER) values (1057,'W113FJV964','3FJ',1,36182,'235/75R16',null,'1747',null,null,null,null,null,null,null,null,null,null,null,null,null,'ARCTIC CLAW WINTER XSI',null,null,null,null,null,null, null,null,null,null,null,null,null,null,null,null);
Insert into PRODUCT (SKUID,SKU,BRANDCODE,TIRETYPEID,NPRID,SIZESTAMP,DISCONTINUEDDATE,SPECNUMBER,SPEEDRATING,SINGLOADINDEX,DUALLOADINDEX,BELTEDRADIALYN,TUBELESSYN,REINFORCEDYN,EXTRALOADYN,UTQGTREADWEAR,UTQGTRACTION,UTQGTEMP,MUDSNOWYN,RIMDIAMETER,SERIALDATE,BRANDDESC,LOADRANGE,MEARIMWIDTH,REGROOVABLEIND,PLANTPRODUCED,MOSTRECENTTESTDATE,IMARK,INFORMENUMBER,FECHADATE,TREADPATTERN,SPECIALPROTECTIVEBAND,NOMINALTIREWIDTH,ASPECTRADIO,TREADWEARINDICATORS,NAMEOFMANUFACTURER,FAMILY,DOTSERIALNUMBER) values (1058,'W114KXER84','4KX',1,30986,'285/60R18',null,'1272',null,null,null,null,null,null,null,null,null,null,null,null,null,'COOPER DISCOVERER H/T PLUS (T-RATED)',null,null,null,null,null,null, null,null,null,null,null,null,null,null,null,null);
Insert into PRODUCT (SKUID,SKU,BRANDCODE,TIRETYPEID,NPRID,SIZESTAMP,DISCONTINUEDDATE,SPECNUMBER,SPEEDRATING,SINGLOADINDEX,DUALLOADINDEX,BELTEDRADIALYN,TUBELESSYN,REINFORCEDYN,EXTRALOADYN,UTQGTREADWEAR,UTQGTRACTION,UTQGTEMP,MUDSNOWYN,RIMDIAMETER,SERIALDATE,BRANDDESC,LOADRANGE,MEARIMWIDTH,REGROOVABLEIND,PLANTPRODUCED,MOSTRECENTTESTDATE,IMARK,INFORMENUMBER,FECHADATE,TREADPATTERN,SPECIALPROTECTIVEBAND,NOMINALTIREWIDTH,ASPECTRADIO,TREADWEARINDICATORS,NAMEOFMANUFACTURER,FAMILY,DOTSERIALNUMBER) values (1059,'W114KXEV86','4KX',1,30986,'265/60R18',null,'1267',null,null,null,null,null,null,null,null,null,null,null,null,null,'COOPER DISCOVERER H/T PLUS (T-RATED)',null,null,null,null,null,null, null,null,null,null,null,null,null,null,null,null);
Insert into PRODUCT (SKUID,SKU,BRANDCODE,TIRETYPEID,NPRID,SIZESTAMP,DISCONTINUEDDATE,SPECNUMBER,SPEEDRATING,SINGLOADINDEX,DUALLOADINDEX,BELTEDRADIALYN,TUBELESSYN,REINFORCEDYN,EXTRALOADYN,UTQGTREADWEAR,UTQGTRACTION,UTQGTEMP,MUDSNOWYN,RIMDIAMETER,SERIALDATE,BRANDDESC,LOADRANGE,MEARIMWIDTH,REGROOVABLEIND,PLANTPRODUCED,MOSTRECENTTESTDATE,IMARK,INFORMENUMBER,FECHADATE,TREADPATTERN,SPECIALPROTECTIVEBAND,NOMINALTIREWIDTH,ASPECTRADIO,TREADWEARINDICATORS,NAMEOFMANUFACTURER,FAMILY,DOTSERIALNUMBER) values (1060,'W114KXEY06','4KX',1,30986,'275/60R20',null,'1269',null,null,null,null,null,null,null,null,null,null,null,null,null,'COOPER DISCOVERER H/T PLUS (T-RATED)',null,null,null,null,null,null, null,null,null,null,null,null,null,null,null,null);
Insert into PRODUCT (SKUID,SKU,BRANDCODE,TIRETYPEID,NPRID,SIZESTAMP,DISCONTINUEDDATE,SPECNUMBER,SPEEDRATING,SINGLOADINDEX,DUALLOADINDEX,BELTEDRADIALYN,TUBELESSYN,REINFORCEDYN,EXTRALOADYN,UTQGTREADWEAR,UTQGTRACTION,UTQGTEMP,MUDSNOWYN,RIMDIAMETER,SERIALDATE,BRANDDESC,LOADRANGE,MEARIMWIDTH,REGROOVABLEIND,PLANTPRODUCED,MOSTRECENTTESTDATE,IMARK,INFORMENUMBER,FECHADATE,TREADPATTERN,SPECIALPROTECTIVEBAND,NOMINALTIREWIDTH,ASPECTRADIO,TREADWEARINDICATORS,NAMEOFMANUFACTURER,FAMILY,DOTSERIALNUMBER) values (1061,'W114KXGY06','4KX',1,30986,'275/55R20',null,'1268',null,null,null,null,null,null,null,null,null,null,null,null,null,'COOPER DISCOVERER H/T PLUS (T-RATED)',null,null,null,null,null,null, null,null,null,null,null,null,null,null,null,null);
Insert into PRODUCT (SKUID,SKU,BRANDCODE,TIRETYPEID,NPRID,SIZESTAMP,DISCONTINUEDDATE,SPECNUMBER,SPEEDRATING,SINGLOADINDEX,DUALLOADINDEX,BELTEDRADIALYN,TUBELESSYN,REINFORCEDYN,EXTRALOADYN,UTQGTREADWEAR,UTQGTRACTION,UTQGTEMP,MUDSNOWYN,RIMDIAMETER,SERIALDATE,BRANDDESC,LOADRANGE,MEARIMWIDTH,REGROOVABLEIND,PLANTPRODUCED,MOSTRECENTTESTDATE,IMARK,INFORMENUMBER,FECHADATE,TREADPATTERN,SPECIALPROTECTIVEBAND,NOMINALTIREWIDTH,ASPECTRADIO,TREADWEARINDICATORS,NAMEOFMANUFACTURER,FAMILY,DOTSERIALNUMBER) values (1064,'W114KYEV86','4KY',1,31339,'265/60R18',null,'1267',null,null,null,null,null,null,null,null,null,null,null,null,null,'MASTERCRAFT COURSER HTR PLUS (T-RATED)',null,null,null,null,null,null, null,null,null,null,null,null,null,null,null,null);
Insert into PRODUCT (SKUID,SKU,BRANDCODE,TIRETYPEID,NPRID,SIZESTAMP,DISCONTINUEDDATE,SPECNUMBER,SPEEDRATING,SINGLOADINDEX,DUALLOADINDEX,BELTEDRADIALYN,TUBELESSYN,REINFORCEDYN,EXTRALOADYN,UTQGTREADWEAR,UTQGTRACTION,UTQGTEMP,MUDSNOWYN,RIMDIAMETER,SERIALDATE,BRANDDESC,LOADRANGE,MEARIMWIDTH,REGROOVABLEIND,PLANTPRODUCED,MOSTRECENTTESTDATE,IMARK,INFORMENUMBER,FECHADATE,TREADPATTERN,SPECIALPROTECTIVEBAND,NOMINALTIREWIDTH,ASPECTRADIO,TREADWEARINDICATORS,NAMEOFMANUFACTURER,FAMILY,DOTSERIALNUMBER) values (1065,'W114KYEY06','4KY',1,31339,'275/60R20',null,'1269',null,null,null,null,null,null,null,null,null,null,null,null,null,'MASTERCRAFT COURSER HTR PLUS (T-RATED)',null,null,null,null,null,null, null,null,null,null,null,null,null,null,null,null);
Insert into PRODUCT (SKUID,SKU,BRANDCODE,TIRETYPEID,NPRID,SIZESTAMP,DISCONTINUEDDATE,SPECNUMBER,SPEEDRATING,SINGLOADINDEX,DUALLOADINDEX,BELTEDRADIALYN,TUBELESSYN,REINFORCEDYN,EXTRALOADYN,UTQGTREADWEAR,UTQGTRACTION,UTQGTEMP,MUDSNOWYN,RIMDIAMETER,SERIALDATE,BRANDDESC,LOADRANGE,MEARIMWIDTH,REGROOVABLEIND,PLANTPRODUCED,MOSTRECENTTESTDATE,IMARK,INFORMENUMBER,FECHADATE,TREADPATTERN,SPECIALPROTECTIVEBAND,NOMINALTIREWIDTH,ASPECTRADIO,TREADWEARINDICATORS,NAMEOFMANUFACTURER,FAMILY,DOTSERIALNUMBER) values (1066,'W114KYGX86','4KY',1,31339,'255/55R18',null,'1266',null,null,null,null,null,null,null,null,null,null,null,null,null,'MASTERCRAFT COURSER HTR PLUS (T-RATED)',null,null,null,null,null,null, null,null,null,null,null,null,null,null,null,null);
Insert into PRODUCT (SKUID,SKU,BRANDCODE,TIRETYPEID,NPRID,SIZESTAMP,DISCONTINUEDDATE,SPECNUMBER,SPEEDRATING,SINGLOADINDEX,DUALLOADINDEX,BELTEDRADIALYN,TUBELESSYN,REINFORCEDYN,EXTRALOADYN,UTQGTREADWEAR,UTQGTRACTION,UTQGTEMP,MUDSNOWYN,RIMDIAMETER,SERIALDATE,BRANDDESC,LOADRANGE,MEARIMWIDTH,REGROOVABLEIND,PLANTPRODUCED,MOSTRECENTTESTDATE,IMARK,INFORMENUMBER,FECHADATE,TREADPATTERN,SPECIALPROTECTIVEBAND,NOMINALTIREWIDTH,ASPECTRADIO,TREADWEARINDICATORS,NAMEOFMANUFACTURER,FAMILY,DOTSERIALNUMBER) values (1067,'W114KYGY06','4KY',1,31339,'275/55R20',null,'1268',null,null,null,null,null,null,null,null,null,null,null,null,null,'MASTERCRAFT COURSER HTR PLUS (T-RATED)',null,null,null,null,null,null, null,null,null,null,null,null,null,null,null,null);
Insert into PRODUCT (SKUID,SKU,BRANDCODE,TIRETYPEID,NPRID,SIZESTAMP,DISCONTINUEDDATE,SPECNUMBER,SPEEDRATING,SINGLOADINDEX,DUALLOADINDEX,BELTEDRADIALYN,TUBELESSYN,REINFORCEDYN,EXTRALOADYN,UTQGTREADWEAR,UTQGTRACTION,UTQGTEMP,MUDSNOWYN,RIMDIAMETER,SERIALDATE,BRANDDESC,LOADRANGE,MEARIMWIDTH,REGROOVABLEIND,PLANTPRODUCED,MOSTRECENTTESTDATE,IMARK,INFORMENUMBER,FECHADATE,TREADPATTERN,SPECIALPROTECTIVEBAND,NOMINALTIREWIDTH,ASPECTRADIO,TREADWEARINDICATORS,NAMEOFMANUFACTURER,FAMILY,DOTSERIALNUMBER) values (1068,'W114KYGY06','4KY',1,31339,'275/55R20',null,'1780',null,null,null,null,null,null,null,null,null,null,null,null,null,'MASTERCRAFT COURSER HTR PLUS (T-RATED)',null,null,null,null,null,null, null,null,null,null,null,null,null,null,null,null);
Insert into PRODUCT (SKUID,SKU,BRANDCODE,TIRETYPEID,NPRID,SIZESTAMP,DISCONTINUEDDATE,SPECNUMBER,SPEEDRATING,SINGLOADINDEX,DUALLOADINDEX,BELTEDRADIALYN,TUBELESSYN,REINFORCEDYN,EXTRALOADYN,UTQGTREADWEAR,UTQGTRACTION,UTQGTEMP,MUDSNOWYN,RIMDIAMETER,SERIALDATE,BRANDDESC,LOADRANGE,MEARIMWIDTH,REGROOVABLEIND,PLANTPRODUCED,MOSTRECENTTESTDATE,IMARK,INFORMENUMBER,FECHADATE,TREADPATTERN,SPECIALPROTECTIVEBAND,NOMINALTIREWIDTH,ASPECTRADIO,TREADWEARINDICATORS,NAMEOFMANUFACTURER,FAMILY,DOTSERIALNUMBER) values (1069,'W114KYHA06','4KY',1,31339,'305/50R20',null,'1275',null,null,null,null,null,null,null,null,null,null,null,null,null,'MASTERCRAFT COURSER HTR PLUS (T-RATED)',null,null,null,null,null,null, null,null,null,null,null,null,null,null,null,null);
Insert into PRODUCT (SKUID,SKU,BRANDCODE,TIRETYPEID,NPRID,SIZESTAMP,DISCONTINUEDDATE,SPECNUMBER,SPEEDRATING,SINGLOADINDEX,DUALLOADINDEX,BELTEDRADIALYN,TUBELESSYN,REINFORCEDYN,EXTRALOADYN,UTQGTREADWEAR,UTQGTRACTION,UTQGTEMP,MUDSNOWYN,RIMDIAMETER,SERIALDATE,BRANDDESC,LOADRANGE,MEARIMWIDTH,REGROOVABLEIND,PLANTPRODUCED,MOSTRECENTTESTDATE,IMARK,INFORMENUMBER,FECHADATE,TREADPATTERN,SPECIALPROTECTIVEBAND,NOMINALTIREWIDTH,ASPECTRADIO,TREADWEARINDICATORS,NAMEOFMANUFACTURER,FAMILY,DOTSERIALNUMBER) values (1070,'W114KYHR06','4KY',1,31339,'285/50R20',null,'1270',null,null,null,null,null,null,null,null,null,null,null,null,null,'MASTERCRAFT COURSER HTR PLUS (T-RATED)',null,null,null,null,null,null, null,null,null,null,null,null,null,null,null,null);
Insert into PRODUCT (SKUID,SKU,BRANDCODE,TIRETYPEID,NPRID,SIZESTAMP,DISCONTINUEDDATE,SPECNUMBER,SPEEDRATING,SINGLOADINDEX,DUALLOADINDEX,BELTEDRADIALYN,TUBELESSYN,REINFORCEDYN,EXTRALOADYN,UTQGTREADWEAR,UTQGTRACTION,UTQGTEMP,MUDSNOWYN,RIMDIAMETER,SERIALDATE,BRANDDESC,LOADRANGE,MEARIMWIDTH,REGROOVABLEIND,PLANTPRODUCED,MOSTRECENTTESTDATE,IMARK,INFORMENUMBER,FECHADATE,TREADPATTERN,SPECIALPROTECTIVEBAND,NOMINALTIREWIDTH,ASPECTRADIO,TREADWEARINDICATORS,NAMEOFMANUFACTURER,FAMILY,DOTSERIALNUMBER) values (1071,'W114KYJY06','4KY',1,31339,'275/45R20',null,'1276',null,null,null,null,null,null,null,null,null,null,null,null,null,'MASTERCRAFT COURSER HTR PLUS (T-RATED)',null,null,null,null,null,null, null,null,null,null,null,null,null,null,null,null);
Insert into PRODUCT (SKUID,SKU,BRANDCODE,TIRETYPEID,NPRID,SIZESTAMP,DISCONTINUEDDATE,SPECNUMBER,SPEEDRATING,SINGLOADINDEX,DUALLOADINDEX,BELTEDRADIALYN,TUBELESSYN,REINFORCEDYN,EXTRALOADYN,UTQGTREADWEAR,UTQGTRACTION,UTQGTEMP,MUDSNOWYN,RIMDIAMETER,SERIALDATE,BRANDDESC,LOADRANGE,MEARIMWIDTH,REGROOVABLEIND,PLANTPRODUCED,MOSTRECENTTESTDATE,IMARK,INFORMENUMBER,FECHADATE,TREADPATTERN,SPECIALPROTECTIVEBAND,NOMINALTIREWIDTH,ASPECTRADIO,TREADWEARINDICATORS,NAMEOFMANUFACTURER,FAMILY,DOTSERIALNUMBER) values (1072,'W114MWE964','4MW',1,31736,'235/60R16',null,'1554',null,null,null,null,null,null,null,null,null,null,null,null,null,'COOPER CS4 TOURING (TR)',null,null,null,null,null,null, null,null,null,null,null,null,null,null,null,null);
Insert into PRODUCT (SKUID,SKU,BRANDCODE,TIRETYPEID,NPRID,SIZESTAMP,DISCONTINUEDDATE,SPECNUMBER,SPEEDRATING,SINGLOADINDEX,DUALLOADINDEX,BELTEDRADIALYN,TUBELESSYN,REINFORCEDYN,EXTRALOADYN,UTQGTREADWEAR,UTQGTRACTION,UTQGTEMP,MUDSNOWYN,RIMDIAMETER,SERIALDATE,BRANDDESC,LOADRANGE,MEARIMWIDTH,REGROOVABLEIND,PLANTPRODUCED,MOSTRECENTTESTDATE,IMARK,INFORMENUMBER,FECHADATE,TREADPATTERN,SPECIALPROTECTIVEBAND,NOMINALTIREWIDTH,ASPECTRADIO,TREADWEARINDICATORS,NAMEOFMANUFACTURER,FAMILY,DOTSERIALNUMBER) values (1073,'W114MWF984','4MW',1,31736,'235/65R18',null,'1558',null,null,null,null,null,null,null,null,null,null,null,null,null,'COOPER CS4 TOURING (TR)',null,null,null,null,null,null, null,null,null,null,null,null,null,null,null,null);
Insert into PRODUCT (SKUID,SKU,BRANDCODE,TIRETYPEID,NPRID,SIZESTAMP,DISCONTINUEDDATE,SPECNUMBER,SPEEDRATING,SINGLOADINDEX,DUALLOADINDEX,BELTEDRADIALYN,TUBELESSYN,REINFORCEDYN,EXTRALOADYN,UTQGTREADWEAR,UTQGTRACTION,UTQGTEMP,MUDSNOWYN,RIMDIAMETER,SERIALDATE,BRANDDESC,LOADRANGE,MEARIMWIDTH,REGROOVABLEIND,PLANTPRODUCED,MOSTRECENTTESTDATE,IMARK,INFORMENUMBER,FECHADATE,TREADPATTERN,SPECIALPROTECTIVEBAND,NOMINALTIREWIDTH,ASPECTRADIO,TREADWEARINDICATORS,NAMEOFMANUFACTURER,FAMILY,DOTSERIALNUMBER) values (1074,'W114MXF754','4MX',1,31754,'215/65R15',null,'1360',null,null,null,null,null,null,null,null,null,null,null,null,null,'COOPER CS4 TOURING (HR)',null,null,null,null,null,null, null,null,null,null,null,null,null,null,null,null);
Insert into PRODUCT (SKUID,SKU,BRANDCODE,TIRETYPEID,NPRID,SIZESTAMP,DISCONTINUEDDATE,SPECNUMBER,SPEEDRATING,SINGLOADINDEX,DUALLOADINDEX,BELTEDRADIALYN,TUBELESSYN,REINFORCEDYN,EXTRALOADYN,UTQGTREADWEAR,UTQGTRACTION,UTQGTEMP,MUDSNOWYN,RIMDIAMETER,SERIALDATE,BRANDDESC,LOADRANGE,MEARIMWIDTH,REGROOVABLEIND,PLANTPRODUCED,MOSTRECENTTESTDATE,IMARK,INFORMENUMBER,FECHADATE,TREADPATTERN,SPECIALPROTECTIVEBAND,NOMINALTIREWIDTH,ASPECTRADIO,TREADWEARINDICATORS,NAMEOFMANUFACTURER,FAMILY,DOTSERIALNUMBER) values (1075,'W114MYH874','4MY',1,31755,'225/50R17',null,'1539',null,null,null,null,null,null,null,null,null,null,null,null,null,'COOPER CS4 TOURING (VR)',null,null,null,null,null,null, null,null,null,null,null,null,null,null,null,null);
Insert into PRODUCT (SKUID,SKU,BRANDCODE,TIRETYPEID,NPRID,SIZESTAMP,DISCONTINUEDDATE,SPECNUMBER,SPEEDRATING,SINGLOADINDEX,DUALLOADINDEX,BELTEDRADIALYN,TUBELESSYN,REINFORCEDYN,EXTRALOADYN,UTQGTREADWEAR,UTQGTRACTION,UTQGTEMP,MUDSNOWYN,RIMDIAMETER,SERIALDATE,BRANDDESC,LOADRANGE,MEARIMWIDTH,REGROOVABLEIND,PLANTPRODUCED,MOSTRECENTTESTDATE,IMARK,INFORMENUMBER,FECHADATE,TREADPATTERN,SPECIALPROTECTIVEBAND,NOMINALTIREWIDTH,ASPECTRADIO,TREADWEARINDICATORS,NAMEOFMANUFACTURER,FAMILY,DOTSERIALNUMBER) values (1076,'W114NAE964','4NA',1,31753,'235/60R16',null,'1554',null,null,null,null,null,null,null,null,null,null,null,null,null,'MASTERCRAFT AVENGER TOURING LSR (TR)',null,null,null,null,null,null, null,null,null,null,null,null,null,null,null,null);
Insert into PRODUCT (SKUID,SKU,BRANDCODE,TIRETYPEID,NPRID,SIZESTAMP,DISCONTINUEDDATE,SPECNUMBER,SPEEDRATING,SINGLOADINDEX,DUALLOADINDEX,BELTEDRADIALYN,TUBELESSYN,REINFORCEDYN,EXTRALOADYN,UTQGTREADWEAR,UTQGTRACTION,UTQGTEMP,MUDSNOWYN,RIMDIAMETER,SERIALDATE,BRANDDESC,LOADRANGE,MEARIMWIDTH,REGROOVABLEIND,PLANTPRODUCED,MOSTRECENTTESTDATE,IMARK,INFORMENUMBER,FECHADATE,TREADPATTERN,SPECIALPROTECTIVEBAND,NOMINALTIREWIDTH,ASPECTRADIO,TREADWEARINDICATORS,NAMEOFMANUFACTURER,FAMILY,DOTSERIALNUMBER) values (1077,'W114NAF984','4NA',1,31753,'235/65R18',null,'1558',null,null,null,null,null,null,null,null,null,null,null,null,null,'MASTERCRAFT AVENGER TOURING LSR (TR)',null,null,null,null,null,null, null,null,null,null,null,null,null,null,null,null);
Insert into PRODUCT (SKUID,SKU,BRANDCODE,TIRETYPEID,NPRID,SIZESTAMP,DISCONTINUEDDATE,SPECNUMBER,SPEEDRATING,SINGLOADINDEX,DUALLOADINDEX,BELTEDRADIALYN,TUBELESSYN,REINFORCEDYN,EXTRALOADYN,UTQGTREADWEAR,UTQGTRACTION,UTQGTEMP,MUDSNOWYN,RIMDIAMETER,SERIALDATE,BRANDDESC,LOADRANGE,MEARIMWIDTH,REGROOVABLEIND,PLANTPRODUCED,MOSTRECENTTESTDATE,IMARK,INFORMENUMBER,FECHADATE,TREADPATTERN,SPECIALPROTECTIVEBAND,NOMINALTIREWIDTH,ASPECTRADIO,TREADWEARINDICATORS,NAMEOFMANUFACTURER,FAMILY,DOTSERIALNUMBER) values (1078,'W114NCF754','4NC',1,31756,'215/65R15',null,'1360',null,null,null,null,null,null,null,null,null,null,null,null,null,'MASTERCRAFT AVENGER TOURING LSR (HR)',null,null,null,null,null,null, null,null,null,null,null,null,null,null,null,null);
Insert into PRODUCT (SKUID,SKU,BRANDCODE,TIRETYPEID,NPRID,SIZESTAMP,DISCONTINUEDDATE,SPECNUMBER,SPEEDRATING,SINGLOADINDEX,DUALLOADINDEX,BELTEDRADIALYN,TUBELESSYN,REINFORCEDYN,EXTRALOADYN,UTQGTREADWEAR,UTQGTRACTION,UTQGTEMP,MUDSNOWYN,RIMDIAMETER,SERIALDATE,BRANDDESC,LOADRANGE,MEARIMWIDTH,REGROOVABLEIND,PLANTPRODUCED,MOSTRECENTTESTDATE,IMARK,INFORMENUMBER,FECHADATE,TREADPATTERN,SPECIALPROTECTIVEBAND,NOMINALTIREWIDTH,ASPECTRADIO,TREADWEARINDICATORS,NAMEOFMANUFACTURER,FAMILY,DOTSERIALNUMBER) values (1079,'W114NEH874','4NE',1,31758,'225/50R17',null,'1539',null,null,null,null,null,null,null,null,null,null,null,null,null,'MASTERCRAFT AVENGER TOURING LSR (VR)',null,null,null,null,null,null, null,null,null,null,null,null,null,null,null,null);
Insert into PRODUCT (SKUID,SKU,BRANDCODE,TIRETYPEID,NPRID,SIZESTAMP,DISCONTINUEDDATE,SPECNUMBER,SPEEDRATING,SINGLOADINDEX,DUALLOADINDEX,BELTEDRADIALYN,TUBELESSYN,REINFORCEDYN,EXTRALOADYN,UTQGTREADWEAR,UTQGTRACTION,UTQGTEMP,MUDSNOWYN,RIMDIAMETER,SERIALDATE,BRANDDESC,LOADRANGE,MEARIMWIDTH,REGROOVABLEIND,PLANTPRODUCED,MOSTRECENTTESTDATE,IMARK,INFORMENUMBER,FECHADATE,TREADPATTERN,SPECIALPROTECTIVEBAND,NOMINALTIREWIDTH,ASPECTRADIO,TREADWEARINDICATORS,NAMEOFMANUFACTURER,FAMILY,DOTSERIALNUMBER) values (1080,'W114PLLA46','4PL',1,33153,'305/35R24',null,'1292',null,null,null,null,null,null,null,null,null,null,null,null,null,'COOPER ZEON XST A (V-RATED)',null,null,null,null,null,null, null,null,null,null,null,null,null,null,null,null);
Insert into PRODUCT (SKUID,SKU,BRANDCODE,TIRETYPEID,NPRID,SIZESTAMP,DISCONTINUEDDATE,SPECNUMBER,SPEEDRATING,SINGLOADINDEX,DUALLOADINDEX,BELTEDRADIALYN,TUBELESSYN,REINFORCEDYN,EXTRALOADYN,UTQGTREADWEAR,UTQGTRACTION,UTQGTEMP,MUDSNOWYN,RIMDIAMETER,SERIALDATE,BRANDDESC,LOADRANGE,MEARIMWIDTH,REGROOVABLEIND,PLANTPRODUCED,MOSTRECENTTESTDATE,IMARK,INFORMENUMBER,FECHADATE,TREADPATTERN,SPECIALPROTECTIVEBAND,NOMINALTIREWIDTH,ASPECTRADIO,TREADWEARINDICATORS,NAMEOFMANUFACTURER,FAMILY,DOTSERIALNUMBER) values (1081,'W11505W860','505',3,31926,'LT225/75R16',null,'5640',null,null,null,null,null,null,null,null,null,null,null,null,null,'COOPER DISCOVERER H/T',null,null,null,null,null,null, null,null,null,null,null,null,null,null,null,null);
Insert into PRODUCT (SKUID,SKU,BRANDCODE,TIRETYPEID,NPRID,SIZESTAMP,DISCONTINUEDDATE,SPECNUMBER,SPEEDRATING,SINGLOADINDEX,DUALLOADINDEX,BELTEDRADIALYN,TUBELESSYN,REINFORCEDYN,EXTRALOADYN,UTQGTREADWEAR,UTQGTRACTION,UTQGTEMP,MUDSNOWYN,RIMDIAMETER,SERIALDATE,BRANDDESC,LOADRANGE,MEARIMWIDTH,REGROOVABLEIND,PLANTPRODUCED,MOSTRECENTTESTDATE,IMARK,INFORMENUMBER,FECHADATE,TREADPATTERN,SPECIALPROTECTIVEBAND,NOMINALTIREWIDTH,ASPECTRADIO,TREADWEARINDICATORS,NAMEOFMANUFACTURER,FAMILY,DOTSERIALNUMBER) values (1082,'W11595U070','595',3,3215,'LT245/70R17',null,'5274',null,null,null,null,null,null,null,null,null,null,null,null,null,'MASTERCRAFT COURSER HTR',null,null,null,null,null,null, null,null,null,null,null,null,null,null,null,null);
Insert into PRODUCT (SKUID,SKU,BRANDCODE,TIRETYPEID,NPRID,SIZESTAMP,DISCONTINUEDDATE,SPECNUMBER,SPEEDRATING,SINGLOADINDEX,DUALLOADINDEX,BELTEDRADIALYN,TUBELESSYN,REINFORCEDYN,EXTRALOADYN,UTQGTREADWEAR,UTQGTRACTION,UTQGTEMP,MUDSNOWYN,RIMDIAMETER,SERIALDATE,BRANDDESC,LOADRANGE,MEARIMWIDTH,REGROOVABLEIND,PLANTPRODUCED,MOSTRECENTTESTDATE,IMARK,INFORMENUMBER,FECHADATE,TREADPATTERN,SPECIALPROTECTIVEBAND,NOMINALTIREWIDTH,ASPECTRADIO,TREADWEARINDICATORS,NAMEOFMANUFACTURER,FAMILY,DOTSERIALNUMBER) values (1083,'W11595W060','595',3,1535,'LT245/75R16',null,'5642',null,null,null,null,null,null,null,null,null,null,null,null,null,'MASTERCRAFT COURSER HTR',null,null,null,null,null,null, null,null,null,null,null,null,null,null,null,null);
Insert into PRODUCT (SKUID,SKU,BRANDCODE,TIRETYPEID,NPRID,SIZESTAMP,DISCONTINUEDDATE,SPECNUMBER,SPEEDRATING,SINGLOADINDEX,DUALLOADINDEX,BELTEDRADIALYN,TUBELESSYN,REINFORCEDYN,EXTRALOADYN,UTQGTREADWEAR,UTQGTRACTION,UTQGTEMP,MUDSNOWYN,RIMDIAMETER,SERIALDATE,BRANDDESC,LOADRANGE,MEARIMWIDTH,REGROOVABLEIND,PLANTPRODUCED,MOSTRECENTTESTDATE,IMARK,INFORMENUMBER,FECHADATE,TREADPATTERN,SPECIALPROTECTIVEBAND,NOMINALTIREWIDTH,ASPECTRADIO,TREADWEARINDICATORS,NAMEOFMANUFACTURER,FAMILY,DOTSERIALNUMBER) values (1084,'W11595W860','595',3,32196,'LT225/75R16',null,'5640',null,null,null,null,null,null,null,null,null,null,null,null,null,'MASTERCRAFT COURSER HTR',null,null,null,null,null,null, null,null,null,null,null,null,null,null,null,null);
Insert into PRODUCT (SKUID,SKU,BRANDCODE,TIRETYPEID,NPRID,SIZESTAMP,DISCONTINUEDDATE,SPECNUMBER,SPEEDRATING,SINGLOADINDEX,DUALLOADINDEX,BELTEDRADIALYN,TUBELESSYN,REINFORCEDYN,EXTRALOADYN,UTQGTREADWEAR,UTQGTRACTION,UTQGTEMP,MUDSNOWYN,RIMDIAMETER,SERIALDATE,BRANDDESC,LOADRANGE,MEARIMWIDTH,REGROOVABLEIND,PLANTPRODUCED,MOSTRECENTTESTDATE,IMARK,INFORMENUMBER,FECHADATE,TREADPATTERN,SPECIALPROTECTIVEBAND,NOMINALTIREWIDTH,ASPECTRADIO,TREADWEARINDICATORS,NAMEOFMANUFACTURER,FAMILY,DOTSERIALNUMBER) values (1085,'W11595Y960','595',3,1535,'LT235/85R16',null,'5644',null,null,null,null,null,null,null,null,null,null,null,null,null,'MASTERCRAFT COURSER HTR',null,null,null,null,null,null, null,null,null,null,null,null,null,null,null,null);
Insert into PRODUCT (SKUID,SKU,BRANDCODE,TIRETYPEID,NPRID,SIZESTAMP,DISCONTINUEDDATE,SPECNUMBER,SPEEDRATING,SINGLOADINDEX,DUALLOADINDEX,BELTEDRADIALYN,TUBELESSYN,REINFORCEDYN,EXTRALOADYN,UTQGTREADWEAR,UTQGTRACTION,UTQGTEMP,MUDSNOWYN,RIMDIAMETER,SERIALDATE,BRANDDESC,LOADRANGE,MEARIMWIDTH,REGROOVABLEIND,PLANTPRODUCED,MOSTRECENTTESTDATE,IMARK,INFORMENUMBER,FECHADATE,TREADPATTERN,SPECIALPROTECTIVEBAND,NOMINALTIREWIDTH,ASPECTRADIO,TREADWEARINDICATORS,NAMEOFMANUFACTURER,FAMILY,DOTSERIALNUMBER) values (1086,'W115CYW060','5CY',3,31906,'LT245/75R16',null,'5670',null,null,null,null,null,null,null,null,null,null,null,null,null,'HERCULES TERRA TRAC HT',null,null,null,null,null,null, null,null,null,null,null,null,null,null,null,null);
Insert into PRODUCT (SKUID,SKU,BRANDCODE,TIRETYPEID,NPRID,SIZESTAMP,DISCONTINUEDDATE,SPECNUMBER,SPEEDRATING,SINGLOADINDEX,DUALLOADINDEX,BELTEDRADIALYN,TUBELESSYN,REINFORCEDYN,EXTRALOADYN,UTQGTREADWEAR,UTQGTRACTION,UTQGTEMP,MUDSNOWYN,RIMDIAMETER,SERIALDATE,BRANDDESC,LOADRANGE,MEARIMWIDTH,REGROOVABLEIND,PLANTPRODUCED,MOSTRECENTTESTDATE,IMARK,INFORMENUMBER,FECHADATE,TREADPATTERN,SPECIALPROTECTIVEBAND,NOMINALTIREWIDTH,ASPECTRADIO,TREADWEARINDICATORS,NAMEOFMANUFACTURER,FAMILY,DOTSERIALNUMBER) values (1087,'W115CYW860','5CY',3,32564,'LT225/75R16',null,'5676',null,null,null,null,null,null,null,null,null,null,null,null,null,'HERCULES TERRA TRAC HT',null,null,null,null,null,null, null,null,null,null,null,null,null,null,null,null);
Insert into PRODUCT (SKUID,SKU,BRANDCODE,TIRETYPEID,NPRID,SIZESTAMP,DISCONTINUEDDATE,SPECNUMBER,SPEEDRATING,SINGLOADINDEX,DUALLOADINDEX,BELTEDRADIALYN,TUBELESSYN,REINFORCEDYN,EXTRALOADYN,UTQGTREADWEAR,UTQGTRACTION,UTQGTEMP,MUDSNOWYN,RIMDIAMETER,SERIALDATE,BRANDDESC,LOADRANGE,MEARIMWIDTH,REGROOVABLEIND,PLANTPRODUCED,MOSTRECENTTESTDATE,IMARK,INFORMENUMBER,FECHADATE,TREADPATTERN,SPECIALPROTECTIVEBAND,NOMINALTIREWIDTH,ASPECTRADIO,TREADWEARINDICATORS,NAMEOFMANUFACTURER,FAMILY,DOTSERIALNUMBER) values (1088,'W115CYY760','5CY',3,33126,'LT215/85R16',null,'5675',null,null,null,null,null,null,null,null,null,null,null,null,null,'HERCULES TERRA TRAC HT',null,null,null,null,null,null, null,null,null,null,null,null,null,null,null,null);
Insert into PRODUCT (SKUID,SKU,BRANDCODE,TIRETYPEID,NPRID,SIZESTAMP,DISCONTINUEDDATE,SPECNUMBER,SPEEDRATING,SINGLOADINDEX,DUALLOADINDEX,BELTEDRADIALYN,TUBELESSYN,REINFORCEDYN,EXTRALOADYN,UTQGTREADWEAR,UTQGTRACTION,UTQGTEMP,MUDSNOWYN,RIMDIAMETER,SERIALDATE,BRANDDESC,LOADRANGE,MEARIMWIDTH,REGROOVABLEIND,PLANTPRODUCED,MOSTRECENTTESTDATE,IMARK,INFORMENUMBER,FECHADATE,TREADPATTERN,SPECIALPROTECTIVEBAND,NOMINALTIREWIDTH,ASPECTRADIO,TREADWEARINDICATORS,NAMEOFMANUFACTURER,FAMILY,DOTSERIALNUMBER) values (1089,'W115CYY960','5CY',3,31906,'LT235/85R16',null,'5671',null,null,null,null,null,null,null,null,null,null,null,null,null,'HERCULES TERRA TRAC HT',null,null,null,null,null,null, null,null,null,null,null,null,null,null,null,null);
Insert into PRODUCT (SKUID,SKU,BRANDCODE,TIRETYPEID,NPRID,SIZESTAMP,DISCONTINUEDDATE,SPECNUMBER,SPEEDRATING,SINGLOADINDEX,DUALLOADINDEX,BELTEDRADIALYN,TUBELESSYN,REINFORCEDYN,EXTRALOADYN,UTQGTREADWEAR,UTQGTRACTION,UTQGTEMP,MUDSNOWYN,RIMDIAMETER,SERIALDATE,BRANDDESC,LOADRANGE,MEARIMWIDTH,REGROOVABLEIND,PLANTPRODUCED,MOSTRECENTTESTDATE,IMARK,INFORMENUMBER,FECHADATE,TREADPATTERN,SPECIALPROTECTIVEBAND,NOMINALTIREWIDTH,ASPECTRADIO,TREADWEARINDICATORS,NAMEOFMANUFACTURER,FAMILY,DOTSERIALNUMBER) values (1090,'W115GCU070','5GC',3,31978,'LT245/70R17',null,'5274',null,null,null,null,null,null,null,null,null,null,null,null,null,'WILD SPIRIT SPORT H/T',null,null,null,null,null,null, null,null,null,null,null,null,null,null,null,null);
Insert into PRODUCT (SKUID,SKU,BRANDCODE,TIRETYPEID,NPRID,SIZESTAMP,DISCONTINUEDDATE,SPECNUMBER,SPEEDRATING,SINGLOADINDEX,DUALLOADINDEX,BELTEDRADIALYN,TUBELESSYN,REINFORCEDYN,EXTRALOADYN,UTQGTREADWEAR,UTQGTRACTION,UTQGTEMP,MUDSNOWYN,RIMDIAMETER,SERIALDATE,BRANDDESC,LOADRANGE,MEARIMWIDTH,REGROOVABLEIND,PLANTPRODUCED,MOSTRECENTTESTDATE,IMARK,INFORMENUMBER,FECHADATE,TREADPATTERN,SPECIALPROTECTIVEBAND,NOMINALTIREWIDTH,ASPECTRADIO,TREADWEARINDICATORS,NAMEOFMANUFACTURER,FAMILY,DOTSERIALNUMBER) values (1091,'W115GCW060','5GC',3,31978,'LT245/75R16',null,'5642',null,null,null,null,null,null,null,null,null,null,null,null,null,'WILD SPIRIT SPORT H/T',null,null,null,null,null,null, null,null,null,null,null,null,null,null,null,null);
Insert into PRODUCT (SKUID,SKU,BRANDCODE,TIRETYPEID,NPRID,SIZESTAMP,DISCONTINUEDDATE,SPECNUMBER,SPEEDRATING,SINGLOADINDEX,DUALLOADINDEX,BELTEDRADIALYN,TUBELESSYN,REINFORCEDYN,EXTRALOADYN,UTQGTREADWEAR,UTQGTRACTION,UTQGTEMP,MUDSNOWYN,RIMDIAMETER,SERIALDATE,BRANDDESC,LOADRANGE,MEARIMWIDTH,REGROOVABLEIND,PLANTPRODUCED,MOSTRECENTTESTDATE,IMARK,INFORMENUMBER,FECHADATE,TREADPATTERN,SPECIALPROTECTIVEBAND,NOMINALTIREWIDTH,ASPECTRADIO,TREADWEARINDICATORS,NAMEOFMANUFACTURER,FAMILY,DOTSERIALNUMBER) values (1092,'W11759W060','759',3,2556,'LT245/75R16',null,'5642',null,null,null,null,null,null,null,null,null,null,null,null,null,'WILDCAT TOURING SLT',null,null,null,null,null,null, null,null,null,null,null,null,null,null,null,null);
Insert into PRODUCT (SKUID,SKU,BRANDCODE,TIRETYPEID,NPRID,SIZESTAMP,DISCONTINUEDDATE,SPECNUMBER,SPEEDRATING,SINGLOADINDEX,DUALLOADINDEX,BELTEDRADIALYN,TUBELESSYN,REINFORCEDYN,EXTRALOADYN,UTQGTREADWEAR,UTQGTRACTION,UTQGTEMP,MUDSNOWYN,RIMDIAMETER,SERIALDATE,BRANDDESC,LOADRANGE,MEARIMWIDTH,REGROOVABLEIND,PLANTPRODUCED,MOSTRECENTTESTDATE,IMARK,INFORMENUMBER,FECHADATE,TREADPATTERN,SPECIALPROTECTIVEBAND,NOMINALTIREWIDTH,ASPECTRADIO,TREADWEARINDICATORS,NAMEOFMANUFACTURER,FAMILY,DOTSERIALNUMBER) values (1093,'W11759W860','759',3,2556,'LT225/75R16',null,'5628',null,null,null,null,null,null,null,null,null,null,null,null,null,'WILDCAT TOURING SLT',null,null,null,null,null,null, null,null,null,null,null,null,null,null,null,null);
Insert into PRODUCT (SKUID,SKU,BRANDCODE,TIRETYPEID,NPRID,SIZESTAMP,DISCONTINUEDDATE,SPECNUMBER,SPEEDRATING,SINGLOADINDEX,DUALLOADINDEX,BELTEDRADIALYN,TUBELESSYN,REINFORCEDYN,EXTRALOADYN,UTQGTREADWEAR,UTQGTRACTION,UTQGTEMP,MUDSNOWYN,RIMDIAMETER,SERIALDATE,BRANDDESC,LOADRANGE,MEARIMWIDTH,REGROOVABLEIND,PLANTPRODUCED,MOSTRECENTTESTDATE,IMARK,INFORMENUMBER,FECHADATE,TREADPATTERN,SPECIALPROTECTIVEBAND,NOMINALTIREWIDTH,ASPECTRADIO,TREADWEARINDICATORS,NAMEOFMANUFACTURER,FAMILY,DOTSERIALNUMBER) values (1094,'W11759Y760','759',3,2556,'LT215/85R16',null,'5631',null,null,null,null,null,null,null,null,null,null,null,null,null,'WILDCAT TOURING SLT',null,null,null,null,null,null, null,null,null,null,null,null,null,null,null,null);
Insert into PRODUCT (SKUID,SKU,BRANDCODE,TIRETYPEID,NPRID,SIZESTAMP,DISCONTINUEDDATE,SPECNUMBER,SPEEDRATING,SINGLOADINDEX,DUALLOADINDEX,BELTEDRADIALYN,TUBELESSYN,REINFORCEDYN,EXTRALOADYN,UTQGTREADWEAR,UTQGTRACTION,UTQGTEMP,MUDSNOWYN,RIMDIAMETER,SERIALDATE,BRANDDESC,LOADRANGE,MEARIMWIDTH,REGROOVABLEIND,PLANTPRODUCED,MOSTRECENTTESTDATE,IMARK,INFORMENUMBER,FECHADATE,TREADPATTERN,SPECIALPROTECTIVEBAND,NOMINALTIREWIDTH,ASPECTRADIO,TREADWEARINDICATORS,NAMEOFMANUFACTURER,FAMILY,DOTSERIALNUMBER) values (1095,'W11759Y960','759',3,2556,'LT235/85R16',null,'5644',null,null,null,null,null,null,null,null,null,null,null,null,null,'WILDCAT TOURING SLT',null,null,null,null,null,null, null,null,null,null,null,null,null,null,null,null);
Insert into PRODUCT (SKUID,SKU,BRANDCODE,TIRETYPEID,NPRID,SIZESTAMP,DISCONTINUEDDATE,SPECNUMBER,SPEEDRATING,SINGLOADINDEX,DUALLOADINDEX,BELTEDRADIALYN,TUBELESSYN,REINFORCEDYN,EXTRALOADYN,UTQGTREADWEAR,UTQGTRACTION,UTQGTEMP,MUDSNOWYN,RIMDIAMETER,SERIALDATE,BRANDDESC,LOADRANGE,MEARIMWIDTH,REGROOVABLEIND,PLANTPRODUCED,MOSTRECENTTESTDATE,IMARK,INFORMENUMBER,FECHADATE,TREADPATTERN,SPECIALPROTECTIVEBAND,NOMINALTIREWIDTH,ASPECTRADIO,TREADWEARINDICATORS,NAMEOFMANUFACTURER,FAMILY,DOTSERIALNUMBER) values (1096,'W31053U954','053',1,492,'P235/70R15',null,'1398',null,null,null,null,null,null,null,null,null,null,null,null,null,'STINGER RADIAL GTS',null,null,null,null,null,null, null,null,null,null,null,null,null,null,null,null);
Insert into PRODUCT (SKUID,SKU,BRANDCODE,TIRETYPEID,NPRID,SIZESTAMP,DISCONTINUEDDATE,SPECNUMBER,SPEEDRATING,SINGLOADINDEX,DUALLOADINDEX,BELTEDRADIALYN,TUBELESSYN,REINFORCEDYN,EXTRALOADYN,UTQGTREADWEAR,UTQGTRACTION,UTQGTEMP,MUDSNOWYN,RIMDIAMETER,SERIALDATE,BRANDDESC,LOADRANGE,MEARIMWIDTH,REGROOVABLEIND,PLANTPRODUCED,MOSTRECENTTESTDATE,IMARK,INFORMENUMBER,FECHADATE,TREADPATTERN,SPECIALPROTECTIVEBAND,NOMINALTIREWIDTH,ASPECTRADIO,TREADWEARINDICATORS,NAMEOFMANUFACTURER,FAMILY,DOTSERIALNUMBER) values (1097,'W31053U954','053',1,492,'P235/70R15',null,'1398',null,null,null,null,null,null,null,null,null,null,null,null,null,'STINGER RADIAL GTS',null,null,null,null,null,null, null,null,null,null,null,null,null,null,null,null);
Insert into PRODUCT (SKUID,SKU,BRANDCODE,TIRETYPEID,NPRID,SIZESTAMP,DISCONTINUEDDATE,SPECNUMBER,SPEEDRATING,SINGLOADINDEX,DUALLOADINDEX,BELTEDRADIALYN,TUBELESSYN,REINFORCEDYN,EXTRALOADYN,UTQGTREADWEAR,UTQGTRACTION,UTQGTEMP,MUDSNOWYN,RIMDIAMETER,SERIALDATE,BRANDDESC,LOADRANGE,MEARIMWIDTH,REGROOVABLEIND,PLANTPRODUCED,MOSTRECENTTESTDATE,IMARK,INFORMENUMBER,FECHADATE,TREADPATTERN,SPECIALPROTECTIVEBAND,NOMINALTIREWIDTH,ASPECTRADIO,TREADWEARINDICATORS,NAMEOFMANUFACTURER,FAMILY,DOTSERIALNUMBER) values (1062,'W114KXGY06','4KX',1,30986,'275/55R20',null,'1780',null,null,null,null,null,null,null,null,null,null,null,null,null,'COOPER DISCOVERER H/T PLUS (T-RATED)',null,null,null,null,null,null, null,null,null,null,null,null,null,null,null,null);
Insert into PRODUCT (SKUID,SKU,BRANDCODE,TIRETYPEID,NPRID,SIZESTAMP,DISCONTINUEDDATE,SPECNUMBER,SPEEDRATING,SINGLOADINDEX,DUALLOADINDEX,BELTEDRADIALYN,TUBELESSYN,REINFORCEDYN,EXTRALOADYN,UTQGTREADWEAR,UTQGTRACTION,UTQGTEMP,MUDSNOWYN,RIMDIAMETER,SERIALDATE,BRANDDESC,LOADRANGE,MEARIMWIDTH,REGROOVABLEIND,PLANTPRODUCED,MOSTRECENTTESTDATE,IMARK,INFORMENUMBER,FECHADATE,TREADPATTERN,SPECIALPROTECTIVEBAND,NOMINALTIREWIDTH,ASPECTRADIO,TREADWEARINDICATORS,NAMEOFMANUFACTURER,FAMILY,DOTSERIALNUMBER) values (1063,'W114KYER84','4KY',1,31339,'285/60R18',null,'1272',null,null,null,null,null,null,null,null,null,null,null,null,null,'MASTERCRAFT COURSER HTR PLUS (T-RATED)',null,null,null,null,null,null, null,null,null,null,null,null,null,null,null,null);
Insert into PRODUCT (SKUID,SKU,BRANDCODE,TIRETYPEID,NPRID,SIZESTAMP,DISCONTINUEDDATE,SPECNUMBER,SPEEDRATING,SINGLOADINDEX,DUALLOADINDEX,BELTEDRADIALYN,TUBELESSYN,REINFORCEDYN,EXTRALOADYN,UTQGTREADWEAR,UTQGTRACTION,UTQGTEMP,MUDSNOWYN,RIMDIAMETER,SERIALDATE,BRANDDESC,LOADRANGE,MEARIMWIDTH,REGROOVABLEIND,PLANTPRODUCED,MOSTRECENTTESTDATE,IMARK,INFORMENUMBER,FECHADATE,TREADPATTERN,SPECIALPROTECTIVEBAND,NOMINALTIREWIDTH,ASPECTRADIO,TREADWEARINDICATORS,NAMEOFMANUFACTURER,FAMILY,DOTSERIALNUMBER) values (1098,'WL12FKEY74','2FK',1,2936,'275/60R17',null,'1428',null,null,null,null,null,null,null,null,null,null,null,null,null,'WILDCAT TOURING SLT',null,null,null,null,null,null, null,null,null,null,null,null,null,null,null,null);
Insert into PRODUCT (SKUID,SKU,BRANDCODE,TIRETYPEID,NPRID,SIZESTAMP,DISCONTINUEDDATE,SPECNUMBER,SPEEDRATING,SINGLOADINDEX,DUALLOADINDEX,BELTEDRADIALYN,TUBELESSYN,REINFORCEDYN,EXTRALOADYN,UTQGTREADWEAR,UTQGTRACTION,UTQGTEMP,MUDSNOWYN,RIMDIAMETER,SERIALDATE,BRANDDESC,LOADRANGE,MEARIMWIDTH,REGROOVABLEIND,PLANTPRODUCED,MOSTRECENTTESTDATE,IMARK,INFORMENUMBER,FECHADATE,TREADPATTERN,SPECIALPROTECTIVEBAND,NOMINALTIREWIDTH,ASPECTRADIO,TREADWEARINDICATORS,NAMEOFMANUFACTURER,FAMILY,DOTSERIALNUMBER) values (1099,'WL12FKF074','2FK',1,2936,'245/65R17',null,'1598',null,null,null,null,null,null,null,null,null,null,null,null,null,'WILDCAT TOURING SLT',null,null,null,null,null,null, null,null,null,null,null,null,null,null,null,null);
Insert into PRODUCT (SKUID,SKU,BRANDCODE,TIRETYPEID,NPRID,SIZESTAMP,DISCONTINUEDDATE,SPECNUMBER,SPEEDRATING,SINGLOADINDEX,DUALLOADINDEX,BELTEDRADIALYN,TUBELESSYN,REINFORCEDYN,EXTRALOADYN,UTQGTREADWEAR,UTQGTRACTION,UTQGTEMP,MUDSNOWYN,RIMDIAMETER,SERIALDATE,BRANDDESC,LOADRANGE,MEARIMWIDTH,REGROOVABLEIND,PLANTPRODUCED,MOSTRECENTTESTDATE,IMARK,INFORMENUMBER,FECHADATE,TREADPATTERN,SPECIALPROTECTIVEBAND,NOMINALTIREWIDTH,ASPECTRADIO,TREADWEARINDICATORS,NAMEOFMANUFACTURER,FAMILY,DOTSERIALNUMBER) values (1100,'WL12FKF074','2FK',1,2936,'245/65R17',null,'1598',null,null,null,null,null,null,null,null,null,null,null,null,null,'WILDCAT TOURING SLT',null,null,null,null,null,null, null,null,null,null,null,null,null,null,null,null);
Insert into PRODUCT (SKUID,SKU,BRANDCODE,TIRETYPEID,NPRID,SIZESTAMP,DISCONTINUEDDATE,SPECNUMBER,SPEEDRATING,SINGLOADINDEX,DUALLOADINDEX,BELTEDRADIALYN,TUBELESSYN,REINFORCEDYN,EXTRALOADYN,UTQGTREADWEAR,UTQGTRACTION,UTQGTEMP,MUDSNOWYN,RIMDIAMETER,SERIALDATE,BRANDDESC,LOADRANGE,MEARIMWIDTH,REGROOVABLEIND,PLANTPRODUCED,MOSTRECENTTESTDATE,IMARK,INFORMENUMBER,FECHADATE,TREADPATTERN,SPECIALPROTECTIVEBAND,NOMINALTIREWIDTH,ASPECTRADIO,TREADWEARINDICATORS,NAMEOFMANUFACTURER,FAMILY,DOTSERIALNUMBER) values (1101,'WL12FKF974','2FK',1,2936,'235/65R17',null,'1596',null,null,null,null,null,null,null,null,null,null,null,null,null,'WILDCAT TOURING SLT',null,null,null,null,null,null, null,null,null,null,null,null,null,null,null,null);
Insert into PRODUCT (SKUID,SKU,BRANDCODE,TIRETYPEID,NPRID,SIZESTAMP,DISCONTINUEDDATE,SPECNUMBER,SPEEDRATING,SINGLOADINDEX,DUALLOADINDEX,BELTEDRADIALYN,TUBELESSYN,REINFORCEDYN,EXTRALOADYN,UTQGTREADWEAR,UTQGTRACTION,UTQGTEMP,MUDSNOWYN,RIMDIAMETER,SERIALDATE,BRANDDESC,LOADRANGE,MEARIMWIDTH,REGROOVABLEIND,PLANTPRODUCED,MOSTRECENTTESTDATE,IMARK,INFORMENUMBER,FECHADATE,TREADPATTERN,SPECIALPROTECTIVEBAND,NOMINALTIREWIDTH,ASPECTRADIO,TREADWEARINDICATORS,NAMEOFMANUFACTURER,FAMILY,DOTSERIALNUMBER) values (1102,'WL12FKFX64','2FK',1,2936,'255/65R16',null,'1475',null,null,null,null,null,null,null,null,null,null,null,null,null,'WILDCAT TOURING SLT',null,null,null,null,null,null, null,null,null,null,null,null,null,null,null,null);
Insert into PRODUCT (SKUID,SKU,BRANDCODE,TIRETYPEID,NPRID,SIZESTAMP,DISCONTINUEDDATE,SPECNUMBER,SPEEDRATING,SINGLOADINDEX,DUALLOADINDEX,BELTEDRADIALYN,TUBELESSYN,REINFORCEDYN,EXTRALOADYN,UTQGTREADWEAR,UTQGTRACTION,UTQGTEMP,MUDSNOWYN,RIMDIAMETER,SERIALDATE,BRANDDESC,LOADRANGE,MEARIMWIDTH,REGROOVABLEIND,PLANTPRODUCED,MOSTRECENTTESTDATE,IMARK,INFORMENUMBER,FECHADATE,TREADPATTERN,SPECIALPROTECTIVEBAND,NOMINALTIREWIDTH,ASPECTRADIO,TREADWEARINDICATORS,NAMEOFMANUFACTURER,FAMILY,DOTSERIALNUMBER) values (1103,'WL12FKR064','2FK',1,2535,'245/70R16',null,'1707',null,null,null,null,null,null,null,null,null,null,null,null,null,'WILDCAT TOURING SLT',null,null,null,null,null,null, null,null,null,null,null,null,null,null,null,null);
Insert into PRODUCT (SKUID,SKU,BRANDCODE,TIRETYPEID,NPRID,SIZESTAMP,DISCONTINUEDDATE,SPECNUMBER,SPEEDRATING,SINGLOADINDEX,DUALLOADINDEX,BELTEDRADIALYN,TUBELESSYN,REINFORCEDYN,EXTRALOADYN,UTQGTREADWEAR,UTQGTRACTION,UTQGTEMP,MUDSNOWYN,RIMDIAMETER,SERIALDATE,BRANDDESC,LOADRANGE,MEARIMWIDTH,REGROOVABLEIND,PLANTPRODUCED,MOSTRECENTTESTDATE,IMARK,INFORMENUMBER,FECHADATE,TREADPATTERN,SPECIALPROTECTIVEBAND,NOMINALTIREWIDTH,ASPECTRADIO,TREADWEARINDICATORS,NAMEOFMANUFACTURER,FAMILY,DOTSERIALNUMBER) values (1104,'WL12FKR854','2FK',1,2535,'225/70R15',null,'1672',null,null,null,null,null,null,null,null,null,null,null,null,null,'WILDCAT TOURING SLT',null,null,null,null,null,null, null,null,null,null,null,null,null,null,null,null);
Insert into PRODUCT (SKUID,SKU,BRANDCODE,TIRETYPEID,NPRID,SIZESTAMP,DISCONTINUEDDATE,SPECNUMBER,SPEEDRATING,SINGLOADINDEX,DUALLOADINDEX,BELTEDRADIALYN,TUBELESSYN,REINFORCEDYN,EXTRALOADYN,UTQGTREADWEAR,UTQGTRACTION,UTQGTEMP,MUDSNOWYN,RIMDIAMETER,SERIALDATE,BRANDDESC,LOADRANGE,MEARIMWIDTH,REGROOVABLEIND,PLANTPRODUCED,MOSTRECENTTESTDATE,IMARK,INFORMENUMBER,FECHADATE,TREADPATTERN,SPECIALPROTECTIVEBAND,NOMINALTIREWIDTH,ASPECTRADIO,TREADWEARINDICATORS,NAMEOFMANUFACTURER,FAMILY,DOTSERIALNUMBER) values (1105,'WL12FKR864','2FK',1,2535,'225/70R16',null,'1528',null,null,null,null,null,null,null,null,null,null,null,null,null,'WILDCAT TOURING SLT',null,null,null,null,null,null, null,null,null,null,null,null,null,null,null,null);
Insert into PRODUCT (SKUID,SKU,BRANDCODE,TIRETYPEID,NPRID,SIZESTAMP,DISCONTINUEDDATE,SPECNUMBER,SPEEDRATING,SINGLOADINDEX,DUALLOADINDEX,BELTEDRADIALYN,TUBELESSYN,REINFORCEDYN,EXTRALOADYN,UTQGTREADWEAR,UTQGTRACTION,UTQGTEMP,MUDSNOWYN,RIMDIAMETER,SERIALDATE,BRANDDESC,LOADRANGE,MEARIMWIDTH,REGROOVABLEIND,PLANTPRODUCED,MOSTRECENTTESTDATE,IMARK,INFORMENUMBER,FECHADATE,TREADPATTERN,SPECIALPROTECTIVEBAND,NOMINALTIREWIDTH,ASPECTRADIO,TREADWEARINDICATORS,NAMEOFMANUFACTURER,FAMILY,DOTSERIALNUMBER) values (1106,'WL12FKR864','2FK',1,2535,'225/70R16',null,'1249',null,null,null,null,null,null,null,null,null,null,null,null,null,'WILDCAT TOURING SLT',null,null,null,null,null,null, null,null,null,null,null,null,null,null,null,null);
Insert into PRODUCT (SKUID,SKU,BRANDCODE,TIRETYPEID,NPRID,SIZESTAMP,DISCONTINUEDDATE,SPECNUMBER,SPEEDRATING,SINGLOADINDEX,DUALLOADINDEX,BELTEDRADIALYN,TUBELESSYN,REINFORCEDYN,EXTRALOADYN,UTQGTREADWEAR,UTQGTRACTION,UTQGTEMP,MUDSNOWYN,RIMDIAMETER,SERIALDATE,BRANDDESC,LOADRANGE,MEARIMWIDTH,REGROOVABLEIND,PLANTPRODUCED,MOSTRECENTTESTDATE,IMARK,INFORMENUMBER,FECHADATE,TREADPATTERN,SPECIALPROTECTIVEBAND,NOMINALTIREWIDTH,ASPECTRADIO,TREADWEARINDICATORS,NAMEOFMANUFACTURER,FAMILY,DOTSERIALNUMBER) values (1107,'WL12FKR864','2FK',1,2535,'225/70R16',null,'1249',null,null,null,null,null,null,null,null,null,null,null,null,null,'WILDCAT TOURING SLT',null,null,null,null,null,null, null,null,null,null,null,null,null,null,null,null);
Insert into PRODUCT (SKUID,SKU,BRANDCODE,TIRETYPEID,NPRID,SIZESTAMP,DISCONTINUEDDATE,SPECNUMBER,SPEEDRATING,SINGLOADINDEX,DUALLOADINDEX,BELTEDRADIALYN,TUBELESSYN,REINFORCEDYN,EXTRALOADYN,UTQGTREADWEAR,UTQGTRACTION,UTQGTEMP,MUDSNOWYN,RIMDIAMETER,SERIALDATE,BRANDDESC,LOADRANGE,MEARIMWIDTH,REGROOVABLEIND,PLANTPRODUCED,MOSTRECENTTESTDATE,IMARK,INFORMENUMBER,FECHADATE,TREADPATTERN,SPECIALPROTECTIVEBAND,NOMINALTIREWIDTH,ASPECTRADIO,TREADWEARINDICATORS,NAMEOFMANUFACTURER,FAMILY,DOTSERIALNUMBER) values (1108,'WL12FKR954','2FK',1,2535,'235/70R15',null,'1670',null,null,null,null,null,null,null,null,null,null,null,null,null,'WILDCAT TOURING SLT',null,null,null,null,null,null, null,null,null,null,null,null,null,null,null,null);
Insert into PRODUCT (SKUID,SKU,BRANDCODE,TIRETYPEID,NPRID,SIZESTAMP,DISCONTINUEDDATE,SPECNUMBER,SPEEDRATING,SINGLOADINDEX,DUALLOADINDEX,BELTEDRADIALYN,TUBELESSYN,REINFORCEDYN,EXTRALOADYN,UTQGTREADWEAR,UTQGTRACTION,UTQGTEMP,MUDSNOWYN,RIMDIAMETER,SERIALDATE,BRANDDESC,LOADRANGE,MEARIMWIDTH,REGROOVABLEIND,PLANTPRODUCED,MOSTRECENTTESTDATE,IMARK,INFORMENUMBER,FECHADATE,TREADPATTERN,SPECIALPROTECTIVEBAND,NOMINALTIREWIDTH,ASPECTRADIO,TREADWEARINDICATORS,NAMEOFMANUFACTURER,FAMILY,DOTSERIALNUMBER) values (1109,'WL12FKR964','2FK',1,2535,'235/70R16',null,'1048',null,null,null,null,null,null,null,null,null,null,null,null,null,'WILDCAT TOURING SLT',null,null,null,null,null,null, null,null,null,null,null,null,null,null,null,null);
Insert into PRODUCT (SKUID,SKU,BRANDCODE,TIRETYPEID,NPRID,SIZESTAMP,DISCONTINUEDDATE,SPECNUMBER,SPEEDRATING,SINGLOADINDEX,DUALLOADINDEX,BELTEDRADIALYN,TUBELESSYN,REINFORCEDYN,EXTRALOADYN,UTQGTREADWEAR,UTQGTRACTION,UTQGTEMP,MUDSNOWYN,RIMDIAMETER,SERIALDATE,BRANDDESC,LOADRANGE,MEARIMWIDTH,REGROOVABLEIND,PLANTPRODUCED,MOSTRECENTTESTDATE,IMARK,INFORMENUMBER,FECHADATE,TREADPATTERN,SPECIALPROTECTIVEBAND,NOMINALTIREWIDTH,ASPECTRADIO,TREADWEARINDICATORS,NAMEOFMANUFACTURER,FAMILY,DOTSERIALNUMBER) values (1110,'WL12FKRV64','2FK',1,2535,'265/70R16',null,'1499',null,null,null,null,null,null,null,null,null,null,null,null,null,'WILDCAT TOURING SLT',null,null,null,null,null,null, null,null,null,null,null,null,null,null,null,null);
Insert into PRODUCT (SKUID,SKU,BRANDCODE,TIRETYPEID,NPRID,SIZESTAMP,DISCONTINUEDDATE,SPECNUMBER,SPEEDRATING,SINGLOADINDEX,DUALLOADINDEX,BELTEDRADIALYN,TUBELESSYN,REINFORCEDYN,EXTRALOADYN,UTQGTREADWEAR,UTQGTRACTION,UTQGTEMP,MUDSNOWYN,RIMDIAMETER,SERIALDATE,BRANDDESC,LOADRANGE,MEARIMWIDTH,REGROOVABLEIND,PLANTPRODUCED,MOSTRECENTTESTDATE,IMARK,INFORMENUMBER,FECHADATE,TREADPATTERN,SPECIALPROTECTIVEBAND,NOMINALTIREWIDTH,ASPECTRADIO,TREADWEARINDICATORS,NAMEOFMANUFACTURER,FAMILY,DOTSERIALNUMBER) values (1111,'WL12FKRV64','2FK',1,2535,'265/70R16',null,'1499',null,null,null,null,null,null,null,null,null,null,null,null,null,'WILDCAT TOURING SLT',null,null,null,null,null,null, null,null,null,null,null,null,null,null,null,null);
Insert into PRODUCT (SKUID,SKU,BRANDCODE,TIRETYPEID,NPRID,SIZESTAMP,DISCONTINUEDDATE,SPECNUMBER,SPEEDRATING,SINGLOADINDEX,DUALLOADINDEX,BELTEDRADIALYN,TUBELESSYN,REINFORCEDYN,EXTRALOADYN,UTQGTREADWEAR,UTQGTRACTION,UTQGTEMP,MUDSNOWYN,RIMDIAMETER,SERIALDATE,BRANDDESC,LOADRANGE,MEARIMWIDTH,REGROOVABLEIND,PLANTPRODUCED,MOSTRECENTTESTDATE,IMARK,INFORMENUMBER,FECHADATE,TREADPATTERN,SPECIALPROTECTIVEBAND,NOMINALTIREWIDTH,ASPECTRADIO,TREADWEARINDICATORS,NAMEOFMANUFACTURER,FAMILY,DOTSERIALNUMBER) values (1112,'WL12FKRV64','2FK',1,2535,'265/70R16',null,'1529',null,null,null,null,null,null,null,null,null,null,null,null,null,'WILDCAT TOURING SLT',null,null,null,null,null,null, null,null,null,null,null,null,null,null,null,null);
Insert into PRODUCT (SKUID,SKU,BRANDCODE,TIRETYPEID,NPRID,SIZESTAMP,DISCONTINUEDDATE,SPECNUMBER,SPEEDRATING,SINGLOADINDEX,DUALLOADINDEX,BELTEDRADIALYN,TUBELESSYN,REINFORCEDYN,EXTRALOADYN,UTQGTREADWEAR,UTQGTRACTION,UTQGTEMP,MUDSNOWYN,RIMDIAMETER,SERIALDATE,BRANDDESC,LOADRANGE,MEARIMWIDTH,REGROOVABLEIND,PLANTPRODUCED,MOSTRECENTTESTDATE,IMARK,INFORMENUMBER,FECHADATE,TREADPATTERN,SPECIALPROTECTIVEBAND,NOMINALTIREWIDTH,ASPECTRADIO,TREADWEARINDICATORS,NAMEOFMANUFACTURER,FAMILY,DOTSERIALNUMBER) values (1113,'WL12FKRV64','2FK',1,2535,'265/70R16',null,'1499',null,null,null,null,null,null,null,null,null,null,null,null,null,'WILDCAT TOURING SLT',null,null,null,null,null,null, null,null,null,null,null,null,null,null,null,null);
Insert into PRODUCT (SKUID,SKU,BRANDCODE,TIRETYPEID,NPRID,SIZESTAMP,DISCONTINUEDDATE,SPECNUMBER,SPEEDRATING,SINGLOADINDEX,DUALLOADINDEX,BELTEDRADIALYN,TUBELESSYN,REINFORCEDYN,EXTRALOADYN,UTQGTREADWEAR,UTQGTRACTION,UTQGTEMP,MUDSNOWYN,RIMDIAMETER,SERIALDATE,BRANDDESC,LOADRANGE,MEARIMWIDTH,REGROOVABLEIND,PLANTPRODUCED,MOSTRECENTTESTDATE,IMARK,INFORMENUMBER,FECHADATE,TREADPATTERN,SPECIALPROTECTIVEBAND,NOMINALTIREWIDTH,ASPECTRADIO,TREADWEARINDICATORS,NAMEOFMANUFACTURER,FAMILY,DOTSERIALNUMBER) values (1114,'WL12FKRV64','2FK',1,2535,'265/70R16',null,'1697',null,null,null,null,null,null,null,null,null,null,null,null,null,'WILDCAT TOURING SLT',null,null,null,null,null,null, null,null,null,null,null,null,null,null,null,null);
Insert into PRODUCT (SKUID,SKU,BRANDCODE,TIRETYPEID,NPRID,SIZESTAMP,DISCONTINUEDDATE,SPECNUMBER,SPEEDRATING,SINGLOADINDEX,DUALLOADINDEX,BELTEDRADIALYN,TUBELESSYN,REINFORCEDYN,EXTRALOADYN,UTQGTREADWEAR,UTQGTRACTION,UTQGTEMP,MUDSNOWYN,RIMDIAMETER,SERIALDATE,BRANDDESC,LOADRANGE,MEARIMWIDTH,REGROOVABLEIND,PLANTPRODUCED,MOSTRECENTTESTDATE,IMARK,INFORMENUMBER,FECHADATE,TREADPATTERN,SPECIALPROTECTIVEBAND,NOMINALTIREWIDTH,ASPECTRADIO,TREADWEARINDICATORS,NAMEOFMANUFACTURER,FAMILY,DOTSERIALNUMBER) values (1115,'WL12FKRV74','2FK',1,2535,'265/70R17',null,'1491',null,null,null,null,null,null,null,null,null,null,null,null,null,'WILDCAT TOURING SLT',null,null,null,null,null,null, null,null,null,null,null,null,null,null,null,null);
Insert into PRODUCT (SKUID,SKU,BRANDCODE,TIRETYPEID,NPRID,SIZESTAMP,DISCONTINUEDDATE,SPECNUMBER,SPEEDRATING,SINGLOADINDEX,DUALLOADINDEX,BELTEDRADIALYN,TUBELESSYN,REINFORCEDYN,EXTRALOADYN,UTQGTREADWEAR,UTQGTRACTION,UTQGTEMP,MUDSNOWYN,RIMDIAMETER,SERIALDATE,BRANDDESC,LOADRANGE,MEARIMWIDTH,REGROOVABLEIND,PLANTPRODUCED,MOSTRECENTTESTDATE,IMARK,INFORMENUMBER,FECHADATE,TREADPATTERN,SPECIALPROTECTIVEBAND,NOMINALTIREWIDTH,ASPECTRADIO,TREADWEARINDICATORS,NAMEOFMANUFACTURER,FAMILY,DOTSERIALNUMBER) values (1116,'WL12FKRX64','2FK',1,2535,'255/70R16',null,'1695',null,null,null,null,null,null,null,null,null,null,null,null,null,'WILDCAT TOURING SLT',null,null,null,null,null,null, null,null,null,null,null,null,null,null,null,null);
Insert into PRODUCT (SKUID,SKU,BRANDCODE,TIRETYPEID,NPRID,SIZESTAMP,DISCONTINUEDDATE,SPECNUMBER,SPEEDRATING,SINGLOADINDEX,DUALLOADINDEX,BELTEDRADIALYN,TUBELESSYN,REINFORCEDYN,EXTRALOADYN,UTQGTREADWEAR,UTQGTRACTION,UTQGTEMP,MUDSNOWYN,RIMDIAMETER,SERIALDATE,BRANDDESC,LOADRANGE,MEARIMWIDTH,REGROOVABLEIND,PLANTPRODUCED,MOSTRECENTTESTDATE,IMARK,INFORMENUMBER,FECHADATE,TREADPATTERN,SPECIALPROTECTIVEBAND,NOMINALTIREWIDTH,ASPECTRADIO,TREADWEARINDICATORS,NAMEOFMANUFACTURER,FAMILY,DOTSERIALNUMBER) values (1117,'WL12FKRX64','2FK',1,2535,'255/70R16',null,'1593',null,null,null,null,null,null,null,null,null,null,null,null,null,'WILDCAT TOURING SLT',null,null,null,null,null,null, null,null,null,null,null,null,null,null,null,null);
Insert into PRODUCT (SKUID,SKU,BRANDCODE,TIRETYPEID,NPRID,SIZESTAMP,DISCONTINUEDDATE,SPECNUMBER,SPEEDRATING,SINGLOADINDEX,DUALLOADINDEX,BELTEDRADIALYN,TUBELESSYN,REINFORCEDYN,EXTRALOADYN,UTQGTREADWEAR,UTQGTRACTION,UTQGTEMP,MUDSNOWYN,RIMDIAMETER,SERIALDATE,BRANDDESC,LOADRANGE,MEARIMWIDTH,REGROOVABLEIND,PLANTPRODUCED,MOSTRECENTTESTDATE,IMARK,INFORMENUMBER,FECHADATE,TREADPATTERN,SPECIALPROTECTIVEBAND,NOMINALTIREWIDTH,ASPECTRADIO,TREADWEARINDICATORS,NAMEOFMANUFACTURER,FAMILY,DOTSERIALNUMBER) values (1118,'WL12FKRX64','2FK',1,2535,'255/70R16',null,'1593',null,null,null,null,null,null,null,null,null,null,null,null,null,'WILDCAT TOURING SLT',null,null,null,null,null,null, null,null,null,null,null,null,null,null,null,null);
Insert into PRODUCT (SKUID,SKU,BRANDCODE,TIRETYPEID,NPRID,SIZESTAMP,DISCONTINUEDDATE,SPECNUMBER,SPEEDRATING,SINGLOADINDEX,DUALLOADINDEX,BELTEDRADIALYN,TUBELESSYN,REINFORCEDYN,EXTRALOADYN,UTQGTREADWEAR,UTQGTRACTION,UTQGTEMP,MUDSNOWYN,RIMDIAMETER,SERIALDATE,BRANDDESC,LOADRANGE,MEARIMWIDTH,REGROOVABLEIND,PLANTPRODUCED,MOSTRECENTTESTDATE,IMARK,INFORMENUMBER,FECHADATE,TREADPATTERN,SPECIALPROTECTIVEBAND,NOMINALTIREWIDTH,ASPECTRADIO,TREADWEARINDICATORS,NAMEOFMANUFACTURER,FAMILY,DOTSERIALNUMBER) values (1119,'WL12FKRX64','2FK',1,2535,'255/70R16',null,'1593',null,null,null,null,null,null,null,null,null,null,null,null,null,'WILDCAT TOURING SLT',null,null,null,null,null,null, null,null,null,null,null,null,null,null,null,null);
Insert into PRODUCT (SKUID,SKU,BRANDCODE,TIRETYPEID,NPRID,SIZESTAMP,DISCONTINUEDDATE,SPECNUMBER,SPEEDRATING,SINGLOADINDEX,DUALLOADINDEX,BELTEDRADIALYN,TUBELESSYN,REINFORCEDYN,EXTRALOADYN,UTQGTREADWEAR,UTQGTRACTION,UTQGTEMP,MUDSNOWYN,RIMDIAMETER,SERIALDATE,BRANDDESC,LOADRANGE,MEARIMWIDTH,REGROOVABLEIND,PLANTPRODUCED,MOSTRECENTTESTDATE,IMARK,INFORMENUMBER,FECHADATE,TREADPATTERN,SPECIALPROTECTIVEBAND,NOMINALTIREWIDTH,ASPECTRADIO,TREADWEARINDICATORS,NAMEOFMANUFACTURER,FAMILY,DOTSERIALNUMBER) values (1120,'WL12FKV064','2FK',1,2535,'245/75R16',null,'1248',null,null,null,null,null,null,null,null,null,null,null,null,null,'WILDCAT TOURING SLT',null,null,null,null,null,null, null,null,null,null,null,null,null,null,null,null);
Insert into PRODUCT (SKUID,SKU,BRANDCODE,TIRETYPEID,NPRID,SIZESTAMP,DISCONTINUEDDATE,SPECNUMBER,SPEEDRATING,SINGLOADINDEX,DUALLOADINDEX,BELTEDRADIALYN,TUBELESSYN,REINFORCEDYN,EXTRALOADYN,UTQGTREADWEAR,UTQGTRACTION,UTQGTEMP,MUDSNOWYN,RIMDIAMETER,SERIALDATE,BRANDDESC,LOADRANGE,MEARIMWIDTH,REGROOVABLEIND,PLANTPRODUCED,MOSTRECENTTESTDATE,IMARK,INFORMENUMBER,FECHADATE,TREADPATTERN,SPECIALPROTECTIVEBAND,NOMINALTIREWIDTH,ASPECTRADIO,TREADWEARINDICATORS,NAMEOFMANUFACTURER,FAMILY,DOTSERIALNUMBER) values (1121,'WL12FKV064','2FK',1,2535,'245/75R16',null,'1696',null,null,null,null,null,null,null,null,null,null,null,null,null,'WILDCAT TOURING SLT',null,null,null,null,null,null, null,null,null,null,null,null,null,null,null,null);
Insert into PRODUCT (SKUID,SKU,BRANDCODE,TIRETYPEID,NPRID,SIZESTAMP,DISCONTINUEDDATE,SPECNUMBER,SPEEDRATING,SINGLOADINDEX,DUALLOADINDEX,BELTEDRADIALYN,TUBELESSYN,REINFORCEDYN,EXTRALOADYN,UTQGTREADWEAR,UTQGTRACTION,UTQGTEMP,MUDSNOWYN,RIMDIAMETER,SERIALDATE,BRANDDESC,LOADRANGE,MEARIMWIDTH,REGROOVABLEIND,PLANTPRODUCED,MOSTRECENTTESTDATE,IMARK,INFORMENUMBER,FECHADATE,TREADPATTERN,SPECIALPROTECTIVEBAND,NOMINALTIREWIDTH,ASPECTRADIO,TREADWEARINDICATORS,NAMEOFMANUFACTURER,FAMILY,DOTSERIALNUMBER) values (1122,'WL12FKV064','2FK',1,2535,'245/75R16',null,'1248',null,null,null,null,null,null,null,null,null,null,null,null,null,'WILDCAT TOURING SLT',null,null,null,null,null,null, null,null,null,null,null,null,null,null,null,null);
Insert into PRODUCT (SKUID,SKU,BRANDCODE,TIRETYPEID,NPRID,SIZESTAMP,DISCONTINUEDDATE,SPECNUMBER,SPEEDRATING,SINGLOADINDEX,DUALLOADINDEX,BELTEDRADIALYN,TUBELESSYN,REINFORCEDYN,EXTRALOADYN,UTQGTREADWEAR,UTQGTRACTION,UTQGTEMP,MUDSNOWYN,RIMDIAMETER,SERIALDATE,BRANDDESC,LOADRANGE,MEARIMWIDTH,REGROOVABLEIND,PLANTPRODUCED,MOSTRECENTTESTDATE,IMARK,INFORMENUMBER,FECHADATE,TREADPATTERN,SPECIALPROTECTIVEBAND,NOMINALTIREWIDTH,ASPECTRADIO,TREADWEARINDICATORS,NAMEOFMANUFACTURER,FAMILY,DOTSERIALNUMBER) values (1123,'WL12FKV064','2FK',1,2535,'245/75R16',null,'1248',null,null,null,null,null,null,null,null,null,null,null,null,null,'WILDCAT TOURING SLT',null,null,null,null,null,null, null,null,null,null,null,null,null,null,null,null);
Insert into PRODUCT (SKUID,SKU,BRANDCODE,TIRETYPEID,NPRID,SIZESTAMP,DISCONTINUEDDATE,SPECNUMBER,SPEEDRATING,SINGLOADINDEX,DUALLOADINDEX,BELTEDRADIALYN,TUBELESSYN,REINFORCEDYN,EXTRALOADYN,UTQGTREADWEAR,UTQGTRACTION,UTQGTEMP,MUDSNOWYN,RIMDIAMETER,SERIALDATE,BRANDDESC,LOADRANGE,MEARIMWIDTH,REGROOVABLEIND,PLANTPRODUCED,MOSTRECENTTESTDATE,IMARK,INFORMENUMBER,FECHADATE,TREADPATTERN,SPECIALPROTECTIVEBAND,NOMINALTIREWIDTH,ASPECTRADIO,TREADWEARINDICATORS,NAMEOFMANUFACTURER,FAMILY,DOTSERIALNUMBER) values (1126,'WL12FKV954','2FK',1,2535,'235/75R15',null,'1497',null,null,null,null,null,null,null,null,null,null,null,null,null,'WILDCAT TOURING SLT',null,null,null,null,null,null, null,null,null,null,null,null,null,null,null,null);
Insert into PRODUCT (SKUID,SKU,BRANDCODE,TIRETYPEID,NPRID,SIZESTAMP,DISCONTINUEDDATE,SPECNUMBER,SPEEDRATING,SINGLOADINDEX,DUALLOADINDEX,BELTEDRADIALYN,TUBELESSYN,REINFORCEDYN,EXTRALOADYN,UTQGTREADWEAR,UTQGTRACTION,UTQGTEMP,MUDSNOWYN,RIMDIAMETER,SERIALDATE,BRANDDESC,LOADRANGE,MEARIMWIDTH,REGROOVABLEIND,PLANTPRODUCED,MOSTRECENTTESTDATE,IMARK,INFORMENUMBER,FECHADATE,TREADPATTERN,SPECIALPROTECTIVEBAND,NOMINALTIREWIDTH,ASPECTRADIO,TREADWEARINDICATORS,NAMEOFMANUFACTURER,FAMILY,DOTSERIALNUMBER) values (1127,'WL12FKV956','2FK',1,2535,'235/75R15',null,'1047',null,null,null,null,null,null,null,null,null,null,null,null,null,'WILDCAT TOURING SLT',null,null,null,null,null,null, null,null,null,null,null,null,null,null,null,null);
Insert into PRODUCT (SKUID,SKU,BRANDCODE,TIRETYPEID,NPRID,SIZESTAMP,DISCONTINUEDDATE,SPECNUMBER,SPEEDRATING,SINGLOADINDEX,DUALLOADINDEX,BELTEDRADIALYN,TUBELESSYN,REINFORCEDYN,EXTRALOADYN,UTQGTREADWEAR,UTQGTRACTION,UTQGTEMP,MUDSNOWYN,RIMDIAMETER,SERIALDATE,BRANDDESC,LOADRANGE,MEARIMWIDTH,REGROOVABLEIND,PLANTPRODUCED,MOSTRECENTTESTDATE,IMARK,INFORMENUMBER,FECHADATE,TREADPATTERN,SPECIALPROTECTIVEBAND,NOMINALTIREWIDTH,ASPECTRADIO,TREADWEARINDICATORS,NAMEOFMANUFACTURER,FAMILY,DOTSERIALNUMBER) values (1128,'WL12FKVV54','2FK',1,2535,'265/75R15',null,'1496',null,null,null,null,null,null,null,null,null,null,null,null,null,'WILDCAT TOURING SLT',null,null,null,null,null,null, null,null,null,null,null,null,null,null,null,null);
Insert into PRODUCT (SKUID,SKU,BRANDCODE,TIRETYPEID,NPRID,SIZESTAMP,DISCONTINUEDDATE,SPECNUMBER,SPEEDRATING,SINGLOADINDEX,DUALLOADINDEX,BELTEDRADIALYN,TUBELESSYN,REINFORCEDYN,EXTRALOADYN,UTQGTREADWEAR,UTQGTRACTION,UTQGTEMP,MUDSNOWYN,RIMDIAMETER,SERIALDATE,BRANDDESC,LOADRANGE,MEARIMWIDTH,REGROOVABLEIND,PLANTPRODUCED,MOSTRECENTTESTDATE,IMARK,INFORMENUMBER,FECHADATE,TREADPATTERN,SPECIALPROTECTIVEBAND,NOMINALTIREWIDTH,ASPECTRADIO,TREADWEARINDICATORS,NAMEOFMANUFACTURER,FAMILY,DOTSERIALNUMBER) values (1129,'WL12FKVV64','2FK',1,2535,'265/75R16',null,'1599',null,null,null,null,null,null,null,null,null,null,null,null,null,'WILDCAT TOURING SLT',null,null,null,null,null,null, null,null,null,null,null,null,null,null,null,null);
Insert into PRODUCT (SKUID,SKU,BRANDCODE,TIRETYPEID,NPRID,SIZESTAMP,DISCONTINUEDDATE,SPECNUMBER,SPEEDRATING,SINGLOADINDEX,DUALLOADINDEX,BELTEDRADIALYN,TUBELESSYN,REINFORCEDYN,EXTRALOADYN,UTQGTREADWEAR,UTQGTRACTION,UTQGTEMP,MUDSNOWYN,RIMDIAMETER,SERIALDATE,BRANDDESC,LOADRANGE,MEARIMWIDTH,REGROOVABLEIND,PLANTPRODUCED,MOSTRECENTTESTDATE,IMARK,INFORMENUMBER,FECHADATE,TREADPATTERN,SPECIALPROTECTIVEBAND,NOMINALTIREWIDTH,ASPECTRADIO,TREADWEARINDICATORS,NAMEOFMANUFACTURER,FAMILY,DOTSERIALNUMBER) values (1130,'WL12FKVV64','2FK',1,2535,'265/75R16',null,'1439',null,null,null,null,null,null,null,null,null,null,null,null,null,'WILDCAT TOURING SLT',null,null,null,null,null,null, null,null,null,null,null,null,null,null,null,null);
Insert into PRODUCT (SKUID,SKU,BRANDCODE,TIRETYPEID,NPRID,SIZESTAMP,DISCONTINUEDDATE,SPECNUMBER,SPEEDRATING,SINGLOADINDEX,DUALLOADINDEX,BELTEDRADIALYN,TUBELESSYN,REINFORCEDYN,EXTRALOADYN,UTQGTREADWEAR,UTQGTRACTION,UTQGTEMP,MUDSNOWYN,RIMDIAMETER,SERIALDATE,BRANDDESC,LOADRANGE,MEARIMWIDTH,REGROOVABLEIND,PLANTPRODUCED,MOSTRECENTTESTDATE,IMARK,INFORMENUMBER,FECHADATE,TREADPATTERN,SPECIALPROTECTIVEBAND,NOMINALTIREWIDTH,ASPECTRADIO,TREADWEARINDICATORS,NAMEOFMANUFACTURER,FAMILY,DOTSERIALNUMBER) values (1131,'WL12FKVV64','2FK',1,2535,'265/75R16',null,'1439',null,null,null,null,null,null,null,null,null,null,null,null,null,'WILDCAT TOURING SLT',null,null,null,null,null,null, null,null,null,null,null,null,null,null,null,null);
Insert into PRODUCT (SKUID,SKU,BRANDCODE,TIRETYPEID,NPRID,SIZESTAMP,DISCONTINUEDDATE,SPECNUMBER,SPEEDRATING,SINGLOADINDEX,DUALLOADINDEX,BELTEDRADIALYN,TUBELESSYN,REINFORCEDYN,EXTRALOADYN,UTQGTREADWEAR,UTQGTRACTION,UTQGTEMP,MUDSNOWYN,RIMDIAMETER,SERIALDATE,BRANDDESC,LOADRANGE,MEARIMWIDTH,REGROOVABLEIND,PLANTPRODUCED,MOSTRECENTTESTDATE,IMARK,INFORMENUMBER,FECHADATE,TREADPATTERN,SPECIALPROTECTIVEBAND,NOMINALTIREWIDTH,ASPECTRADIO,TREADWEARINDICATORS,NAMEOFMANUFACTURER,FAMILY,DOTSERIALNUMBER) values (1132,'WL14KEV956','4KE',1,30260,'235/75R15',null,'1047',null,null,null,null,null,null,null,null,null,null,null,null,null,'COOPER DISCOVERER H/T (T-RATED)',null,null,null,null,null,null, null,null,null,null,null,null,null,null,null,null);
Insert into PRODUCT (SKUID,SKU,BRANDCODE,TIRETYPEID,NPRID,SIZESTAMP,DISCONTINUEDDATE,SPECNUMBER,SPEEDRATING,SINGLOADINDEX,DUALLOADINDEX,BELTEDRADIALYN,TUBELESSYN,REINFORCEDYN,EXTRALOADYN,UTQGTREADWEAR,UTQGTRACTION,UTQGTEMP,MUDSNOWYN,RIMDIAMETER,SERIALDATE,BRANDDESC,LOADRANGE,MEARIMWIDTH,REGROOVABLEIND,PLANTPRODUCED,MOSTRECENTTESTDATE,IMARK,INFORMENUMBER,FECHADATE,TREADPATTERN,SPECIALPROTECTIVEBAND,NOMINALTIREWIDTH,ASPECTRADIO,TREADWEARINDICATORS,NAMEOFMANUFACTURER,FAMILY,DOTSERIALNUMBER) values (1133,'WL14MAR064','4MA',1,31647,'245/70R16',null,'1754',null,null,null,null,null,null,null,null,null,null,null,null,null,'MASTERCRAFT COURSER A/T 2',null,null,null,null,null,null, null,null,null,null,null,null,null,null,null,null);
Insert into PRODUCT (SKUID,SKU,BRANDCODE,TIRETYPEID,NPRID,SIZESTAMP,DISCONTINUEDDATE,SPECNUMBER,SPEEDRATING,SINGLOADINDEX,DUALLOADINDEX,BELTEDRADIALYN,TUBELESSYN,REINFORCEDYN,EXTRALOADYN,UTQGTREADWEAR,UTQGTRACTION,UTQGTEMP,MUDSNOWYN,RIMDIAMETER,SERIALDATE,BRANDDESC,LOADRANGE,MEARIMWIDTH,REGROOVABLEIND,PLANTPRODUCED,MOSTRECENTTESTDATE,IMARK,INFORMENUMBER,FECHADATE,TREADPATTERN,SPECIALPROTECTIVEBAND,NOMINALTIREWIDTH,ASPECTRADIO,TREADWEARINDICATORS,NAMEOFMANUFACTURER,FAMILY,DOTSERIALNUMBER) values (1134,'WL14MARV64','4MA',1,31647,'265/70R16',null,'3950',null,null,null,null,null,null,null,null,null,null,null,null,null,'MASTERCRAFT COURSER A/T 2',null,null,null,null,null,null, null,null,null,null,null,null,null,null,null,null);
Insert into PRODUCT (SKUID,SKU,BRANDCODE,TIRETYPEID,NPRID,SIZESTAMP,DISCONTINUEDDATE,SPECNUMBER,SPEEDRATING,SINGLOADINDEX,DUALLOADINDEX,BELTEDRADIALYN,TUBELESSYN,REINFORCEDYN,EXTRALOADYN,UTQGTREADWEAR,UTQGTRACTION,UTQGTEMP,MUDSNOWYN,RIMDIAMETER,SERIALDATE,BRANDDESC,LOADRANGE,MEARIMWIDTH,REGROOVABLEIND,PLANTPRODUCED,MOSTRECENTTESTDATE,IMARK,INFORMENUMBER,FECHADATE,TREADPATTERN,SPECIALPROTECTIVEBAND,NOMINALTIREWIDTH,ASPECTRADIO,TREADWEARINDICATORS,NAMEOFMANUFACTURER,FAMILY,DOTSERIALNUMBER) values (1135,'WL14MKF074','4MK',1,32995,'245/65R17',null,'1913',null,null,null,null,null,null,null,null,null,null,null,null,null,'COOPER DISCOVERER CTS',null,null,null,null,null,null, null,null,null,null,null,null,null,null,null,null);
Insert into PRODUCT (SKUID,SKU,BRANDCODE,TIRETYPEID,NPRID,SIZESTAMP,DISCONTINUEDDATE,SPECNUMBER,SPEEDRATING,SINGLOADINDEX,DUALLOADINDEX,BELTEDRADIALYN,TUBELESSYN,REINFORCEDYN,EXTRALOADYN,UTQGTREADWEAR,UTQGTRACTION,UTQGTEMP,MUDSNOWYN,RIMDIAMETER,SERIALDATE,BRANDDESC,LOADRANGE,MEARIMWIDTH,REGROOVABLEIND,PLANTPRODUCED,MOSTRECENTTESTDATE,IMARK,INFORMENUMBER,FECHADATE,TREADPATTERN,SPECIALPROTECTIVEBAND,NOMINALTIREWIDTH,ASPECTRADIO,TREADWEARINDICATORS,NAMEOFMANUFACTURER,FAMILY,DOTSERIALNUMBER) values (1136,'WL14MKF074','4MK',1,32995,'245/65R17',null,'1213',null,null,null,null,null,null,null,null,null,null,null,null,null,'COOPER DISCOVERER CTS',null,null,null,null,null,null, null,null,null,null,null,null,null,null,null,null);
Insert into PRODUCT (SKUID,SKU,BRANDCODE,TIRETYPEID,NPRID,SIZESTAMP,DISCONTINUEDDATE,SPECNUMBER,SPEEDRATING,SINGLOADINDEX,DUALLOADINDEX,BELTEDRADIALYN,TUBELESSYN,REINFORCEDYN,EXTRALOADYN,UTQGTREADWEAR,UTQGTRACTION,UTQGTEMP,MUDSNOWYN,RIMDIAMETER,SERIALDATE,BRANDDESC,LOADRANGE,MEARIMWIDTH,REGROOVABLEIND,PLANTPRODUCED,MOSTRECENTTESTDATE,IMARK,INFORMENUMBER,FECHADATE,TREADPATTERN,SPECIALPROTECTIVEBAND,NOMINALTIREWIDTH,ASPECTRADIO,TREADWEARINDICATORS,NAMEOFMANUFACTURER,FAMILY,DOTSERIALNUMBER) values (1137,'WL14MKRV64','4MK',1,32995,'265/70R16',null,'1208',null,null,null,null,null,null,null,null,null,null,null,null,null,'COOPER DISCOVERER CTS',null,null,null,null,null,null, null,null,null,null,null,null,null,null,null,null);
Insert into PRODUCT (SKUID,SKU,BRANDCODE,TIRETYPEID,NPRID,SIZESTAMP,DISCONTINUEDDATE,SPECNUMBER,SPEEDRATING,SINGLOADINDEX,DUALLOADINDEX,BELTEDRADIALYN,TUBELESSYN,REINFORCEDYN,EXTRALOADYN,UTQGTREADWEAR,UTQGTRACTION,UTQGTEMP,MUDSNOWYN,RIMDIAMETER,SERIALDATE,BRANDDESC,LOADRANGE,MEARIMWIDTH,REGROOVABLEIND,PLANTPRODUCED,MOSTRECENTTESTDATE,IMARK,INFORMENUMBER,FECHADATE,TREADPATTERN,SPECIALPROTECTIVEBAND,NOMINALTIREWIDTH,ASPECTRADIO,TREADWEARINDICATORS,NAMEOFMANUFACTURER,FAMILY,DOTSERIALNUMBER) values (1138,'WL14NXV956','4NX',1,33355,'235/75R15',null,'1047',null,null,null,null,null,null,null,null,null,null,null,null,null,'COOPER DISCOVERER LSX',null,null,null,null,null,null, null,null,null,null,null,null,null,null,null,null);
Insert into PRODUCT (SKUID,SKU,BRANDCODE,TIRETYPEID,NPRID,SIZESTAMP,DISCONTINUEDDATE,SPECNUMBER,SPEEDRATING,SINGLOADINDEX,DUALLOADINDEX,BELTEDRADIALYN,TUBELESSYN,REINFORCEDYN,EXTRALOADYN,UTQGTREADWEAR,UTQGTRACTION,UTQGTEMP,MUDSNOWYN,RIMDIAMETER,SERIALDATE,BRANDDESC,LOADRANGE,MEARIMWIDTH,REGROOVABLEIND,PLANTPRODUCED,MOSTRECENTTESTDATE,IMARK,INFORMENUMBER,FECHADATE,TREADPATTERN,SPECIALPROTECTIVEBAND,NOMINALTIREWIDTH,ASPECTRADIO,TREADWEARINDICATORS,NAMEOFMANUFACTURER,FAMILY,DOTSERIALNUMBER) values (1139,'WL14SUF074','4SU',1,5080,'245/65R17',null,'1762',null,null,null,null,null,null,null,null,null,null,null,null,null,'COOPER DISCOVERER ATR',null,null,null,null,null,null, null,null,null,null,null,null,null,null,null,null);
Insert into PRODUCT (SKUID,SKU,BRANDCODE,TIRETYPEID,NPRID,SIZESTAMP,DISCONTINUEDDATE,SPECNUMBER,SPEEDRATING,SINGLOADINDEX,DUALLOADINDEX,BELTEDRADIALYN,TUBELESSYN,REINFORCEDYN,EXTRALOADYN,UTQGTREADWEAR,UTQGTRACTION,UTQGTEMP,MUDSNOWYN,RIMDIAMETER,SERIALDATE,BRANDDESC,LOADRANGE,MEARIMWIDTH,REGROOVABLEIND,PLANTPRODUCED,MOSTRECENTTESTDATE,IMARK,INFORMENUMBER,FECHADATE,TREADPATTERN,SPECIALPROTECTIVEBAND,NOMINALTIREWIDTH,ASPECTRADIO,TREADWEARINDICATORS,NAMEOFMANUFACTURER,FAMILY,DOTSERIALNUMBER) values (1140,'WL14SUR064','4SU',1,5214,'245/70R16',null,'1754',null,null,null,null,null,null,null,null,null,null,null,null,null,'COOPER DISCOVERER ATR',null,null,null,null,null,null, null,null,null,null,null,null,null,null,null,null);
Insert into PRODUCT (SKUID,SKU,BRANDCODE,TIRETYPEID,NPRID,SIZESTAMP,DISCONTINUEDDATE,SPECNUMBER,SPEEDRATING,SINGLOADINDEX,DUALLOADINDEX,BELTEDRADIALYN,TUBELESSYN,REINFORCEDYN,EXTRALOADYN,UTQGTREADWEAR,UTQGTRACTION,UTQGTEMP,MUDSNOWYN,RIMDIAMETER,SERIALDATE,BRANDDESC,LOADRANGE,MEARIMWIDTH,REGROOVABLEIND,PLANTPRODUCED,MOSTRECENTTESTDATE,IMARK,INFORMENUMBER,FECHADATE,TREADPATTERN,SPECIALPROTECTIVEBAND,NOMINALTIREWIDTH,ASPECTRADIO,TREADWEARINDICATORS,NAMEOFMANUFACTURER,FAMILY,DOTSERIALNUMBER) values (1141,'WL14SURV64','4SU',1,5080,'265/70R16',null,'3950',null,null,null,null,null,null,null,null,null,null,null,null,null,'COOPER DISCOVERER ATR',null,null,null,null,null,null, null,null,null,null,null,null,null,null,null,null);
Insert into PRODUCT (SKUID,SKU,BRANDCODE,TIRETYPEID,NPRID,SIZESTAMP,DISCONTINUEDDATE,SPECNUMBER,SPEEDRATING,SINGLOADINDEX,DUALLOADINDEX,BELTEDRADIALYN,TUBELESSYN,REINFORCEDYN,EXTRALOADYN,UTQGTREADWEAR,UTQGTRACTION,UTQGTEMP,MUDSNOWYN,RIMDIAMETER,SERIALDATE,BRANDDESC,LOADRANGE,MEARIMWIDTH,REGROOVABLEIND,PLANTPRODUCED,MOSTRECENTTESTDATE,IMARK,INFORMENUMBER,FECHADATE,TREADPATTERN,SPECIALPROTECTIVEBAND,NOMINALTIREWIDTH,ASPECTRADIO,TREADWEARINDICATORS,NAMEOFMANUFACTURER,FAMILY,DOTSERIALNUMBER) values (1142,'WL14SURX54','4SU',1,5214,'255/70R15',null,'1766',null,null,null,null,null,null,null,null,null,null,null,null,null,'COOPER DISCOVERER ATR',null,null,null,null,null,null, null,null,null,null,null,null,null,null,null,null);
Insert into PRODUCT (SKUID,SKU,BRANDCODE,TIRETYPEID,NPRID,SIZESTAMP,DISCONTINUEDDATE,SPECNUMBER,SPEEDRATING,SINGLOADINDEX,DUALLOADINDEX,BELTEDRADIALYN,TUBELESSYN,REINFORCEDYN,EXTRALOADYN,UTQGTREADWEAR,UTQGTRACTION,UTQGTEMP,MUDSNOWYN,RIMDIAMETER,SERIALDATE,BRANDDESC,LOADRANGE,MEARIMWIDTH,REGROOVABLEIND,PLANTPRODUCED,MOSTRECENTTESTDATE,IMARK,INFORMENUMBER,FECHADATE,TREADPATTERN,SPECIALPROTECTIVEBAND,NOMINALTIREWIDTH,ASPECTRADIO,TREADWEARINDICATORS,NAMEOFMANUFACTURER,FAMILY,DOTSERIALNUMBER) values (1143,'WL15953056','595',3,1535,'31X10.50R15LT',null,'5991',null,null,null,null,null,null,null,null,null,null,null,null,null,'MASTERCRAFT COURSER HTR',null,null,null,null,null,null, null,null,null,null,null,null,null,null,null,null);
Insert into PRODUCT (SKUID,SKU,BRANDCODE,TIRETYPEID,NPRID,SIZESTAMP,DISCONTINUEDDATE,SPECNUMBER,SPEEDRATING,SINGLOADINDEX,DUALLOADINDEX,BELTEDRADIALYN,TUBELESSYN,REINFORCEDYN,EXTRALOADYN,UTQGTREADWEAR,UTQGTRACTION,UTQGTEMP,MUDSNOWYN,RIMDIAMETER,SERIALDATE,BRANDDESC,LOADRANGE,MEARIMWIDTH,REGROOVABLEIND,PLANTPRODUCED,MOSTRECENTTESTDATE,IMARK,INFORMENUMBER,FECHADATE,TREADPATTERN,SPECIALPROTECTIVEBAND,NOMINALTIREWIDTH,ASPECTRADIO,TREADWEARINDICATORS,NAMEOFMANUFACTURER,FAMILY,DOTSERIALNUMBER) values (1144,'WL1595SY80','595',3,32196,'LT275/65R18',null,'5693',null,null,null,null,null,null,null,null,null,null,null,null,null,'MASTERCRAFT COURSER HTR',null,null,null,null,null,null, null,null,null,null,null,null,null,null,null,null);
Insert into PRODUCT (SKUID,SKU,BRANDCODE,TIRETYPEID,NPRID,SIZESTAMP,DISCONTINUEDDATE,SPECNUMBER,SPEEDRATING,SINGLOADINDEX,DUALLOADINDEX,BELTEDRADIALYN,TUBELESSYN,REINFORCEDYN,EXTRALOADYN,UTQGTREADWEAR,UTQGTRACTION,UTQGTEMP,MUDSNOWYN,RIMDIAMETER,SERIALDATE,BRANDDESC,LOADRANGE,MEARIMWIDTH,REGROOVABLEIND,PLANTPRODUCED,MOSTRECENTTESTDATE,IMARK,INFORMENUMBER,FECHADATE,TREADPATTERN,SPECIALPROTECTIVEBAND,NOMINALTIREWIDTH,ASPECTRADIO,TREADWEARINDICATORS,NAMEOFMANUFACTURER,FAMILY,DOTSERIALNUMBER) values (1145,'WL1595U170','595',3,3215,'LT265/70R17',null,'5273',null,null,null,null,null,null,null,null,null,null,null,null,null,'MASTERCRAFT COURSER HTR',null,null,null,null,null,null, null,null,null,null,null,null,null,null,null,null);
Insert into PRODUCT (SKUID,SKU,BRANDCODE,TIRETYPEID,NPRID,SIZESTAMP,DISCONTINUEDDATE,SPECNUMBER,SPEEDRATING,SINGLOADINDEX,DUALLOADINDEX,BELTEDRADIALYN,TUBELESSYN,REINFORCEDYN,EXTRALOADYN,UTQGTREADWEAR,UTQGTRACTION,UTQGTEMP,MUDSNOWYN,RIMDIAMETER,SERIALDATE,BRANDDESC,LOADRANGE,MEARIMWIDTH,REGROOVABLEIND,PLANTPRODUCED,MOSTRECENTTESTDATE,IMARK,INFORMENUMBER,FECHADATE,TREADPATTERN,SPECIALPROTECTIVEBAND,NOMINALTIREWIDTH,ASPECTRADIO,TREADWEARINDICATORS,NAMEOFMANUFACTURER,FAMILY,DOTSERIALNUMBER) values (1146,'WL1595U170','595',3,3215,'LT265/70R17',null,'5273',null,null,null,null,null,null,null,null,null,null,null,null,null,'MASTERCRAFT COURSER HTR',null,null,null,null,null,null, null,null,null,null,null,null,null,null,null,null);
Insert into PRODUCT (SKUID,SKU,BRANDCODE,TIRETYPEID,NPRID,SIZESTAMP,DISCONTINUEDDATE,SPECNUMBER,SPEEDRATING,SINGLOADINDEX,DUALLOADINDEX,BELTEDRADIALYN,TUBELESSYN,REINFORCEDYN,EXTRALOADYN,UTQGTREADWEAR,UTQGTRACTION,UTQGTEMP,MUDSNOWYN,RIMDIAMETER,SERIALDATE,BRANDDESC,LOADRANGE,MEARIMWIDTH,REGROOVABLEIND,PLANTPRODUCED,MOSTRECENTTESTDATE,IMARK,INFORMENUMBER,FECHADATE,TREADPATTERN,SPECIALPROTECTIVEBAND,NOMINALTIREWIDTH,ASPECTRADIO,TREADWEARINDICATORS,NAMEOFMANUFACTURER,FAMILY,DOTSERIALNUMBER) values (1147,'WL1595W066','595',3,1535,'LT245/75R16',null,'5993',null,null,null,null,null,null,null,null,null,null,null,null,null,'MASTERCRAFT COURSER HTR',null,null,null,null,null,null, null,null,null,null,null,null,null,null,null,null);
Insert into PRODUCT (SKUID,SKU,BRANDCODE,TIRETYPEID,NPRID,SIZESTAMP,DISCONTINUEDDATE,SPECNUMBER,SPEEDRATING,SINGLOADINDEX,DUALLOADINDEX,BELTEDRADIALYN,TUBELESSYN,REINFORCEDYN,EXTRALOADYN,UTQGTREADWEAR,UTQGTRACTION,UTQGTEMP,MUDSNOWYN,RIMDIAMETER,SERIALDATE,BRANDDESC,LOADRANGE,MEARIMWIDTH,REGROOVABLEIND,PLANTPRODUCED,MOSTRECENTTESTDATE,IMARK,INFORMENUMBER,FECHADATE,TREADPATTERN,SPECIALPROTECTIVEBAND,NOMINALTIREWIDTH,ASPECTRADIO,TREADWEARINDICATORS,NAMEOFMANUFACTURER,FAMILY,DOTSERIALNUMBER) values (1148,'WL1595W070','595',3,32196,'LT245/75R17',null,'5692',null,null,null,null,null,null,null,null,null,null,null,null,null,'MASTERCRAFT COURSER HTR',null,null,null,null,null,null, null,null,null,null,null,null,null,null,null,null);
Insert into PRODUCT (SKUID,SKU,BRANDCODE,TIRETYPEID,NPRID,SIZESTAMP,DISCONTINUEDDATE,SPECNUMBER,SPEEDRATING,SINGLOADINDEX,DUALLOADINDEX,BELTEDRADIALYN,TUBELESSYN,REINFORCEDYN,EXTRALOADYN,UTQGTREADWEAR,UTQGTRACTION,UTQGTEMP,MUDSNOWYN,RIMDIAMETER,SERIALDATE,BRANDDESC,LOADRANGE,MEARIMWIDTH,REGROOVABLEIND,PLANTPRODUCED,MOSTRECENTTESTDATE,IMARK,INFORMENUMBER,FECHADATE,TREADPATTERN,SPECIALPROTECTIVEBAND,NOMINALTIREWIDTH,ASPECTRADIO,TREADWEARINDICATORS,NAMEOFMANUFACTURER,FAMILY,DOTSERIALNUMBER) values (1149,'WL1595W160','595',3,2557,'LT265/75R16',null,'5646',null,null,null,null,null,null,null,null,null,null,null,null,null,'MASTERCRAFT COURSER HTR',null,null,null,null,null,null, null,null,null,null,null,null,null,null,null,null);
Insert into PRODUCT (SKUID,SKU,BRANDCODE,TIRETYPEID,NPRID,SIZESTAMP,DISCONTINUEDDATE,SPECNUMBER,SPEEDRATING,SINGLOADINDEX,DUALLOADINDEX,BELTEDRADIALYN,TUBELESSYN,REINFORCEDYN,EXTRALOADYN,UTQGTREADWEAR,UTQGTRACTION,UTQGTEMP,MUDSNOWYN,RIMDIAMETER,SERIALDATE,BRANDDESC,LOADRANGE,MEARIMWIDTH,REGROOVABLEIND,PLANTPRODUCED,MOSTRECENTTESTDATE,IMARK,INFORMENUMBER,FECHADATE,TREADPATTERN,SPECIALPROTECTIVEBAND,NOMINALTIREWIDTH,ASPECTRADIO,TREADWEARINDICATORS,NAMEOFMANUFACTURER,FAMILY,DOTSERIALNUMBER) values (1150,'WL1595W166','595',3,1535,'LT265/75R16',null,'5992',null,null,null,null,null,null,null,null,null,null,null,null,null,'MASTERCRAFT COURSER HTR',null,null,null,null,null,null, null,null,null,null,null,null,null,null,null,null);
Insert into PRODUCT (SKUID,SKU,BRANDCODE,TIRETYPEID,NPRID,SIZESTAMP,DISCONTINUEDDATE,SPECNUMBER,SPEEDRATING,SINGLOADINDEX,DUALLOADINDEX,BELTEDRADIALYN,TUBELESSYN,REINFORCEDYN,EXTRALOADYN,UTQGTREADWEAR,UTQGTRACTION,UTQGTEMP,MUDSNOWYN,RIMDIAMETER,SERIALDATE,BRANDDESC,LOADRANGE,MEARIMWIDTH,REGROOVABLEIND,PLANTPRODUCED,MOSTRECENTTESTDATE,IMARK,INFORMENUMBER,FECHADATE,TREADPATTERN,SPECIALPROTECTIVEBAND,NOMINALTIREWIDTH,ASPECTRADIO,TREADWEARINDICATORS,NAMEOFMANUFACTURER,FAMILY,DOTSERIALNUMBER) values (1151,'WL1595W166','595',3,1535,'LT265/75R16',null,'5992',null,null,null,null,null,null,null,null,null,null,null,null,null,'MASTERCRAFT COURSER HTR',null,null,null,null,null,null, null,null,null,null,null,null,null,null,null,null);
Insert into PRODUCT (SKUID,SKU,BRANDCODE,TIRETYPEID,NPRID,SIZESTAMP,DISCONTINUEDDATE,SPECNUMBER,SPEEDRATING,SINGLOADINDEX,DUALLOADINDEX,BELTEDRADIALYN,TUBELESSYN,REINFORCEDYN,EXTRALOADYN,UTQGTREADWEAR,UTQGTRACTION,UTQGTEMP,MUDSNOWYN,RIMDIAMETER,SERIALDATE,BRANDDESC,LOADRANGE,MEARIMWIDTH,REGROOVABLEIND,PLANTPRODUCED,MOSTRECENTTESTDATE,IMARK,INFORMENUMBER,FECHADATE,TREADPATTERN,SPECIALPROTECTIVEBAND,NOMINALTIREWIDTH,ASPECTRADIO,TREADWEARINDICATORS,NAMEOFMANUFACTURER,FAMILY,DOTSERIALNUMBER) values (1152,'WL1595W956','595',3,1535,'LT235/75R15',null,'5989',null,null,null,null,null,null,null,null,null,null,null,null,null,'MASTERCRAFT COURSER HTR',null,null,null,null,null,null, null,null,null,null,null,null,null,null,null,null);
Insert into PRODUCT (SKUID,SKU,BRANDCODE,TIRETYPEID,NPRID,SIZESTAMP,DISCONTINUEDDATE,SPECNUMBER,SPEEDRATING,SINGLOADINDEX,DUALLOADINDEX,BELTEDRADIALYN,TUBELESSYN,REINFORCEDYN,EXTRALOADYN,UTQGTREADWEAR,UTQGTRACTION,UTQGTEMP,MUDSNOWYN,RIMDIAMETER,SERIALDATE,BRANDDESC,LOADRANGE,MEARIMWIDTH,REGROOVABLEIND,PLANTPRODUCED,MOSTRECENTTESTDATE,IMARK,INFORMENUMBER,FECHADATE,TREADPATTERN,SPECIALPROTECTIVEBAND,NOMINALTIREWIDTH,ASPECTRADIO,TREADWEARINDICATORS,NAMEOFMANUFACTURER,FAMILY,DOTSERIALNUMBER) values (1153,'WL1595X970','595',3,3215,'LT235/80R17',null,'5272',null,null,null,null,null,null,null,null,null,null,null,null,null,'MASTERCRAFT COURSER HTR',null,null,null,null,null,null, null,null,null,null,null,null,null,null,null,null);
Insert into PRODUCT (SKUID,SKU,BRANDCODE,TIRETYPEID,NPRID,SIZESTAMP,DISCONTINUEDDATE,SPECNUMBER,SPEEDRATING,SINGLOADINDEX,DUALLOADINDEX,BELTEDRADIALYN,TUBELESSYN,REINFORCEDYN,EXTRALOADYN,UTQGTREADWEAR,UTQGTRACTION,UTQGTEMP,MUDSNOWYN,RIMDIAMETER,SERIALDATE,BRANDDESC,LOADRANGE,MEARIMWIDTH,REGROOVABLEIND,PLANTPRODUCED,MOSTRECENTTESTDATE,IMARK,INFORMENUMBER,FECHADATE,TREADPATTERN,SPECIALPROTECTIVEBAND,NOMINALTIREWIDTH,ASPECTRADIO,TREADWEARINDICATORS,NAMEOFMANUFACTURER,FAMILY,DOTSERIALNUMBER) values (1154,'WL15CCWB68','5CC',3,3088,'LT315/75R16',null,'5649',null,null,null,null,null,null,null,null,null,null,null,null,null,'WILDCAT RADIAL A/T',null,null,null,null,null,null, null,null,null,null,null,null,null,null,null,null);
Insert into PRODUCT (SKUID,SKU,BRANDCODE,TIRETYPEID,NPRID,SIZESTAMP,DISCONTINUEDDATE,SPECNUMBER,SPEEDRATING,SINGLOADINDEX,DUALLOADINDEX,BELTEDRADIALYN,TUBELESSYN,REINFORCEDYN,EXTRALOADYN,UTQGTREADWEAR,UTQGTRACTION,UTQGTEMP,MUDSNOWYN,RIMDIAMETER,SERIALDATE,BRANDDESC,LOADRANGE,MEARIMWIDTH,REGROOVABLEIND,PLANTPRODUCED,MOSTRECENTTESTDATE,IMARK,INFORMENUMBER,FECHADATE,TREADPATTERN,SPECIALPROTECTIVEBAND,NOMINALTIREWIDTH,ASPECTRADIO,TREADWEARINDICATORS,NAMEOFMANUFACTURER,FAMILY,DOTSERIALNUMBER) values (1155,'WL15CY3056','5CY',3,31906,'31X10.50R15LT',null,'5941',null,null,null,null,null,null,null,null,null,null,null,null,null,'HERCULES TERRA TRAC HT',null,null,null,null,null,null, null,null,null,null,null,null,null,null,null,null);
Insert into PRODUCT (SKUID,SKU,BRANDCODE,TIRETYPEID,NPRID,SIZESTAMP,DISCONTINUEDDATE,SPECNUMBER,SPEEDRATING,SINGLOADINDEX,DUALLOADINDEX,BELTEDRADIALYN,TUBELESSYN,REINFORCEDYN,EXTRALOADYN,UTQGTREADWEAR,UTQGTRACTION,UTQGTEMP,MUDSNOWYN,RIMDIAMETER,SERIALDATE,BRANDDESC,LOADRANGE,MEARIMWIDTH,REGROOVABLEIND,PLANTPRODUCED,MOSTRECENTTESTDATE,IMARK,INFORMENUMBER,FECHADATE,TREADPATTERN,SPECIALPROTECTIVEBAND,NOMINALTIREWIDTH,ASPECTRADIO,TREADWEARINDICATORS,NAMEOFMANUFACTURER,FAMILY,DOTSERIALNUMBER) values (1156,'WL15CY3056','5CY',3,31906,'31X10.50R15LT',null,'5252',null,null,null,null,null,null,null,null,null,null,null,null,null,'HERCULES TERRA TRAC HT',null,null,null,null,null,null, null,null,null,null,null,null,null,null,null,null);
Insert into PRODUCT (SKUID,SKU,BRANDCODE,TIRETYPEID,NPRID,SIZESTAMP,DISCONTINUEDDATE,SPECNUMBER,SPEEDRATING,SINGLOADINDEX,DUALLOADINDEX,BELTEDRADIALYN,TUBELESSYN,REINFORCEDYN,EXTRALOADYN,UTQGTREADWEAR,UTQGTRACTION,UTQGTEMP,MUDSNOWYN,RIMDIAMETER,SERIALDATE,BRANDDESC,LOADRANGE,MEARIMWIDTH,REGROOVABLEIND,PLANTPRODUCED,MOSTRECENTTESTDATE,IMARK,INFORMENUMBER,FECHADATE,TREADPATTERN,SPECIALPROTECTIVEBAND,NOMINALTIREWIDTH,ASPECTRADIO,TREADWEARINDICATORS,NAMEOFMANUFACTURER,FAMILY,DOTSERIALNUMBER) values (1157,'WL15CYW956','5CY',3,31906,'LT235/75R15',null,'5961',null,null,null,null,null,null,null,null,null,null,null,null,null,'HERCULES TERRA TRAC HT',null,null,null,null,null,null, null,null,null,null,null,null,null,null,null,null);
Insert into PRODUCT (SKUID,SKU,BRANDCODE,TIRETYPEID,NPRID,SIZESTAMP,DISCONTINUEDDATE,SPECNUMBER,SPEEDRATING,SINGLOADINDEX,DUALLOADINDEX,BELTEDRADIALYN,TUBELESSYN,REINFORCEDYN,EXTRALOADYN,UTQGTREADWEAR,UTQGTRACTION,UTQGTEMP,MUDSNOWYN,RIMDIAMETER,SERIALDATE,BRANDDESC,LOADRANGE,MEARIMWIDTH,REGROOVABLEIND,PLANTPRODUCED,MOSTRECENTTESTDATE,IMARK,INFORMENUMBER,FECHADATE,TREADPATTERN,SPECIALPROTECTIVEBAND,NOMINALTIREWIDTH,ASPECTRADIO,TREADWEARINDICATORS,NAMEOFMANUFACTURER,FAMILY,DOTSERIALNUMBER) values (1158,'WL15EYUY80','5EY',3,33834,'LT275/70R18',null,'5837',null,null,null,null,null,null,null,null,null,null,null,null,null,'COOPER ZEON LTZ',null,null,null,null,null,null, null,null,null,null,null,null,null,null,null,null);
Insert into PRODUCT (SKUID,SKU,BRANDCODE,TIRETYPEID,NPRID,SIZESTAMP,DISCONTINUEDDATE,SPECNUMBER,SPEEDRATING,SINGLOADINDEX,DUALLOADINDEX,BELTEDRADIALYN,TUBELESSYN,REINFORCEDYN,EXTRALOADYN,UTQGTREADWEAR,UTQGTRACTION,UTQGTEMP,MUDSNOWYN,RIMDIAMETER,SERIALDATE,BRANDDESC,LOADRANGE,MEARIMWIDTH,REGROOVABLEIND,PLANTPRODUCED,MOSTRECENTTESTDATE,IMARK,INFORMENUMBER,FECHADATE,TREADPATTERN,SPECIALPROTECTIVEBAND,NOMINALTIREWIDTH,ASPECTRADIO,TREADWEARINDICATORS,NAMEOFMANUFACTURER,FAMILY,DOTSERIALNUMBER) values (1159,'WL15FJUY80','5FJ',3,31638,'LT275/70R18',null,'5837',null,null,null,null,null,null,null,null,null,null,null,null,null,'MASTERCRAFT COURSER A/T 2',null,null,null,null,null,null, null,null,null,null,null,null,null,null,null,null);
Insert into PRODUCT (SKUID,SKU,BRANDCODE,TIRETYPEID,NPRID,SIZESTAMP,DISCONTINUEDDATE,SPECNUMBER,SPEEDRATING,SINGLOADINDEX,DUALLOADINDEX,BELTEDRADIALYN,TUBELESSYN,REINFORCEDYN,EXTRALOADYN,UTQGTREADWEAR,UTQGTRACTION,UTQGTEMP,MUDSNOWYN,RIMDIAMETER,SERIALDATE,BRANDDESC,LOADRANGE,MEARIMWIDTH,REGROOVABLEIND,PLANTPRODUCED,MOSTRECENTTESTDATE,IMARK,INFORMENUMBER,FECHADATE,TREADPATTERN,SPECIALPROTECTIVEBAND,NOMINALTIREWIDTH,ASPECTRADIO,TREADWEARINDICATORS,NAMEOFMANUFACTURER,FAMILY,DOTSERIALNUMBER) values (1160,'WL15GCW066','5GC',3,31978,'LT245/75R16',null,'5993',null,null,null,null,null,null,null,null,null,null,null,null,null,'WILD SPIRIT SPORT H/T',null,null,null,null,null,null, null,null,null,null,null,null,null,null,null,null);
Insert into PRODUCT (SKUID,SKU,BRANDCODE,TIRETYPEID,NPRID,SIZESTAMP,DISCONTINUEDDATE,SPECNUMBER,SPEEDRATING,SINGLOADINDEX,DUALLOADINDEX,BELTEDRADIALYN,TUBELESSYN,REINFORCEDYN,EXTRALOADYN,UTQGTREADWEAR,UTQGTRACTION,UTQGTEMP,MUDSNOWYN,RIMDIAMETER,SERIALDATE,BRANDDESC,LOADRANGE,MEARIMWIDTH,REGROOVABLEIND,PLANTPRODUCED,MOSTRECENTTESTDATE,IMARK,INFORMENUMBER,FECHADATE,TREADPATTERN,SPECIALPROTECTIVEBAND,NOMINALTIREWIDTH,ASPECTRADIO,TREADWEARINDICATORS,NAMEOFMANUFACTURER,FAMILY,DOTSERIALNUMBER) values (1124,'WL12FKV864','2FK',1,2535,'225/75R16',null,'1597',null,null,null,null,null,null,null,null,null,null,null,null,null,'WILDCAT TOURING SLT',null,null,null,null,null,null, null,null,null,null,null,null,null,null,null,null);
Insert into PRODUCT (SKUID,SKU,BRANDCODE,TIRETYPEID,NPRID,SIZESTAMP,DISCONTINUEDDATE,SPECNUMBER,SPEEDRATING,SINGLOADINDEX,DUALLOADINDEX,BELTEDRADIALYN,TUBELESSYN,REINFORCEDYN,EXTRALOADYN,UTQGTREADWEAR,UTQGTRACTION,UTQGTEMP,MUDSNOWYN,RIMDIAMETER,SERIALDATE,BRANDDESC,LOADRANGE,MEARIMWIDTH,REGROOVABLEIND,PLANTPRODUCED,MOSTRECENTTESTDATE,IMARK,INFORMENUMBER,FECHADATE,TREADPATTERN,SPECIALPROTECTIVEBAND,NOMINALTIREWIDTH,ASPECTRADIO,TREADWEARINDICATORS,NAMEOFMANUFACTURER,FAMILY,DOTSERIALNUMBER) values (1125,'WL12FKV954','2FK',1,2535,'235/75R15',null,'1497',null,null,null,null,null,null,null,null,null,null,null,null,null,'WILDCAT TOURING SLT',null,null,null,null,null,null, null,null,null,null,null,null,null,null,null,null);
Insert into PRODUCT (SKUID,SKU,BRANDCODE,TIRETYPEID,NPRID,SIZESTAMP,DISCONTINUEDDATE,SPECNUMBER,SPEEDRATING,SINGLOADINDEX,DUALLOADINDEX,BELTEDRADIALYN,TUBELESSYN,REINFORCEDYN,EXTRALOADYN,UTQGTREADWEAR,UTQGTRACTION,UTQGTEMP,MUDSNOWYN,RIMDIAMETER,SERIALDATE,BRANDDESC,LOADRANGE,MEARIMWIDTH,REGROOVABLEIND,PLANTPRODUCED,MOSTRECENTTESTDATE,IMARK,INFORMENUMBER,FECHADATE,TREADPATTERN,SPECIALPROTECTIVEBAND,NOMINALTIREWIDTH,ASPECTRADIO,TREADWEARINDICATORS,NAMEOFMANUFACTURER,FAMILY,DOTSERIALNUMBER) values (1161,'WL15GCW160','5GC',3,31978,'LT265/75R16',null,'5646',null,null,null,null,null,null,null,null,null,null,null,null,null,'WILD SPIRIT SPORT H/T',null,null,null,null,null,null, null,null,null,null,null,null,null,null,null,null);
Insert into PRODUCT (SKUID,SKU,BRANDCODE,TIRETYPEID,NPRID,SIZESTAMP,DISCONTINUEDDATE,SPECNUMBER,SPEEDRATING,SINGLOADINDEX,DUALLOADINDEX,BELTEDRADIALYN,TUBELESSYN,REINFORCEDYN,EXTRALOADYN,UTQGTREADWEAR,UTQGTRACTION,UTQGTEMP,MUDSNOWYN,RIMDIAMETER,SERIALDATE,BRANDDESC,LOADRANGE,MEARIMWIDTH,REGROOVABLEIND,PLANTPRODUCED,MOSTRECENTTESTDATE,IMARK,INFORMENUMBER,FECHADATE,TREADPATTERN,SPECIALPROTECTIVEBAND,NOMINALTIREWIDTH,ASPECTRADIO,TREADWEARINDICATORS,NAMEOFMANUFACTURER,FAMILY,DOTSERIALNUMBER) values (1162,'WL15GCW166','5GC',3,31978,'LT265/75R16',null,'5992',null,null,null,null,null,null,null,null,null,null,null,null,null,'WILD SPIRIT SPORT H/T',null,null,null,null,null,null, null,null,null,null,null,null,null,null,null,null);
Insert into PRODUCT (SKUID,SKU,BRANDCODE,TIRETYPEID,NPRID,SIZESTAMP,DISCONTINUEDDATE,SPECNUMBER,SPEEDRATING,SINGLOADINDEX,DUALLOADINDEX,BELTEDRADIALYN,TUBELESSYN,REINFORCEDYN,EXTRALOADYN,UTQGTREADWEAR,UTQGTRACTION,UTQGTEMP,MUDSNOWYN,RIMDIAMETER,SERIALDATE,BRANDDESC,LOADRANGE,MEARIMWIDTH,REGROOVABLEIND,PLANTPRODUCED,MOSTRECENTTESTDATE,IMARK,INFORMENUMBER,FECHADATE,TREADPATTERN,SPECIALPROTECTIVEBAND,NOMINALTIREWIDTH,ASPECTRADIO,TREADWEARINDICATORS,NAMEOFMANUFACTURER,FAMILY,DOTSERIALNUMBER) values (1163,'WL15GCW166','5GC',3,31978,'LT265/75R16',null,'5992',null,null,null,null,null,null,null,null,null,null,null,null,null,'WILD SPIRIT SPORT H/T',null,null,null,null,null,null, null,null,null,null,null,null,null,null,null,null);
Insert into PRODUCT (SKUID,SKU,BRANDCODE,TIRETYPEID,NPRID,SIZESTAMP,DISCONTINUEDDATE,SPECNUMBER,SPEEDRATING,SINGLOADINDEX,DUALLOADINDEX,BELTEDRADIALYN,TUBELESSYN,REINFORCEDYN,EXTRALOADYN,UTQGTREADWEAR,UTQGTRACTION,UTQGTEMP,MUDSNOWYN,RIMDIAMETER,SERIALDATE,BRANDDESC,LOADRANGE,MEARIMWIDTH,REGROOVABLEIND,PLANTPRODUCED,MOSTRECENTTESTDATE,IMARK,INFORMENUMBER,FECHADATE,TREADPATTERN,SPECIALPROTECTIVEBAND,NOMINALTIREWIDTH,ASPECTRADIO,TREADWEARINDICATORS,NAMEOFMANUFACTURER,FAMILY,DOTSERIALNUMBER) values (1164,'WL15GCW956','5GC',3,31978,'LT235/75R15',null,'5989',null,null,null,null,null,null,null,null,null,null,null,null,null,'WILD SPIRIT SPORT H/T',null,null,null,null,null,null, null,null,null,null,null,null,null,null,null,null);
Insert into PRODUCT (SKUID,SKU,BRANDCODE,TIRETYPEID,NPRID,SIZESTAMP,DISCONTINUEDDATE,SPECNUMBER,SPEEDRATING,SINGLOADINDEX,DUALLOADINDEX,BELTEDRADIALYN,TUBELESSYN,REINFORCEDYN,EXTRALOADYN,UTQGTREADWEAR,UTQGTRACTION,UTQGTEMP,MUDSNOWYN,RIMDIAMETER,SERIALDATE,BRANDDESC,LOADRANGE,MEARIMWIDTH,REGROOVABLEIND,PLANTPRODUCED,MOSTRECENTTESTDATE,IMARK,INFORMENUMBER,FECHADATE,TREADPATTERN,SPECIALPROTECTIVEBAND,NOMINALTIREWIDTH,ASPECTRADIO,TREADWEARINDICATORS,NAMEOFMANUFACTURER,FAMILY,DOTSERIALNUMBER) values (1165,'WL15LTUY80','5LT',3,30885,'LT275/70R18',null,'5837',null,null,null,null,null,null,null,null,null,null,null,null,null,'COOPER DISCOVERER ATR',null,null,null,null,null,null, null,null,null,null,null,null,null,null,null,null);
Insert into PRODUCT (SKUID,SKU,BRANDCODE,TIRETYPEID,NPRID,SIZESTAMP,DISCONTINUEDDATE,SPECNUMBER,SPEEDRATING,SINGLOADINDEX,DUALLOADINDEX,BELTEDRADIALYN,TUBELESSYN,REINFORCEDYN,EXTRALOADYN,UTQGTREADWEAR,UTQGTRACTION,UTQGTEMP,MUDSNOWYN,RIMDIAMETER,SERIALDATE,BRANDDESC,LOADRANGE,MEARIMWIDTH,REGROOVABLEIND,PLANTPRODUCED,MOSTRECENTTESTDATE,IMARK,INFORMENUMBER,FECHADATE,TREADPATTERN,SPECIALPROTECTIVEBAND,NOMINALTIREWIDTH,ASPECTRADIO,TREADWEARINDICATORS,NAMEOFMANUFACTURER,FAMILY,DOTSERIALNUMBER) values (1166,'WL1759U170','759',3,30524,'LT265/70R17',null,'5273',null,null,null,null,null,null,null,null,null,null,null,null,null,'WILDCAT TOURING SLT',null,null,null,null,null,null, null,null,null,null,null,null,null,null,null,null);
Insert into PRODUCT (SKUID,SKU,BRANDCODE,TIRETYPEID,NPRID,SIZESTAMP,DISCONTINUEDDATE,SPECNUMBER,SPEEDRATING,SINGLOADINDEX,DUALLOADINDEX,BELTEDRADIALYN,TUBELESSYN,REINFORCEDYN,EXTRALOADYN,UTQGTREADWEAR,UTQGTRACTION,UTQGTEMP,MUDSNOWYN,RIMDIAMETER,SERIALDATE,BRANDDESC,LOADRANGE,MEARIMWIDTH,REGROOVABLEIND,PLANTPRODUCED,MOSTRECENTTESTDATE,IMARK,INFORMENUMBER,FECHADATE,TREADPATTERN,SPECIALPROTECTIVEBAND,NOMINALTIREWIDTH,ASPECTRADIO,TREADWEARINDICATORS,NAMEOFMANUFACTURER,FAMILY,DOTSERIALNUMBER) values (1167,'WL1759U170','759',3,30524,'LT265/70R17',null,'5273',null,null,null,null,null,null,null,null,null,null,null,null,null,'WILDCAT TOURING SLT',null,null,null,null,null,null, null,null,null,null,null,null,null,null,null,null);
Insert into PRODUCT (SKUID,SKU,BRANDCODE,TIRETYPEID,NPRID,SIZESTAMP,DISCONTINUEDDATE,SPECNUMBER,SPEEDRATING,SINGLOADINDEX,DUALLOADINDEX,BELTEDRADIALYN,TUBELESSYN,REINFORCEDYN,EXTRALOADYN,UTQGTREADWEAR,UTQGTRACTION,UTQGTEMP,MUDSNOWYN,RIMDIAMETER,SERIALDATE,BRANDDESC,LOADRANGE,MEARIMWIDTH,REGROOVABLEIND,PLANTPRODUCED,MOSTRECENTTESTDATE,IMARK,INFORMENUMBER,FECHADATE,TREADPATTERN,SPECIALPROTECTIVEBAND,NOMINALTIREWIDTH,ASPECTRADIO,TREADWEARINDICATORS,NAMEOFMANUFACTURER,FAMILY,DOTSERIALNUMBER) values (1168,'WL1759W066','759',3,2556,'LT245/75R16',null,'5993',null,null,null,null,null,null,null,null,null,null,null,null,null,'WILDCAT TOURING SLT',null,null,null,null,null,null, null,null,null,null,null,null,null,null,null,null);
Insert into PRODUCT (SKUID,SKU,BRANDCODE,TIRETYPEID,NPRID,SIZESTAMP,DISCONTINUEDDATE,SPECNUMBER,SPEEDRATING,SINGLOADINDEX,DUALLOADINDEX,BELTEDRADIALYN,TUBELESSYN,REINFORCEDYN,EXTRALOADYN,UTQGTREADWEAR,UTQGTRACTION,UTQGTEMP,MUDSNOWYN,RIMDIAMETER,SERIALDATE,BRANDDESC,LOADRANGE,MEARIMWIDTH,REGROOVABLEIND,PLANTPRODUCED,MOSTRECENTTESTDATE,IMARK,INFORMENUMBER,FECHADATE,TREADPATTERN,SPECIALPROTECTIVEBAND,NOMINALTIREWIDTH,ASPECTRADIO,TREADWEARINDICATORS,NAMEOFMANUFACTURER,FAMILY,DOTSERIALNUMBER) values (1169,'WL1759W160','759',3,2556,'LT265/75R16',null,'5646',null,null,null,null,null,null,null,null,null,null,null,null,null,'WILDCAT TOURING SLT',null,null,null,null,null,null, null,null,null,null,null,null,null,null,null,null);
Insert into PRODUCT (SKUID,SKU,BRANDCODE,TIRETYPEID,NPRID,SIZESTAMP,DISCONTINUEDDATE,SPECNUMBER,SPEEDRATING,SINGLOADINDEX,DUALLOADINDEX,BELTEDRADIALYN,TUBELESSYN,REINFORCEDYN,EXTRALOADYN,UTQGTREADWEAR,UTQGTRACTION,UTQGTEMP,MUDSNOWYN,RIMDIAMETER,SERIALDATE,BRANDDESC,LOADRANGE,MEARIMWIDTH,REGROOVABLEIND,PLANTPRODUCED,MOSTRECENTTESTDATE,IMARK,INFORMENUMBER,FECHADATE,TREADPATTERN,SPECIALPROTECTIVEBAND,NOMINALTIREWIDTH,ASPECTRADIO,TREADWEARINDICATORS,NAMEOFMANUFACTURER,FAMILY,DOTSERIALNUMBER) values (1170,'WL1759W166','759',3,2556,'LT265/75R16',null,'5992',null,null,null,null,null,null,null,null,null,null,null,null,null,'WILDCAT TOURING SLT',null,null,null,null,null,null, null,null,null,null,null,null,null,null,null,null);
Insert into PRODUCT (SKUID,SKU,BRANDCODE,TIRETYPEID,NPRID,SIZESTAMP,DISCONTINUEDDATE,SPECNUMBER,SPEEDRATING,SINGLOADINDEX,DUALLOADINDEX,BELTEDRADIALYN,TUBELESSYN,REINFORCEDYN,EXTRALOADYN,UTQGTREADWEAR,UTQGTRACTION,UTQGTEMP,MUDSNOWYN,RIMDIAMETER,SERIALDATE,BRANDDESC,LOADRANGE,MEARIMWIDTH,REGROOVABLEIND,PLANTPRODUCED,MOSTRECENTTESTDATE,IMARK,INFORMENUMBER,FECHADATE,TREADPATTERN,SPECIALPROTECTIVEBAND,NOMINALTIREWIDTH,ASPECTRADIO,TREADWEARINDICATORS,NAMEOFMANUFACTURER,FAMILY,DOTSERIALNUMBER) values (1171,'WL1759W166','759',3,2556,'LT265/75R16',null,'5992',null,null,null,null,null,null,null,null,null,null,null,null,null,'WILDCAT TOURING SLT',null,null,null,null,null,null, null,null,null,null,null,null,null,null,null,null);
Insert into PRODUCT (SKUID,SKU,BRANDCODE,TIRETYPEID,NPRID,SIZESTAMP,DISCONTINUEDDATE,SPECNUMBER,SPEEDRATING,SINGLOADINDEX,DUALLOADINDEX,BELTEDRADIALYN,TUBELESSYN,REINFORCEDYN,EXTRALOADYN,UTQGTREADWEAR,UTQGTRACTION,UTQGTEMP,MUDSNOWYN,RIMDIAMETER,SERIALDATE,BRANDDESC,LOADRANGE,MEARIMWIDTH,REGROOVABLEIND,PLANTPRODUCED,MOSTRECENTTESTDATE,IMARK,INFORMENUMBER,FECHADATE,TREADPATTERN,SPECIALPROTECTIVEBAND,NOMINALTIREWIDTH,ASPECTRADIO,TREADWEARINDICATORS,NAMEOFMANUFACTURER,FAMILY,DOTSERIALNUMBER) values (1172,'WL1759W956','759',3,2556,'LT235/75R15',null,'5989',null,null,null,null,null,null,null,null,null,null,null,null,null,'WILDCAT TOURING SLT',null,null,null,null,null,null, null,null,null,null,null,null,null,null,null,null);
Insert into PRODUCT (SKUID,SKU,BRANDCODE,TIRETYPEID,NPRID,SIZESTAMP,DISCONTINUEDDATE,SPECNUMBER,SPEEDRATING,SINGLOADINDEX,DUALLOADINDEX,BELTEDRADIALYN,TUBELESSYN,REINFORCEDYN,EXTRALOADYN,UTQGTREADWEAR,UTQGTRACTION,UTQGTEMP,MUDSNOWYN,RIMDIAMETER,SERIALDATE,BRANDDESC,LOADRANGE,MEARIMWIDTH,REGROOVABLEIND,PLANTPRODUCED,MOSTRECENTTESTDATE,IMARK,INFORMENUMBER,FECHADATE,TREADPATTERN,SPECIALPROTECTIVEBAND,NOMINALTIREWIDTH,ASPECTRADIO,TREADWEARINDICATORS,NAMEOFMANUFACTURER,FAMILY,DOTSERIALNUMBER) values (1173,'WL1759X970','759',3,31630,'LT235/80R17',null,'5272',null,null,null,null,null,null,null,null,null,null,null,null,null,'WILDCAT TOURING SLT',null,null,null,null,null,null, null,null,null,null,null,null,null,null,null,null);


select count(*) as Total_Product from product;

--Associate brands and regions
insert into brandregion(REGIONID,BRANDCODE)
select REGIONID, BRANDCODE 
from brand,region
where BRANDCODE not in ( select brandcode from brandregion);
